mech,hidden_feats,dropout,lr,weight_decay,epochs_per_batch,buffer_size,ewc_lam,si_c,aggregator,method,avg_acc,batch1_acc,batch2_acc,batch3_acc,batch4_acc,batch5_acc,batch6_acc
naive,64,0.3,0.001,0.0,10,5000,1000.0,5.0,mean,grid,0.6730069186342753,0.7677667984189723,0.7601838702444129,0.7091038660252984,0.6440278228769675,0.5900592495062541,0.5668999047337473
naive,64,0.3,0.001,0.0,10,5000,1000.0,5.0,pool,grid,0.48782325988930303,0.6116403162055336,0.6282233350773601,0.5038482095136291,0.41247244202143113,0.36984858459512837,0.40090667192273577
naive,64,0.3,0.001,0.0,15,5000,1000.0,5.0,mean,grid,0.6140736214758624,0.7986363636363636,0.755680544136333,0.6448779618742205,0.5776665014612138,0.4861257406188282,0.42145461712821525
naive,64,0.3,0.001,0.0,15,5000,1000.0,5.0,pool,grid,0.594700564593302,0.8409090909090909,0.7918566410045594,0.6561731694281133,0.5388717037239588,0.37371626069782754,0.36667652179626165
naive,64,0.3,0.001,0.0001,10,5000,1000.0,5.0,mean,grid,0.5908285227962574,0.7580237154150198,0.7420584498094028,0.6743987172634954,0.5348555021960931,0.4353686635944701,0.40026608849906375
naive,64,0.3,0.001,0.0001,10,5000,1000.0,5.0,pool,grid,0.45399247634857004,0.6072529644268775,0.6235705209656925,0.48743987172634956,0.3511014646317912,0.3012343647136274,0.35335567162708187
naive,64,0.3,0.001,0.0001,15,5000,1000.0,5.0,mean,grid,0.6722345944343046,0.8074110671936758,0.7773936766574482,0.7089078923926599,0.6232802966862064,0.5619321922317314,0.554482441444105
naive,64,0.3,0.001,0.0001,15,5000,1000.0,5.0,pool,grid,0.4775540920836486,0.8574703557312253,0.6794603483070484,0.5156778906110814,0.3557158238340198,0.27116524028966427,0.18583489372885253
naive,64,0.3,0.0005,0.0,10,5000,1000.0,5.0,mean,grid,0.46525395163334493,0.4902766798418972,0.4906383137753195,0.4736326385177267,0.4749542836634594,0.4476300197498354,0.41439177425183144
naive,64,0.3,0.0005,0.0,10,5000,1000.0,5.0,pool,grid,0.4809011443776965,0.628596837944664,0.5349241348381792,0.4895599501158026,0.4254610086647412,0.40615536537195523,0.4007095693308367
naive,64,0.3,0.0005,0.0,15,5000,1000.0,5.0,mean,grid,0.3338441561557204,0.5203359683794466,0.3417482622019583,0.29852128986281845,0.28930323176046346,0.2725806451612903,0.2805755395683453
naive,64,0.3,0.0005,0.0,15,5000,1000.0,5.0,pool,grid,0.4687343038933289,0.6661067193675889,0.6366880932805142,0.5703723499020131,0.42452104660502793,0.29539170506912443,0.21932590913570513
rehearsal,64,0.3,0.001,0.0,10,5000,1000.0,5.0,mean,grid,0.6722781498391573,0.6252964426877471,0.7024254428582106,0.7163014430785676,0.6946148719088066,0.656221198156682,0.6388095003449296
rehearsal,64,0.3,0.001,0.0,10,5000,1000.0,5.0,pool,grid,0.7438291810428176,0.7455335968379446,0.8043388893041333,0.7737395332264386,0.7194811409430383,0.6987820934825543,0.7210998324627969
rehearsal,64,0.3,0.001,0.0,15,5000,1000.0,5.0,mean,grid,0.6992830754597467,0.6604545454545454,0.7101801330443231,0.7303580972741849,0.709380821355938,0.69137590520079,0.6939489504286981
rehearsal,64,0.3,0.001,0.0,15,5000,1000.0,5.0,pool,grid,0.8207382318926664,0.8849407114624506,0.8987218775693251,0.8483342241225726,0.8035479295199357,0.7399605003291639,0.7489241483525508
rehearsal,64,0.3,0.001,0.0001,10,5000,1000.0,5.0,mean,grid,0.5035286628731808,0.31974308300395254,0.44220420061290083,0.5193123107072867,0.5671901970502281,0.5710829493087558,0.6016392365559607
rehearsal,64,0.3,0.001,0.0001,10,5000,1000.0,5.0,pool,grid,0.7836545917763903,0.8128458498023715,0.8316765079602362,0.8015856048458935,0.7637789892844326,0.7411125740618828,0.7509280247035248
rehearsal,64,0.3,0.001,0.0001,15,5000,1000.0,5.0,mean,grid,0.6231907242183076,0.48458498023715413,0.5716608117198595,0.6392838054516301,0.668022490728556,0.6787524687294273,0.696839788443218
rehearsal,64,0.3,0.001,0.0001,15,5000,1000.0,5.0,pool,grid,0.79914837609024,0.8633399209486166,0.8757380970177143,0.7919116337074649,0.7422282227880984,0.7332620144832126,0.7884103675963339
rehearsal,64,0.3,0.0005,0.0,10,5000,1000.0,5.0,mean,grid,0.6301320208732334,0.865909090909091,0.6287091710890201,0.5948868697666132,0.5814263497000667,0.5535714285714286,0.55628921520318
rehearsal,64,0.3,0.0005,0.0,10,5000,1000.0,5.0,pool,grid,0.4003967034323093,0.5229446640316205,0.4149786979594888,0.4294494922501336,0.4099089091313042,0.3380678077682686,0.2870306494530403
rehearsal,64,0.3,0.0005,0.0,15,5000,1000.0,5.0,mean,grid,0.6090176245857578,0.6900395256916996,0.6944465206667165,0.6015856048458934,0.5672072872694957,0.5453917050691244,0.5554351039716172
rehearsal,64,0.3,0.0005,0.0,15,5000,1000.0,5.0,pool,grid,0.5903964075378403,0.7151185770750988,0.5832087599970103,0.5882237662569036,0.551467195324116,0.5217577353522054,0.5826024112217075
ewc,64,0.3,0.001,0.0,10,5000,1000.0,5.0,mean,grid,0.5454626813703527,0.6392292490118577,0.6089020106136482,0.5552823801888473,0.5118691572812879,0.48447992100065834,0.4730133701258172
ewc,64,0.3,0.001,0.0,10,5000,1000.0,5.0,pool,grid,0.35778026572210964,0.6546245059288538,0.45898422901562147,0.3342953857117406,0.22827405875617385,0.23105661619486503,0.23944679872540323
ewc,64,0.3,0.001,0.0,15,5000,1000.0,5.0,mean,grid,0.6854825383927473,0.9210276679841897,0.7818409447641826,0.6999821842152146,0.6397552680600892,0.5520078999341672,0.51828126539864
ewc,64,0.3,0.001,0.0,15,5000,1000.0,5.0,pool,grid,0.6271977402885149,0.9188735177865612,0.826631287839151,0.5913949759486905,0.531950164920616,0.4343811718235681,0.4599553234125029
ewc,64,0.3,0.001,0.0001,10,5000,1000.0,5.0,mean,grid,0.4725970825747828,0.7468577075098815,0.5397264369534345,0.4471761981115268,0.3777451164698443,0.362771560236998,0.3613054761670116
ewc,64,0.3,0.001,0.0001,10,5000,1000.0,5.0,pool,grid,0.4658394502692767,0.5545059288537549,0.6453210254877046,0.49736326385177265,0.3932972160032813,0.3718729427254773,0.3326763246936697
ewc,64,0.3,0.001,0.0001,15,5000,1000.0,5.0,mean,grid,0.6117030000767467,0.6928853754940711,0.6874018984976455,0.6257616247995724,0.5664040469639225,0.558459512837393,0.5393055418678756
ewc,64,0.3,0.001,0.0001,15,5000,1000.0,5.0,pool,grid,0.5445897898472646,0.790098814229249,0.6887286045294865,0.535987885266346,0.4268794968639448,0.4346774193548387,0.39116651883972275
ewc,64,0.3,0.0005,0.0,10,5000,1000.0,5.0,mean,grid,0.3336070347128857,0.5200395256916996,0.5120150982883623,0.3580616426153572,0.2650009399620597,0.17323897300855826,0.17328602871127755
ewc,64,0.3,0.0005,0.0,10,5000,1000.0,5.0,pool,grid,0.6006254697050001,0.7460671936758894,0.7261940354286569,0.6471940138963121,0.5842291456599388,0.4669354838709677,0.4331329456982359
ewc,64,0.3,0.0005,0.0,15,5000,1000.0,5.0,mean,grid,0.20736210357369236,0.26717391304347826,0.2546528141116675,0.214929627650098,0.1936663647394596,0.16984858459512836,0.14390131730232253
ewc,64,0.3,0.0005,0.0,15,5000,1000.0,5.0,pool,grid,0.37099294328481497,0.5599407114624506,0.5439494730547874,0.4317833600570105,0.32548322594978896,0.1869486504279131,0.17785223875693965
si,64,0.3,0.001,0.0,10,5000,1000.0,5.0,mean,grid,0.5353082278139047,0.5902964426877471,0.5872075640929816,0.5297701763762693,0.5121084203510331,0.49476629361421987,0.4977004697611774
si,64,0.3,0.001,0.0,10,5000,1000.0,5.0,pool,grid,0.48028431936483734,0.6091304347826086,0.665875625981015,0.5544984856582933,0.44822518072906875,0.34654377880184334,0.2574324102361946
si,64,0.3,0.001,0.0,15,5000,1000.0,5.0,mean,grid,0.5409667120473431,0.5836956521739131,0.5944390462665371,0.537270621770889,0.5139712542511921,0.5074391046741277,0.5089845931473999
si,64,0.3,0.001,0.0,15,5000,1000.0,5.0,pool,grid,0.5870781469996167,0.7827865612648222,0.8080013453920323,0.6532513807233209,0.5706424213422658,0.41392363396971693,0.2938635393055419
si,64,0.3,0.001,0.0001,10,5000,1000.0,5.0,mean,grid,0.5508130095496522,0.7439525691699604,0.7124598250990358,0.6238909673971138,0.49597525336250065,0.3900921658986175,0.3385072763706843
si,64,0.3,0.001,0.0001,10,5000,1000.0,5.0,pool,grid,0.46991973801582637,0.6200592885375494,0.6525525076612602,0.5233208622839836,0.38789670671474713,0.3198485845951284,0.3158404783022897
si,64,0.3,0.001,0.0001,15,5000,1000.0,5.0,mean,grid,0.5280181581445677,0.6264624505928854,0.5785933178862396,0.5238197042579725,0.48498624237348964,0.4793449637919684,0.47490226996485
si,64,0.3,0.001,0.0001,15,5000,1000.0,5.0,pool,grid,0.3723030599318027,0.6127865612648221,0.44758576874205847,0.3430785676109033,0.25754960436142393,0.2975148123765635,0.27530304523504484
si,64,0.3,0.0005,0.0,10,5000,1000.0,5.0,mean,grid,0.27578286359351095,0.589802371541502,0.32136183571268406,0.2101906288972029,0.1926067711448738,0.17756747860434496,0.16316809566045792
si,64,0.3,0.0005,0.0,10,5000,1000.0,5.0,pool,grid,0.6343905277898859,0.716897233201581,0.7188130652515136,0.6975057901300552,0.6404901474885922,0.5491935483870968,0.483443382280477
si,64,0.3,0.0005,0.0,15,5000,1000.0,5.0,mean,grid,0.43266792352043965,0.7409288537549407,0.5310748187457957,0.4116337074648138,0.35038367542255566,0.27755102040816326,0.28443546532636904
si,64,0.3,0.0005,0.0,15,5000,1000.0,5.0,pool,grid,0.5565787500179263,0.7318577075098814,0.658831003811944,0.5547835382148584,0.4863705501341582,0.47796247531270575,0.4296672251240104
gen_replay,64,0.3,0.001,0.0,10,5000,1000.0,5.0,mean,grid,0.5769136909313023,0.4508695652173913,0.5050452201210853,0.5869766613219313,0.6366790285919368,0.6339861751152074,0.6479254952202621
gen_replay,64,0.3,0.001,0.0,10,5000,1000.0,5.0,pool,grid,0.7350904322593301,0.7862252964426878,0.8320875999701024,0.7907714234812043,0.7221984858065729,0.6466754443712969,0.6325843434841169
gen_replay,64,0.3,0.001,0.0,15,5000,1000.0,5.0,mean,grid,0.7925297507474595,0.8143083003952569,0.8297144779131475,0.7843399251737039,0.7574726983747202,0.7766129032258065,0.7927301994021222
gen_replay,64,0.3,0.001,0.0,15,5000,1000.0,5.0,pool,grid,0.7193934046301447,0.6493478260869565,0.7963225951117423,0.7522715125601283,0.6826004477637448,0.7006089532587229,0.7352090929995729
gen_replay,64,0.3,0.001,0.0001,10,5000,1000.0,5.0,mean,grid,0.7165069253832771,0.7264426877470356,0.7553255101278122,0.7492250133618386,0.7165245330097585,0.6760039499670836,0.6755198580861338
gen_replay,64,0.3,0.001,0.0001,10,5000,1000.0,5.0,pool,grid,0.631772368813609,0.5956521739130435,0.645657373495777,0.6827721361125958,0.646505904670757,0.6137590520078999,0.6062875726815807
gen_replay,64,0.3,0.001,0.0001,15,5000,1000.0,5.0,mean,grid,0.662755425182948,0.5056126482213439,0.6215898049181553,0.6715481916978443,0.7203185616871465,0.7236339697169191,0.7338293748562794
gen_replay,64,0.3,0.001,0.0001,15,5000,1000.0,5.0,pool,grid,0.8114136683681088,0.9007312252964427,0.8853800732491217,0.8158738642437199,0.7426725684890537,0.7661454904542462,0.7576787884760685
gen_replay,64,0.3,0.0005,0.0,10,5000,1000.0,5.0,mean,grid,0.43309326676458365,0.5387154150197628,0.4056170117348083,0.4119543915909496,0.42540973800693865,0.3955398288347597,0.4213232154002825
gen_replay,64,0.3,0.0005,0.0,10,5000,1000.0,5.0,pool,grid,0.5091057484394433,0.6013833992094861,0.5006166380147993,0.5395866737929805,0.5012561311161622,0.456550362080316,0.45524128642291645
gen_replay,64,0.3,0.0005,0.0,15,5000,1000.0,5.0,mean,grid,0.5086590978047532,0.6687351778656127,0.6247477389939458,0.4731872438980937,0.43028045049817987,0.42091836734693877,0.43408560822574815
gen_replay,64,0.3,0.0005,0.0,15,5000,1000.0,5.0,pool,grid,0.6334233992465528,0.591798418972332,0.6581583077957994,0.7045608409050419,0.6369353818809496,0.5955892034233048,0.6134982425018889
naive,128,0.0,0.0001,0.0,10,5000,500.0,10.0,pool,random,0.1708793394122492,0.34349802371541505,0.16875327005007848,0.1527525387493319,0.1341240408114436,0.11764318630678078,0.10850497684044545
naive,256,0.3,0.0001,0.0,15,2000,2000.0,5.0,gcn,random,0.35027448529063054,0.5664426877470355,0.5105389042529337,0.31378941742383754,0.26195888093244235,0.22103357472021065,0.22788344666732369
naive,128,0.0,0.001,0.0,20,5000,1000.0,2.0,pool,random,0.5818084472027456,0.991798418972332,0.6164511547948277,0.46335293069659717,0.4645976107873464,0.533080974325214,0.4215695936401564
naive,64,0.5,0.001,0.0001,15,2000,1000.0,5.0,pool,random,0.3345754818499107,0.5844268774703557,0.5505082592121983,0.35667201140210225,0.20053663288499993,0.16925608953258722,0.14605302059722086
naive,256,0.5,0.0005,0.0001,20,2000,2000.0,5.0,mean,random,0.4319474205879401,0.5024308300395257,0.5502279692054712,0.41950828433992515,0.36044981457112096,0.3815997366688611,0.37746788870273645
naive,256,0.3,0.001,0.0001,20,10000,500.0,10.0,lstm,random,0.47586019192917184,0.993794466403162,0.47664249943942,0.33760912168181006,0.31892058175106386,0.4093153390388413,0.31887914326073385
naive,256,0.0,0.001,1e-05,20,10000,2000.0,10.0,pool,random,0.493415446672653,0.9981422924901185,0.40688765976530383,0.3069837876358454,0.4194110710440415,0.4041803818301514,0.4248874872704576
naive,128,0.5,0.0005,0.0001,10,10000,1000.0,2.0,gcn,random,0.4767986522828817,0.6871541501976285,0.6450594214814261,0.47594869053981825,0.40435458786936235,0.33838051349572085,0.309894550113334
naive,256,0.0,0.0005,0.0001,20,2000,500.0,10.0,pool,random,0.5248816570728548,0.9785177865612649,0.6040810224979445,0.3332798859789774,0.37470305744022697,0.43337722185648453,0.42533096810223053
naive,128,0.3,0.0001,0.0,20,10000,2000.0,10.0,mean,random,0.17100615149921924,0.3458300395256917,0.19752971074071307,0.15448066987350792,0.14114812093039153,0.09736668861092825,0.08968167931408298
naive,64,0.5,0.0005,1e-05,10,10000,1000.0,10.0,pool,random,0.47534114584846554,0.8226679841897233,0.5750990358023769,0.3948334224122573,0.37379727581904876,0.3499341672152732,0.33571498965211394
naive,64,0.0,0.0001,1e-05,15,2000,2000.0,10.0,lstm,random,0.1617574957979298,0.2791501976284585,0.2763846326332312,0.26223053625512205,0.09609830294122673,0.03173140223831468,0.02494990309122565
rehearsal,128,0.3,0.0001,0.0,20,5000,500.0,5.0,mean,random,0.40526114129924373,0.6566798418972332,0.4689625532551013,0.40612862996615,0.3602447319399108,0.2864713627386438,0.25307972799842315
rehearsal,128,0.0,0.001,0.0001,10,10000,1000.0,5.0,lstm,random,0.889175477431498,0.7930830039525691,0.9409148665819568,0.8934081596294317,0.9169586245791533,0.8908163265306123,0.8998718833152656
rehearsal,64,0.5,0.0001,1e-05,20,10000,500.0,2.0,pool,random,0.4192723656822895,0.5624703557312253,0.4955153598923686,0.45029396044895775,0.4078751730384701,0.3155859117840685,0.28389343319864657
rehearsal,64,0.3,0.0001,0.0001,10,2000,2000.0,10.0,gcn,random,0.34097779807181205,0.45217391304347826,0.4171089020106136,0.37935150543381435,0.3193478372327517,0.27518104015799866,0.20270359055221576
rehearsal,256,0.5,0.001,1e-05,15,10000,1000.0,5.0,gcn,random,0.8929475497376079,0.8972529644268775,0.9158008819792212,0.895991448423303,0.888007793139986,0.8754937458854509,0.8851384645708091
rehearsal,64,0.0,0.001,1e-05,20,2000,500.0,2.0,lstm,random,0.7803685752379067,0.9242885375494071,0.8751962030047089,0.7996793158738642,0.7196862235742485,0.7225806451612903,0.6407805262639203
rehearsal,256,0.3,0.0001,1e-05,15,10000,1000.0,2.0,gcn,random,0.5057839101021827,0.5369960474308301,0.49846774796322596,0.45861393194370215,0.5069642643515117,0.49489795918367346,0.5387635097401531
rehearsal,128,0.0,0.0005,0.0,15,2000,1000.0,10.0,pool,random,0.7296653980340438,0.8786166007905138,0.8317699379624786,0.7646534829859255,0.5587988993898791,0.7028801843317972,0.6412732827436681
rehearsal,128,0.5,0.0001,0.0,20,5000,2000.0,2.0,mean,random,0.39762375171040065,0.5728260869565217,0.4164735779953659,0.417103153393907,0.35303265940902023,0.3182356813693219,0.30807135113826745
rehearsal,256,0.5,0.001,1e-05,20,2000,2000.0,5.0,lstm,random,0.7107927238162973,0.98699604743083,0.7052844009268256,0.6117049706039551,0.6626219814400218,0.7123271889400922,0.5858217535560593
rehearsal,256,0.0,0.0001,0.0,20,2000,1000.0,5.0,lstm,random,0.771794608459166,0.7637154150197628,0.9065139397563345,0.8349011223944415,0.7828858544255123,0.7162771560236998,0.6264741631352452
rehearsal,128,0.0,0.0001,0.0001,15,2000,1000.0,2.0,gcn,random,0.2472371561914144,0.5475889328063241,0.40281411166753867,0.20489934081596295,0.18751388580315487,0.0771724818959842,0.06343418415952169
ewc,128,0.3,0.0001,1e-05,20,2000,500.0,5.0,pool,random,0.32869523977217,0.4984782608695652,0.4534718588833246,0.3138606805629788,0.24435595508690378,0.24400921658986174,0.21799546664038633
ewc,64,0.0,0.0001,0.0001,20,2000,2000.0,10.0,gcn,random,0.32749685746430446,0.6071343873517786,0.3984415875625981,0.2835916622127205,0.2937295985507494,0.19698815009874918,0.18509575900923098
ewc,128,0.0,0.0005,0.0,15,5000,500.0,2.0,mean,random,0.815936736144578,0.891205533596838,0.8910979893863518,0.8055407090682345,0.7535077675046571,0.7620473996050033,0.7922210177063829
ewc,128,0.5,0.0005,0.0,10,5000,2000.0,10.0,pool,random,0.5356906371387423,0.6769762845849803,0.6632222139173332,0.5969178692321396,0.5193034026626562,0.4078341013824885,0.34988995105285636
ewc,256,0.5,0.001,0.0,15,5000,1000.0,10.0,pool,random,0.47252241521877897,0.9823517786561264,0.46352492712459825,0.3345448066987351,0.31839078495377093,0.4079328505595787,0.32838934331986463
ewc,64,0.5,0.001,0.0001,20,5000,2000.0,2.0,mean,random,0.40424750126415643,0.503695652173913,0.46223559309365425,0.4092998396579369,0.39075077333242186,0.3432027649769585,0.3163003843500542
ewc,128,0.0,0.0001,0.0001,10,10000,500.0,10.0,mean,random,0.2601471237310813,0.4424703557312253,0.38263323118319753,0.20288615713522182,0.19282894399535147,0.17032587228439763,0.16973818205709404
ewc,64,0.0,0.0005,0.0001,20,5000,1000.0,5.0,gcn,random,0.37172443759008883,0.6559288537549407,0.5949435682786456,0.519276679137716,0.2120554406713038,0.15070770243581302,0.0974343812621136
ewc,128,0.5,0.0001,0.0,10,2000,1000.0,10.0,pool,random,0.4324970546665707,0.5269960474308301,0.5122393302937439,0.4667022982362373,0.42540973800693865,0.3559084924292298,0.30772642160244407
ewc,64,0.3,0.0005,0.0,15,10000,500.0,5.0,pool,random,0.4634105077143731,0.700790513833992,0.5787241198893789,0.450864065562088,0.4093449318954762,0.36473008558262016,0.2760093295226832
ewc,128,0.3,0.0001,0.0001,10,2000,2000.0,10.0,lstm,random,0.46210001010908536,0.718794466403162,0.6110695866656701,0.4813646891145555,0.4096012851844889,0.2857636603028308,0.26600637298380475
ewc,128,0.5,0.0005,0.0,10,5000,2000.0,5.0,pool,random,0.4337691960147619,0.6666403162055335,0.6311570371477689,0.5073044717619811,0.33377198229453287,0.2500164581961817,0.21372491048257283
si,128,0.0,0.0005,1e-05,15,10000,500.0,5.0,gcn,random,0.6615650925457376,0.81899209486166,0.6959787727034905,0.6356137537858543,0.6190077418693282,0.6156846609611587,0.5841135310929338
si,256,0.5,0.001,1e-05,15,10000,500.0,5.0,lstm,random,0.5353216452833638,0.9654940711462451,0.5827789819866955,0.47455905932656334,0.3373267479021756,0.42231731402238315,0.4294536973161197
si,128,0.5,0.0001,1e-05,15,10000,1000.0,2.0,lstm,random,0.33189310472330064,0.6657312252964427,0.3992077135809851,0.34933190807055053,0.2618734298361048,0.17114878209348255,0.14406556946223842
si,64,0.3,0.0001,0.0001,15,5000,500.0,2.0,lstm,random,0.17192556797279748,0.5160869565217391,0.15780327378727857,0.09388918581863531,0.09558559636320134,0.08726135615536537,0.08092703919056536
si,256,0.3,0.0001,0.0001,20,10000,2000.0,2.0,lstm,random,0.30524997056929926,0.5075494071146245,0.4030570296733687,0.2603955104222341,0.21036350896382,0.2219716919025675,0.22816267533918072
si,256,0.5,0.0005,0.0001,10,5000,1000.0,5.0,lstm,random,0.6631691835944827,0.8477272727272728,0.8249308617983406,0.6412969891323713,0.5711038572624887,0.5511191573403555,0.5428369633060675
si,128,0.3,0.001,0.0,15,10000,2000.0,5.0,pool,random,0.5054933315394321,0.963300395256917,0.6477502055460049,0.5431676465348299,0.33414796711841815,0.20457537853851218,0.3400183962419106
si,128,0.3,0.0005,0.0001,20,10000,1000.0,10.0,mean,random,0.5314011523597727,0.7010276679841897,0.5683907616413783,0.506182077320506,0.4859774750910054,0.46884463462804477,0.45798429749351205
si,64,0.5,0.0001,0.0001,10,2000,2000.0,2.0,mean,random,0.31291256101718185,0.5661067193675889,0.3342178040212273,0.3186887582398005,0.2785876642797327,0.20093811718235682,0.1789363030123846
si,256,0.5,0.0001,0.0001,20,5000,500.0,10.0,mean,random,0.34022046256890337,0.5996837944664032,0.47094326930263847,0.4199714947443435,0.20639857809375695,0.1740454246214615,0.17028021418481654
si,128,0.3,0.0005,0.0001,15,10000,2000.0,10.0,gcn,random,0.42056449814553093,0.5458893280632411,0.5183683384408401,0.43440228042045254,0.38427358023003433,0.3367840684660961,0.3036693932525213
si,256,0.0,0.0001,0.0001,20,5000,2000.0,2.0,lstm,random,0.47628429224230356,0.7091897233201581,0.5435196950444727,0.4104400498841974,0.40459385093910755,0.38108953258722844,0.4088729016786571
gen_replay,256,0.3,0.0005,0.0,10,10000,1000.0,10.0,pool,random,0.8854104552105423,0.9050197628458498,0.9448202406756858,0.8929983965793693,0.8364466016098987,0.8469387755102041,0.8862389540422456
gen_replay,256,0.3,0.0005,0.0,10,2000,1000.0,2.0,mean,random,0.7563237788363025,0.7837944664031621,0.7993497271843935,0.7685907714234812,0.7448259361167604,0.7229921000658328,0.7183896718241845
gen_replay,64,0.5,0.0001,1e-05,10,10000,500.0,10.0,gcn,random,0.14546809742676112,0.3401383399209486,0.14918902758053665,0.14450383039372885,0.12113547416813358,0.06107636603028308,0.05676554646693604
gen_replay,128,0.5,0.0005,1e-05,15,5000,1000.0,5.0,mean,random,0.7139929488814017,0.667292490118577,0.7266985574407654,0.7269018350258329,0.7329311435065712,0.7081797235023042,0.7219539436943596
gen_replay,64,0.0,0.0001,0.0001,20,2000,1000.0,5.0,pool,random,0.22339734763252403,0.34800395256916994,0.326836833844084,0.25296632816675574,0.1985883478885034,0.10701119157340355,0.10697743175322756
gen_replay,128,0.5,0.001,1e-05,15,10000,2000.0,2.0,pool,random,0.8676931905166022,0.9262845849802371,0.8976941475446596,0.8860146089435239,0.8074615897321963,0.8663100724160632,0.8223941394829342
gen_replay,128,0.0,0.001,0.0001,20,5000,2000.0,10.0,mean,random,0.8975290019435801,0.9731422924901186,0.9411951565886838,0.8742918225547835,0.8845726590672158,0.8629855167873601,0.8489865641733189
gen_replay,256,0.3,0.001,0.0,10,5000,500.0,5.0,pool,random,0.8275406833804918,0.9745652173913043,0.8565102025562449,0.7847853197933369,0.7316322868422401,0.8518104015799869,0.7659406721198384
gen_replay,64,0.5,0.0005,0.0,10,5000,2000.0,2.0,gcn,random,0.35641115370564064,0.545,0.411484415875626,0.38779618742205596,0.3095551415924666,0.24028966425279788,0.24434151309089713
gen_replay,128,0.5,0.001,0.0001,10,10000,500.0,10.0,gcn,random,0.7213278857904188,0.5945652173913043,0.6660064279841543,0.7183502583288793,0.770290362825355,0.7767610269914418,0.8019940212213791
gen_replay,64,0.0,0.0001,1e-05,15,5000,500.0,2.0,pool,random,0.3816729710113793,0.5025098814229249,0.45272441886538606,0.3722786388740424,0.3919470886811478,0.269815668202765,0.3007621300220098
gen_replay,256,0.5,0.001,0.0,20,2000,2000.0,2.0,gcn,random,0.791425408140685,0.9338339920948616,0.9020292996487032,0.7954926064493141,0.736554269991284,0.7152732060566162,0.6653690746033311
naive,64,0.3,0.0005,1e-05,15,5000,500.0,10.0,pool,bayes,0.3588044847661611,0.5634782608695652,0.5271507586516182,0.3935685016924996,0.27436638012065695,0.20918367346938777,0.18507933379323938
naive,128,0.3,0.0001,0.0001,20,10000,500.0,10.0,pool,bayes,0.4210468304764883,0.5312648221343873,0.4664399431945586,0.3863174772848744,0.38516227163194505,0.3733377221856485,0.3837587464275155
naive,256,0.3,0.0005,0.0001,10,10000,500.0,5.0,lstm,bayes,0.6372205912687995,0.6849407114624506,0.8511846924284326,0.6978442900409763,0.504810896723805,0.5339697169190257,0.5505732400381065
naive,128,0.0,0.001,0.0001,20,2000,1000.0,2.0,pool,bayes,0.5389566951099818,0.996798418972332,0.45818073099633755,0.3515054338143595,0.5213371387554903,0.4436635944700461,0.4622548536513255
naive,64,0.5,0.0005,0.0001,20,2000,500.0,2.0,lstm,bayes,0.4229431335866316,0.6172134387351779,0.5838067120113611,0.42022091573133796,0.33601080101857705,0.2978275181040158,0.28257941591931934
naive,256,0.5,0.0001,1e-05,10,10000,2000.0,10.0,pool,bayes,0.4011370884747107,0.6189328063241106,0.5327378727857089,0.445626224835204,0.3384205219352964,0.28541803818301514,0.18568706678492822
naive,128,0.0,0.001,0.0001,15,10000,1000.0,2.0,gcn,bayes,0.8106270176781426,0.8849802371541502,0.8934150534419613,0.8319437021200784,0.7741698425990805,0.7450625411454904,0.7341907296080944
naive,128,0.0,0.001,1e-05,15,10000,1000.0,2.0,lstm,bayes,0.764454776790359,0.9889130434782609,0.8328537259884894,0.723285230714413,0.7069369200006836,0.7018433179723502,0.6328964225879571
naive,128,0.5,0.001,1e-05,15,5000,1000.0,10.0,pool,bayes,0.46672552076965523,0.9034189723320158,0.6169183048060393,0.4309460181721005,0.28339001589390395,0.30916721527320606,0.25651259814066557
naive,128,0.3,0.0001,0.0001,15,10000,1000.0,2.0,lstm,bayes,0.26293255812806954,0.5404545454545454,0.44057851857388447,0.18733297701763763,0.157281287918924,0.13196181698485845,0.11998620281856706
naive,128,0.0,0.0005,0.0001,15,5000,2000.0,10.0,lstm,bayes,0.6179828479334568,0.8028656126482213,0.758296584199118,0.6081774452164618,0.5459128740621743,0.49333443054641213,0.4993101409283532
naive,128,0.3,0.0005,1e-05,20,5000,1000.0,10.0,gcn,bayes,0.6734431150342726,0.8351581027667985,0.7495328499887884,0.6415464101193658,0.6282706407123203,0.600213956550362,0.5859367300680004
naive,256,0.3,0.0005,1e-05,15,5000,1000.0,5.0,gcn,bayes,0.6293628050766368,0.7466403162055336,0.6846550564317213,0.5932834491359344,0.5621656725855793,0.5739302172481896,0.6155021188528629
naive,128,0.3,0.0005,1e-05,15,10000,1000.0,10.0,gcn,bayes,0.6672330607546931,0.8149802371541502,0.7172621272142911,0.6533226438624622,0.6370208329772871,0.6084265964450296,0.5723859268749384
naive,64,0.0,0.0005,1e-05,15,10000,1000.0,2.0,lstm,bayes,0.5657373131498892,0.8737154150197628,0.6797406383137753,0.5775342953857118,0.4838924683403688,0.3935977616853193,0.38594330015439704
rehearsal,64,0.3,0.001,0.0,10,10000,1000.0,2.0,pool,bayes,0.7074239264416228,0.5125296442687747,0.676265042230361,0.7677534295385712,0.7782373147847487,0.7548716260697828,0.7548865017574982
rehearsal,128,0.3,0.0001,0.0,10,5000,500.0,5.0,mean,bayes,0.23822544407737156,0.6330237154150198,0.1771619702518873,0.17014074469980403,0.17363662775793415,0.13336076366030283,0.14202884267928123
rehearsal,128,0.5,0.0001,0.0,20,2000,1000.0,2.0,lstm,bayes,0.46362490219032715,0.6101581027667984,0.537129082891098,0.5039194726527704,0.47336489327158066,0.330348913759052,0.32682894780066357
rehearsal,64,0.3,0.0001,0.0,10,10000,500.0,10.0,gcn,bayes,0.2603827492056638,0.5234387351778657,0.3380110621122655,0.27217174416533046,0.16140003076239468,0.13304805793285057,0.13422686508327583
rehearsal,256,0.5,0.0005,0.0,15,10000,1000.0,2.0,mean,bayes,0.8168683901323295,0.6983399209486166,0.8472606323342552,0.8535542490646713,0.8442055611573497,0.8214944042132982,0.8363555730757859
rehearsal,64,0.5,0.0005,1e-05,20,10000,2000.0,2.0,gcn,bayes,0.517787117211098,0.6815415019762846,0.3593317886239629,0.4380010689470871,0.49382188573479396,0.5475312705727452,0.5864951874117145
rehearsal,64,0.3,0.0001,1e-05,15,10000,1000.0,2.0,pool,bayes,0.2921028883610468,0.4684387351778656,0.41056880185365124,0.2690361660431142,0.22008784372703502,0.1988808426596445,0.18560494070497027
rehearsal,64,0.5,0.0005,1e-05,10,10000,1000.0,2.0,mean,bayes,0.4985298290479104,0.5658498023715415,0.5066148441587562,0.5250311776233743,0.48044024404833113,0.4512672811059908,0.4619756249794685
rehearsal,256,0.5,0.0001,0.0001,15,10000,2000.0,5.0,lstm,bayes,0.7574422670699342,0.7277272727272728,0.7513080200313925,0.7580260110457866,0.7626339445935091,0.7635615536537196,0.7813968003679248
rehearsal,64,0.5,0.0001,1e-05,15,5000,2000.0,5.0,lstm,bayes,0.3647021466187111,0.6025296442687748,0.4972718439345242,0.34591127739176913,0.2618563396168373,0.24224818959842,0.23839558490194146
rehearsal,256,0.3,0.0005,0.0001,15,10000,2000.0,5.0,lstm,bayes,0.9025367486977345,0.9619762845849802,0.9459600867030421,0.890753607696419,0.855570556970246,0.8751152073732719,0.8858447488584474
rehearsal,64,0.3,0.0001,0.0001,15,10000,1000.0,5.0,lstm,bayes,0.20971278356601677,0.25114624505928856,0.2622393302937439,0.23144486014608945,0.20607386392767418,0.15120144832126398,0.15617095364804048
rehearsal,256,0.5,0.0005,0.0,15,5000,1000.0,5.0,gcn,bayes,0.8036846226341833,0.7647233201581027,0.8230622617534943,0.829306965971851,0.8164852255054432,0.794107965766952,0.794421996649256
rehearsal,128,0.3,0.0001,1e-05,15,10000,2000.0,5.0,pool,bayes,0.32379388024480676,0.43361660079051384,0.25719411017265864,0.278050953144486,0.308068292516193,0.32184002633311387,0.34399329851187543
rehearsal,256,0.5,0.0005,0.0001,20,10000,2000.0,10.0,gcn,bayes,0.8351355969165851,0.7474308300395257,0.8459339263024143,0.854373775164796,0.865995590723429,0.8409150757077024,0.8561643835616438
ewc,64,0.3,0.0005,1e-05,20,10000,500.0,10.0,mean,bayes,0.4846362730231866,0.5846442687747035,0.5394087749458106,0.5117762337430963,0.48378992702476376,0.41882817643186304,0.36937025721888245
ewc,64,0.3,0.0005,0.0,10,2000,1000.0,2.0,lstm,bayes,0.4524136310371834,0.7026086956521739,0.5110060542641452,0.43148049171566005,0.3700716080187309,0.3499341672152732,0.34938076935711704
ewc,64,0.0,0.001,0.0001,20,5000,1000.0,2.0,gcn,bayes,0.5093435512674834,0.5546640316205533,0.4930488078331714,0.4994833422412257,0.5480833319091484,0.5107965766951942,0.4499852173056076
ewc,64,0.3,0.0001,0.0001,15,5000,500.0,2.0,lstm,bayes,0.2400258405652158,0.5063636363636363,0.3059645713431497,0.2643506146445751,0.14258369934886264,0.1260533245556287,0.09483919713544234
ewc,128,0.5,0.0005,1e-05,15,5000,1000.0,10.0,gcn,bayes,0.4522043216787301,0.6399407114624506,0.5580760893938261,0.44687332977017635,0.4066104968126741,0.3455727452271231,0.3161525574061299
ewc,128,0.5,0.001,0.0001,20,5000,1000.0,10.0,mean,bayes,0.7033809154734668,0.8748221343873518,0.8459152403019657,0.6799572421165152,0.6318254063199631,0.6027649769585254,0.5850004927564797
ewc,64,0.5,0.001,0.0001,20,5000,1000.0,5.0,gcn,bayes,0.4810032379237547,0.7312252964426877,0.6109761566634277,0.4533939070016034,0.41496761403448806,0.3454081632653061,0.3300482901350153
ewc,128,0.5,0.0005,1e-05,20,10000,1000.0,10.0,gcn,bayes,0.6183145083630617,0.7595652173913043,0.7460759399058225,0.6521646178514163,0.5919197443303198,0.4881500987491771,0.47201143195033013
ewc,128,0.5,0.0005,1e-05,15,5000,1000.0,10.0,gcn,bayes,0.5353851022517985,0.6976482213438735,0.5858621720606921,0.5192588633529307,0.48925879719036797,0.47248189598420015,0.44780066357872605
ewc,128,0.5,0.0005,0.0001,20,5000,1000.0,10.0,pool,bayes,0.5563626047973388,0.9189130434782609,0.8086366694072801,0.4705683235346517,0.4623929725018372,0.3653884134298881,0.31227620643211457
ewc,128,0.5,0.0005,0.0001,20,10000,1000.0,10.0,pool,bayes,0.38225809367748714,0.7297430830039525,0.5248336945960087,0.33393907001603423,0.31910857416300653,0.2281435154707044,0.15778062481521632
ewc,256,0.5,0.0005,1e-05,20,10000,1000.0,10.0,gcn,bayes,0.641231474409805,0.705296442687747,0.6625495179011884,0.5904863709246392,0.614273751132227,0.6338051349572087,0.6409776288558194
ewc,128,0.5,0.001,0.0001,15,5000,1000.0,10.0,mean,bayes,0.6378731576504578,0.7170750988142293,0.7447118618730847,0.659665063246036,0.5988754635721977,0.5654377880184331,0.5414736703787655
ewc,128,0.5,0.0001,1e-05,20,5000,2000.0,5.0,lstm,bayes,0.3801485582193607,0.5469762845849803,0.46866357724792584,0.36602529841439513,0.34669218806077284,0.3063528637261356,0.24618113728195526
ewc,64,0.3,0.0001,1e-05,20,10000,1000.0,10.0,mean,bayes,0.22655274236046927,0.6635770750988143,0.258819792211675,0.13981827899518973,0.11293216891972724,0.1031599736668861,0.0810091652705233
si,64,0.5,0.0001,1e-05,15,5000,500.0,5.0,mean,bayes,0.2832422033834816,0.49806324110671935,0.3192503176620076,0.28719045073935506,0.23671662707432536,0.1878373930217248,0.17039519069675765
si,128,0.0,0.0001,1e-05,15,5000,2000.0,5.0,lstm,bayes,0.3138383794960576,0.5738339920948616,0.38683758128410195,0.2673971138428648,0.27351186915728126,0.22476958525345622,0.15668013534377978
si,256,0.5,0.0001,0.0,20,10000,500.0,5.0,mean,bayes,0.47049798510387203,0.6613438735177866,0.6098923686374168,0.45093532870122927,0.3998940406405414,0.3487820934825543,0.35214020564370424
si,256,0.3,0.0005,1e-05,20,10000,1000.0,5.0,pool,bayes,0.4879623412908416,0.9818181818181818,0.4658046191793109,0.2928024229467308,0.3198263633722421,0.4467412771560237,0.42078118327256003
si,64,0.0,0.0001,0.0001,15,5000,2000.0,5.0,gcn,bayes,0.32360648184599167,0.597707509881423,0.3083190073996562,0.28763584535898806,0.29507972587288295,0.23986175115207373,0.21303505141092605
si,128,0.5,0.0005,1e-05,15,10000,2000.0,5.0,pool,bayes,0.43513553227796087,0.7120158102766798,0.6744338141864116,0.3837163727062177,0.25076478731222124,0.25590849242922975,0.33397391675700533
si,64,0.3,0.0005,0.0001,20,10000,1000.0,5.0,gcn,bayes,0.5262638511500193,0.6319565217391304,0.5980267583526422,0.5657758774274007,0.48889990258575017,0.4537853851217907,0.419138661673401
si,128,0.5,0.0005,1e-05,15,10000,2000.0,5.0,mean,bayes,0.5414002564163259,0.6926679841897233,0.658382539801181,0.5691074291822554,0.4925742997282655,0.4280118499012508,0.4076574356952794
si,64,0.3,0.0005,1e-05,15,10000,1000.0,5.0,pool,bayes,0.4661160728004347,0.7089328063241107,0.6082666865984004,0.46951719223231786,0.38916138294054314,0.3415075707702436,0.27931079793699287
si,64,0.3,0.0005,1e-05,20,10000,2000.0,10.0,mean,bayes,0.22594038395899105,0.28758893280632414,0.30901038941624936,0.22675930874755032,0.2104831404986926,0.17918038183015142,0.14262015045497847
si,256,0.3,0.0005,1e-05,20,10000,1000.0,10.0,pool,bayes,0.5106784084662075,0.9726086956521739,0.4495851707900441,0.39203634420096206,0.41043870592859705,0.44626398946675444,0.3931375447587136
si,128,0.3,0.0001,1e-05,20,5000,1000.0,5.0,mean,bayes,0.25755298162477136,0.7854743083003952,0.24269377382465057,0.13534651701407446,0.12287867653341993,0.12990454246214614,0.12902007161394172
si,64,0.3,0.0001,0.0001,15,10000,2000.0,10.0,lstm,bayes,0.2316346920647083,0.5643478260869565,0.20461170491068092,0.17071084981293427,0.15890485874933774,0.14624753127057274,0.1449853815577675
si,256,0.5,0.0001,1e-05,20,10000,1000.0,5.0,mean,bayes,0.3417337719008453,0.5392490118577075,0.5158457283802975,0.28907892392659895,0.265376924785945,0.22093482554312047,0.2199172169114024
si,64,0.3,0.0001,1e-05,20,5000,2000.0,10.0,pool,bayes,0.22177088168346862,0.3974505928853755,0.3774758950594215,0.17552111170497062,0.13350879291781315,0.12045753785385122,0.1262113596793798
gen_replay,64,0.5,0.0001,1e-05,10,10000,1000.0,10.0,mean,bayes,0.16675570787262414,0.6352569169960475,0.10779953658718888,0.0937822911099234,0.07764086613231248,0.0424456879526004,0.04360894845767222
gen_replay,256,0.0,0.0005,0.0001,15,5000,1000.0,5.0,gcn,bayes,0.8754885918110556,0.8107114624505929,0.9235368861648853,0.9103509709602708,0.900432382547468,0.8553982883475971,0.8525015603955192
gen_replay,128,0.5,0.0005,1e-05,10,10000,2000.0,5.0,mean,bayes,0.49912294532635365,0.4382411067193676,0.4615255250766126,0.4577944058435774,0.5066224599661614,0.5442560895325872,0.5862980848198154
gen_replay,64,0.0,0.0005,1e-05,10,10000,500.0,10.0,pool,bayes,0.741456521496845,0.5578656126482213,0.6660811719859481,0.7403527525387493,0.8034795686428657,0.8377715602369981,0.8431884629282875
gen_replay,64,0.3,0.0005,1e-05,15,2000,2000.0,10.0,mean,bayes,0.7043403939220747,0.7141699604743083,0.7328462515883101,0.7230536255122039,0.7258387025105532,0.6738314680710994,0.6563023553759731
gen_replay,256,0.5,0.0005,1e-05,20,5000,2000.0,10.0,lstm,bayes,0.8535132252519371,0.9684782608695652,0.9253120562074894,0.8103866025298414,0.7879958299864988,0.8286208031599737,0.8002857987582537
gen_replay,256,0.5,0.0005,1e-05,20,5000,1000.0,10.0,gcn,bayes,0.7936836737753888,0.6843873517786562,0.8248374317960984,0.8352396223053625,0.8303795737699314,0.7987327188940092,0.788525344108275
gen_replay,256,0.0,0.0001,0.0001,15,5000,1000.0,5.0,pool,bayes,0.8100872160638323,0.8514822134387352,0.8581171985948127,0.811313023338678,0.7885598072223267,0.7630348913759052,0.7880161624125357
gen_replay,128,0.5,0.0005,0.0001,20,5000,2000.0,5.0,lstm,bayes,0.7362071270457946,0.623596837944664,0.7948277150758651,0.7688936397648316,0.7365029993334814,0.7417379855167874,0.751683584639138
gen_replay,64,0.5,0.0005,0.0001,20,5000,1000.0,10.0,pool,bayes,0.533032382444175,0.49302371541501977,0.540193586964646,0.5579903794762159,0.5737186608104182,0.5280283080974325,0.5052396439013173
gen_replay,256,0.3,0.0005,0.0001,15,5000,1000.0,10.0,gcn,bayes,0.7690694313192871,0.5862055335968379,0.7977427311458255,0.830696597185106,0.799360825799395,0.8050526662277815,0.7953582339607765
gen_replay,256,0.5,0.0005,0.0001,15,5000,1000.0,10.0,lstm,bayes,0.8429091404170289,0.9393280632411067,0.914586291950071,0.8415285943345805,0.7881667321791739,0.7855826201448322,0.7882625406524095
gen_replay,128,0.3,0.0001,0.0001,15,5000,1000.0,10.0,lstm,bayes,0.5475470807805647,0.5593873517786562,0.5257119366170865,0.5281489399608053,0.5599268538615351,0.5518268597761685,0.5602805426891364
gen_replay,128,0.5,0.0005,0.0001,20,5000,1000.0,10.0,pool,bayes,0.7896090841632422,0.853596837944664,0.8601913446445922,0.7729378229110992,0.7374771418317297,0.7782422646477946,0.7352090929995729
gen_replay,64,0.5,0.0001,1e-05,15,10000,1000.0,5.0,pool,bayes,0.34354503373899875,0.4408300395256917,0.36460124075042977,0.35002672367717796,0.3439235725394357,0.28609282422646476,0.27579580171479257
naive,256,0.0,0.0005,0.0,1,10000,500.0,2.0,lstm,hyperband,0.5203701466702191,0.780098814229249,0.5118656102847746,0.4898093711027971,0.44993420265582007,0.4443054641211323,0.4462074176275418
naive,256,0.0,0.0005,0.0001,1,2000,1000.0,5.0,pool,hyperband,0.45918760086521,0.538893280632411,0.49872935196950446,0.46803848209513627,0.4347922683848034,0.4088051349572087,0.40586708715219605
naive,128,0.3,0.001,0.0001,1,2000,2000.0,10.0,pool,hyperband,0.409826655881925,0.5268379446640317,0.49147918379550043,0.3765187956529485,0.3627057235144327,0.3503949967083608,0.3510232909562761
naive,256,0.5,0.0001,0.0001,1,5000,500.0,5.0,gcn,hyperband,0.4086070428090715,0.6413833992094862,0.47847372748336947,0.38683413504364866,0.34934117204723736,0.3026003949967084,0.2930094280739792
naive,128,0.0,0.0001,0.0,1,2000,1000.0,2.0,gcn,hyperband,0.40482319261279964,0.86300395256917,0.6569063457657524,0.406182077320506,0.1811050535778374,0.1662277814351547,0.15551394500837687
naive,64,0.5,0.001,0.0,1,2000,1000.0,5.0,mean,hyperband,0.3550603904858696,0.5508498023715415,0.43205770236938484,0.37402458578300374,0.2916616820193803,0.2543778801843318,0.22739069018757596
naive,256,0.0,0.0005,1e-05,1,5000,1000.0,5.0,pool,hyperband,0.3545553332497657,0.4736166007905138,0.38599671126392104,0.3371459112773918,0.3197067318373695,0.30939763001974985,0.30146841430964816
naive,256,0.0,0.0001,0.0001,1,10000,500.0,2.0,lstm,hyperband,0.3351540425624088,0.7632411067193676,0.538381044921145,0.43445572777480845,0.20945772734264181,0.03271889400921659,0.03266975460727309
naive,256,0.0,0.001,1e-05,1,2000,500.0,2.0,pool,hyperband,0.32889358127448953,0.4624308300395257,0.33233051797593244,0.3124354177801532,0.325585767265394,0.27481895984200133,0.26575999474393086
naive,128,0.0,0.001,0.0001,3,2000,2000.0,10.0,lstm,hyperband,0.5915913434326274,0.6483201581027668,0.6328014051872337,0.6029039729200071,0.5584741852237964,0.5353851217906518,0.5716632173713084
naive,128,0.0,0.001,0.0,3,5000,500.0,5.0,mean,hyperband,0.5791842780445473,0.568102766798419,0.5833769340010464,0.5818635310885445,0.5763676447968827,0.5702106649111257,0.5951841266712657
naive,256,0.0,0.001,1e-05,3,10000,1000.0,10.0,mean,hyperband,0.5042535444804069,0.5860079051383399,0.4937028178488676,0.5165864956351327,0.495821441389093,0.5198156682027649,0.4135869386682435
naive,64,0.3,0.001,0.0,3,10000,1000.0,2.0,lstm,hyperband,0.49934388810658703,0.6401383399209486,0.5289819866955677,0.513646891145555,0.46321330302667785,0.4323074391046741,0.417775368746099
naive,256,0.5,0.001,0.0,3,10000,1000.0,10.0,gcn,hyperband,0.49768938691748127,0.607509881422925,0.6073323865759773,0.5328879387137003,0.4856698511441902,0.3941737985516787,0.35856246509641604
naive,128,0.3,0.001,0.0,3,5000,1000.0,5.0,gcn,hyperband,0.431024755499195,0.6684387351778656,0.5039614320950744,0.48858008195261,0.3885119546083776,0.2763166556945359,0.2603396734667061
naive,256,0.3,0.001,0.0,9,10000,2000.0,5.0,mean,hyperband,0.7245019418717208,0.8124505928853755,0.8320315419687571,0.7390878318189916,0.6938970826995711,0.6509381171823568,0.6186064846752735
naive,256,0.0,0.001,0.0,9,2000,1000.0,10.0,pool,hyperband,0.5809421495310323,0.9930830039525692,0.779598624710367,0.44379119900231606,0.3808384461572642,0.4181533903884134,0.47018823297526363
naive,128,0.0,0.0005,0.0001,27,2000,2000.0,2.0,gcn,hyperband,0.8325726842498463,0.9601778656126482,0.9014687196352492,0.8084803135578122,0.7906448139729633,0.7740783410138249,0.7605860517065799
rehearsal,256,0.0,0.0005,1e-05,1,5000,500.0,2.0,lstm,hyperband,0.8476228099829877,0.9208893280632411,0.894293295463039,0.8321931231070728,0.7994462768957326,0.8230579328505596,0.8158569035182812
rehearsal,128,0.0,0.001,1e-05,1,2000,500.0,10.0,pool,hyperband,0.6616324161803094,0.8808300395256917,0.6529822856715749,0.6336718332442544,0.6140686685010168,0.5945029624753128,0.5937387076640058
rehearsal,256,0.3,0.001,1e-05,1,2000,2000.0,5.0,lstm,hyperband,0.5166821911089383,0.5247035573122529,0.5154720083713282,0.5299483342241226,0.5016492061593151,0.5014812376563529,0.5268388029302585
rehearsal,256,0.3,0.001,0.0001,1,5000,1000.0,10.0,gcn,hyperband,0.3926612060025605,0.4958102766798419,0.3907616413782794,0.3969178692321397,0.3995180558166561,0.3369980250164582,0.33596136789198777
rehearsal,128,0.3,0.001,0.0,1,10000,2000.0,10.0,mean,hyperband,0.3870235223480469,0.48464426877470357,0.43407579041781896,0.4090326028861571,0.4078068121614,0.3054476629361422,0.28113399691205937
rehearsal,128,0.0,0.001,1e-05,1,2000,2000.0,10.0,lstm,hyperband,0.3563775473030277,0.6461067193675889,0.2905486209731669,0.2861927667913772,0.3098969459778169,0.3055957867017775,0.2999244440064387
rehearsal,64,0.5,0.001,0.0001,1,2000,1000.0,10.0,pool,hyperband,0.3480731381990181,0.49488142292490117,0.40959712983033114,0.3836094779975058,0.35052039717669575,0.2260204081632653,0.22380999310140928
rehearsal,64,0.5,0.0001,0.0001,1,2000,500.0,5.0,gcn,hyperband,0.33829331677292074,0.6444861660079051,0.4267321922415726,0.39283805451630144,0.23355493650983541,0.17105003291639237,0.16109851844551756
rehearsal,256,0.0,0.0001,0.0,1,10000,1000.0,5.0,mean,hyperband,0.32842320732581626,0.4359881422924901,0.35729501457508034,0.3402458578300374,0.3196041905217644,0.3009381171823568,0.21646792155316844
rehearsal,128,0.5,0.001,0.0001,3,10000,500.0,2.0,gcn,hyperband,0.6354664724417309,0.6794664031620553,0.6481052395545257,0.6384286477819348,0.6236904619486268,0.600543120473996,0.6225649617292467
rehearsal,128,0.5,0.001,0.0,3,5000,2000.0,5.0,lstm,hyperband,0.5590437973601111,0.526897233201581,0.5343822408251738,0.55709959023695,0.5770854340061183,0.573420013166557,0.5853782727242863
rehearsal,256,0.5,0.0005,0.0,3,2000,1000.0,10.0,pool,hyperband,0.538014270101016,0.5084584980237155,0.571604753718514,0.5945661856404775,0.5834259053543657,0.519535878867676,0.45049439900134686
rehearsal,128,0.3,0.0005,1e-05,3,2000,500.0,10.0,gcn,hyperband,0.4682855518344647,0.5975098814229249,0.5576463113835115,0.4988063424193836,0.44928477432365455,0.3939598420013167,0.31250615945599686
rehearsal,256,0.3,0.0005,0.0,3,2000,2000.0,2.0,gcn,hyperband,0.45970714668308194,0.4978656126482213,0.4896666417519994,0.4585248530197755,0.472510382308205,0.41899275839368005,0.4206826319766105
rehearsal,64,0.5,0.001,1e-05,3,2000,1000.0,2.0,pool,hyperband,0.4572045903990614,0.6241699604743083,0.5007474400179386,0.4709246392303581,0.41636901201442417,0.3749670836076366,0.3560494070497027
rehearsal,128,0.5,0.001,0.0,9,10000,1000.0,5.0,pool,hyperband,0.7763166853064374,0.6725494071146245,0.8453920322894087,0.8025298414395154,0.7679831832242408,0.7540157998683344,0.8154298479025
rehearsal,128,0.0,0.001,1e-05,9,2000,2000.0,5.0,mean,hyperband,0.65527955793982,0.7179446640316206,0.7344345616264295,0.6610546944592909,0.6178626971784048,0.5867182356813693,0.6136624946618048
rehearsal,128,0.3,0.0005,0.0,27,2000,2000.0,5.0,mean,hyperband,0.7455553087653422,0.8248023715415019,0.8517079004409897,0.77632282202031,0.696528976466768,0.6797399605003291,0.6442298216221544
ewc,256,0.3,0.001,1e-05,1,5000,2000.0,2.0,pool,hyperband,0.640797252783869,0.6323715415019763,0.6543650497047612,0.658382326741493,0.6396356365252166,0.6318301514154049,0.6281988108143622
ewc,64,0.0,0.0005,0.0001,1,10000,1000.0,2.0,pool,hyperband,0.5248915067283436,0.5860869565217391,0.5638687495328499,0.5402814893996081,0.5165518773605865,0.4748847926267281,0.4676751749285503
ewc,256,0.5,0.001,1e-05,1,5000,1000.0,5.0,lstm,hyperband,0.4775221876327511,0.7001185770750988,0.6259623290230959,0.473205059682879,0.3877087143028045,0.35594140882159314,0.3221970368910351
ewc,256,0.5,0.0005,0.0,1,2000,500.0,5.0,pool,hyperband,0.4300017235298332,0.5447628458498024,0.5063532401524777,0.4588811687154819,0.4274605643190402,0.3596938775510204,0.2828586445911764
ewc,128,0.0,0.0001,0.0001,1,10000,1000.0,2.0,gcn,hyperband,0.4197304090261779,0.7776284584980238,0.6832349203976381,0.5688758239800463,0.3161861466682618,0.08633969716919025,0.08611740744390789
ewc,128,0.5,0.0005,0.0,1,5000,1000.0,5.0,pool,hyperband,0.417685198575317,0.5455533596837945,0.5123140742955378,0.4027614466417246,0.3779501991010545,0.3417215273206057,0.325810584409185
ewc,256,0.5,0.0005,0.0,1,2000,500.0,2.0,pool,hyperband,0.40062903863969623,0.5420158102766799,0.41441811794603484,0.3966862640299305,0.379932664536086,0.3349078341013825,0.3358135409480635
ewc,128,0.5,0.001,1e-05,1,10000,500.0,2.0,gcn,hyperband,0.37903673041845276,0.6158893280632411,0.39556394349353463,0.3520399073579191,0.32616683472048946,0.30495391705069125,0.2796064518248415
ewc,128,0.3,0.0005,0.0,1,2000,2000.0,5.0,mean,hyperband,0.3443541338578755,0.5405138339920948,0.37678451304282834,0.33522180652057726,0.29735272503546223,0.2659809084924292,0.25027101606386126
ewc,128,0.0,0.0005,1e-05,3,5000,2000.0,5.0,lstm,hyperband,0.6915980172903771,0.6827272727272727,0.7320988115703715,0.7260823089257081,0.7122519781928802,0.6566655694535879,0.6397621628724418
ewc,256,0.0,0.001,1e-05,3,5000,2000.0,5.0,pool,hyperband,0.6908287399793993,0.8852766798418973,0.8319941699678601,0.7198824158204169,0.5833233640387606,0.5373271889400921,0.5871686212673697
ewc,128,0.0,0.0005,0.0001,3,10000,500.0,2.0,pool,hyperband,0.5093654051221655,0.5835573122529645,0.5455938410942522,0.5380188847318724,0.5135269085502367,0.4501316655694536,0.42536381853421373
ewc,256,0.0,0.0005,0.0001,3,5000,1000.0,5.0,lstm,hyperband,0.5055850701960111,0.5389920948616601,0.5071380521713132,0.5048102618920364,0.48958351135645073,0.4836405529953917,0.5093459478992148
ewc,128,0.3,0.001,0.0001,3,5000,1000.0,10.0,lstm,hyperband,0.4884940740129829,0.538695652173913,0.5400814709619554,0.5088900766078746,0.47199767573017964,0.4381994733377222,0.43310009526625276
ewc,128,0.5,0.001,0.0001,3,2000,1000.0,2.0,pool,hyperband,0.4802982288139741,0.57199604743083,0.507287540174901,0.4643506146445751,0.4442431596397382,0.4438610928242265,0.45005091816957393
ewc,256,0.0,0.001,0.0001,9,10000,1000.0,10.0,gcn,hyperband,0.8503582280525568,0.8813636363636363,0.9137080499289932,0.8706930340281489,0.8560661733290038,0.8028637261356155,0.7774547485299431
ewc,128,0.5,0.001,0.0,9,5000,1000.0,5.0,mean,hyperband,0.614413261713639,0.7357509881422925,0.6850287764406906,0.6300195973632639,0.5653957240271392,0.5332784726793943,0.5370060116290529
ewc,256,0.5,0.001,1e-05,27,10000,500.0,10.0,lstm,hyperband,0.4704904984716359,0.9933794466403162,0.44184916660438,0.24673080349189383,0.3632697007502606,0.38341013824884795,0.3943037350941165
si,256,0.0,0.001,0.0001,1,5000,1000.0,10.0,lstm,hyperband,0.6225128912842043,0.6035375494071146,0.6185626728455041,0.6171744165330483,0.6185292157298378,0.6308591178406847,0.6464143753490358
si,64,0.0,0.0001,0.0001,1,10000,1000.0,2.0,pool,hyperband,0.5644149700118819,0.6955138339920949,0.6634090739218178,0.6344913593443792,0.6013022747081845,0.5306616194865043,0.2611116586183108
si,128,0.3,0.0005,1e-05,1,2000,500.0,5.0,mean,hyperband,0.5482450429238557,0.8098814229249012,0.6864302264743254,0.6076429716729022,0.513868712935587,0.3541639236339697,0.3174829999014487
si,64,0.0,0.001,1e-05,1,5000,2000.0,10.0,mean,hyperband,0.4569957447403156,0.7802569169960474,0.7155243291725839,0.45980758952431855,0.2607454753644489,0.2542955892034233,0.27134456818107155
si,64,0.3,0.001,1e-05,1,10000,2000.0,5.0,pool,hyperband,0.3831777923715365,0.715197628458498,0.5749308617983406,0.4085872082665241,0.2832020234819613,0.16120803159973668,0.15594100062415822
si,128,0.5,0.0001,1e-05,1,5000,1000.0,10.0,lstm,hyperband,0.38159509595993324,0.536205533596838,0.45050078481201883,0.38594334580438266,0.3544169671696888,0.2898782093482554,0.27262573502841564
si,256,0.5,0.001,1e-05,1,10000,1000.0,2.0,lstm,hyperband,0.37753560657363927,0.5269169960474308,0.4082891097989386,0.3880277926242651,0.3432228735494676,0.3075049374588545,0.291251929962879
si,256,0.3,0.001,0.0001,1,5000,500.0,2.0,gcn,hyperband,0.36644877655974234,0.4451383399209486,0.4340571044173705,0.3773205059682879,0.36373113667048346,0.2944535878867676,0.2839919844945961
si,128,0.0,0.001,0.0,1,10000,500.0,5.0,pool,hyperband,0.3645097643830674,0.5162845849802371,0.4366731444801555,0.4040263673614823,0.38288927246936577,0.2174621461487821,0.22972307085838178
si,256,0.0,0.001,0.0001,3,2000,500.0,5.0,mean,hyperband,0.6884947019981552,0.7362845849802372,0.7457769638986471,0.6986281845715304,0.6668090851605626,0.6408492429229756,0.6426201504549784
si,256,0.3,0.001,1e-05,3,5000,1000.0,10.0,pool,hyperband,0.5263750315105022,0.5990909090909091,0.7039016368936393,0.5800285052556565,0.4555739750140994,0.42004608294930873,0.39960907985940014
si,128,0.0,0.001,0.0,3,5000,500.0,2.0,mean,hyperband,0.47629891166015237,0.6850790513833992,0.4935720158457284,0.4995724211651523,0.4561208620306599,0.35269914417379855,0.370749975362176
si,256,0.0,0.0001,1e-05,3,2000,1000.0,5.0,pool,hyperband,0.4274148902770473,0.448399209486166,0.45616264294790343,0.43703901656867983,0.41915471775502877,0.4009710335747202,0.40276272132978547
si,64,0.0,0.001,0.0001,3,10000,2000.0,5.0,gcn,hyperband,0.3955872788573754,0.464703557312253,0.47417594738022273,0.43775164796009264,0.3481277664792439,0.3286537195523371,0.32011103446010314
si,128,0.5,0.0005,0.0001,3,2000,1000.0,2.0,pool,hyperband,0.33602847652713025,0.5675098814229249,0.41720233201285595,0.3604489577765901,0.26994001333037104,0.220687952600395,0.18038172201964456
si,256,0.3,0.0005,0.0,9,5000,1000.0,10.0,gcn,hyperband,0.6569673473737234,0.6726482213438735,0.7232042753569026,0.6839301621236415,0.6477022200194829,0.6080480579328505,0.6062711474655892
si,128,0.5,0.001,0.0,9,5000,500.0,2.0,mean,hyperband,0.6178321075423798,0.7737747035573123,0.6929142686299424,0.6206306787814003,0.5688137678806419,0.5279624753127057,0.5228967510922768
si,256,0.3,0.0001,0.0001,27,10000,2000.0,10.0,gcn,hyperband,0.5435663376745666,0.71899209486166,0.7059197249420734,0.6015677890611082,0.4864730914497633,0.38400263331138906,0.36444269242140537
gen_replay,256,0.0,0.0005,0.0001,1,10000,1000.0,10.0,pool,hyperband,0.6096532073843178,0.37112648221343875,0.39528365348680766,0.6317477284874399,0.7085434006118299,0.747975641869651,0.8032423376367399
gen_replay,128,0.3,0.001,0.0,1,5000,1000.0,2.0,lstm,hyperband,0.6073215280298291,0.6493083003952569,0.615217878765229,0.6035809727418493,0.5956795925691727,0.5855003291639236,0.5946420945435432
gen_replay,256,0.3,0.001,0.0001,1,2000,1000.0,10.0,pool,hyperband,0.6015461270454265,0.5207114624505929,0.5957844382988265,0.6349367539640122,0.6332780749577017,0.6149934167215273,0.6095726158798989
gen_replay,256,0.3,0.001,0.0,1,5000,2000.0,10.0,mean,hyperband,0.5136795155083053,0.6032213438735178,0.5523021152552507,0.4954213433101728,0.49216413446584517,0.46933838051349575,0.46962977563154956
gen_replay,64,0.3,0.0005,0.0,1,10000,500.0,5.0,lstm,hyperband,0.47023285118476893,0.7376877470355732,0.6234023469616563,0.5296632816675575,0.48913916565549537,0.2186965108624095,0.2228080549259223
gen_replay,64,0.3,0.0001,0.0001,1,5000,1000.0,10.0,mean,hyperband,0.444301753478229,0.6115415019762845,0.5525450332610808,0.51671120612863,0.4889511732435527,0.27231731402238313,0.2237442922374429
gen_replay,128,0.5,0.001,0.0001,1,5000,1000.0,2.0,lstm,hyperband,0.41656487030441847,0.5543280632411067,0.5139584423350027,0.4825227151256013,0.36499581289627947,0.31780776826859775,0.26577641995992246
gen_replay,256,0.5,0.0005,0.0001,1,10000,500.0,10.0,gcn,hyperband,0.36476121229552594,0.5218577075098815,0.4525375588609014,0.3655264564404062,0.3251756020029737,0.26965108624094797,0.25381886271804477
gen_replay,128,0.5,0.0001,0.0,1,5000,1000.0,2.0,mean,hyperband,0.3187061803870947,0.48756916996047434,0.4549293669183048,0.33693212185996796,0.2723668244663579,0.1826530612244898,0.1777865378929733
gen_replay,256,0.3,0.001,0.0,3,10000,1000.0,10.0,lstm,hyperband,0.8442970547993721,0.7592094861660079,0.8655542267733014,0.8799928736860859,0.8644745612086203,0.8395819618169849,0.8569692191452317
gen_replay,128,0.0,0.001,0.0001,3,5000,500.0,10.0,lstm,hyperband,0.8340505157427152,0.8219169960474308,0.8722438149338516,0.8401924104756815,0.8278673115376071,0.821889400921659,0.8201931605400611
gen_replay,256,0.0,0.0005,0.0001,3,10000,1000.0,10.0,gcn,hyperband,0.6944850047142849,0.9579644268774704,0.6232341729576202,0.6501158026011046,0.5827422965836652,0.6591507570770243,0.6937025721888243
gen_replay,128,0.0,0.0005,1e-05,3,2000,500.0,5.0,pool,hyperband,0.6238931394899461,0.6589723320158103,0.6648478959563495,0.5887226082308926,0.6015415377779297,0.6121955233706385,0.6170789395880556
gen_replay,256,0.5,0.0005,1e-05,3,2000,2000.0,2.0,lstm,hyperband,0.6080311436944438,0.6044268774703557,0.634464459227147,0.6291644396935685,0.6254336643139131,0.5925279789335088,0.5621694425281692
gen_replay,256,0.0,0.001,0.0001,3,5000,2000.0,5.0,gcn,hyperband,0.4920270483545339,0.4556126482213439,0.517434038418417,0.3572243007304472,0.49529164459180014,0.5216425279789335,0.604957130186262
gen_replay,128,0.3,0.001,0.0001,9,2000,500.0,10.0,mean,hyperband,0.7485542941078869,0.7452766798418973,0.7125345691008297,0.7440762515588811,0.7591133594244014,0.7642692560895326,0.7660556486317796
gen_replay,128,0.5,0.001,0.0001,9,5000,500.0,5.0,pool,hyperband,0.7311910309894515,0.7857905138339921,0.8309664399431945,0.7281667557455906,0.6571189308358826,0.6792955892034233,0.7058079563746263
gen_replay,128,0.0,0.001,0.0001,27,10000,1000.0,5.0,lstm,hyperband,0.9249274570741387,0.9966403162055336,0.9525749308617983,0.883787635845359,0.917881496419599,0.8955562870309414,0.9031240760816005
naive,256,0.0,0.001,0.0,15,10000,1000.0,2.0,lstm,pbt,0.5800469132195151,0.9965415019762845,0.7420771358098512,0.5425084624977731,0.28629535316938115,0.4400263331138907,0.4728326927499097
naive,64,0.0,0.001,0.0,15,2000,2000.0,5.0,lstm,pbt,0.5894358178932463,0.6278260869565218,0.7966963151207116,0.6108676287190451,0.5743339087040487,0.49980250164581963,0.4270884662133307
naive,128,0.5,0.001,1e-05,15,10000,2000.0,10.0,gcn,pbt,0.6428248046398122,0.7084584980237154,0.7263248374317961,0.6710493497238553,0.624596243569805,0.5802007899934167,0.5463191090962846
naive,256,0.0,0.001,0.0001,10,10000,1000.0,5.0,mean,pbt,0.7317124950879911,0.5432411067193675,0.913857537932581,0.7887582398004632,0.7636080870917574,0.692412771560237,0.6883972274235406
naive,128,0.3,0.001,0.0001,10,10000,2000.0,5.0,gcn,pbt,0.6021409704732578,0.6028656126482214,0.6992861947828687,0.6330304649919829,0.590962692051339,0.5534562211981566,0.5332446371669788
naive,128,0.5,0.001,1e-05,20,2000,2000.0,5.0,gcn,pbt,0.7114558410320138,0.8267193675889328,0.818502877644069,0.7156066274719401,0.6555637208825389,0.6566655694535879,0.5956768831510134
naive,256,0.0,0.001,0.0001,15,10000,1000.0,5.0,pool,pbt,0.4568225492644538,0.9986758893280633,0.4477352567456462,0.4441296989132371,0.2949088236802078,0.2957044107965767,0.25978121612299204
naive,256,0.0,0.001,0.0001,20,2000,2000.0,5.0,gcn,pbt,0.7718825012508691,0.98800395256917,0.8420472382091337,0.7636379832531623,0.6940508946729786,0.6828834759710336,0.6606714628297362
naive,128,0.5,0.001,1e-05,20,10000,2000.0,10.0,gcn,pbt,0.5270103632193022,0.7177667984189723,0.634464459227147,0.5241760199536789,0.43422829114897543,0.4143844634628045,0.43704214710423445
naive,256,0.0,0.001,1e-05,10,2000,2000.0,5.0,gcn,pbt,0.7832556280149109,0.7639328063241106,0.8316017639584423,0.778104400498842,0.7808179378941432,0.7653225806451613,0.7797542787687658
naive,128,0.3,0.0005,1e-05,10,10000,1000.0,5.0,mean,pbt,0.3433908192818093,0.5016600790513834,0.3976194035428657,0.36306787814003205,0.3138447866286124,0.23925279789335088,0.2448999704346112
naive,128,0.5,0.0001,1e-05,20,2000,2000.0,5.0,gcn,pbt,0.3983288304210532,0.5413438735177866,0.4900590477614171,0.4106894708711919,0.35556201186061215,0.3077024358130349,0.28461614270227653
rehearsal,128,0.0,0.0001,0.0,15,5000,2000.0,2.0,mean,pbt,0.38729346134944226,0.3809683794466403,0.3953210254877046,0.4050418670942455,0.39666398919898144,0.39914417379855166,0.3466213330705299
rehearsal,256,0.0,0.0001,0.0,15,10000,2000.0,2.0,lstm,pbt,0.7325908975147916,0.6877667984189724,0.6822445623738695,0.7018350258328879,0.7274622733409669,0.7547893350888742,0.8414473900331789
rehearsal,256,0.0,0.0005,1e-05,10,2000,500.0,10.0,lstm,pbt,0.7599807876088169,0.8372332015810277,0.9528178488676283,0.7977195795474791,0.6593577495599269,0.6330480579328506,0.6797082881639893
rehearsal,64,0.5,0.0005,1e-05,20,5000,500.0,10.0,pool,pbt,0.5481616381170137,0.6156126482213439,0.5693250616638015,0.5546766435061464,0.5243450173465726,0.5056287030941409,0.5193817548700765
rehearsal,128,0.3,0.0001,0.0001,10,10000,2000.0,5.0,pool,pbt,0.44371205782853007,0.4941699604743083,0.5151169743628073,0.5016390522002494,0.4132244116692017,0.36344634628044764,0.3746756019841661
rehearsal,256,0.5,0.0001,0.0,10,2000,1000.0,2.0,mean,pbt,0.3712209793052684,0.4419565217391304,0.41955676806936243,0.3760912168181008,0.35814263497000665,0.326036866359447,0.3055418678755626
rehearsal,128,0.5,0.0005,1e-05,20,2000,500.0,10.0,lstm,pbt,0.721793075893761,0.7966600790513834,0.8077023693848568,0.7512381970425798,0.6877958744210688,0.6653225806451613,0.6220393548175158
rehearsal,256,0.0,0.001,0.0,15,5000,2000.0,2.0,lstm,pbt,0.8771606003400608,0.9950988142292491,0.9297406383137753,0.8642971672902191,0.7792627279407994,0.8644338380513495,0.8301304162149732
rehearsal,64,0.0,0.0005,0.0001,20,5000,500.0,10.0,lstm,pbt,0.7286476314967788,0.8306719367588933,0.5374841168996188,0.6516301443078567,0.7527557978568865,0.7725312705727452,0.826812522584672
rehearsal,256,0.0,0.001,1e-05,15,5000,2000.0,2.0,lstm,pbt,0.8759523674693561,0.9984980237154151,0.9331414903953957,0.8922501336183859,0.7795361714490797,0.8739466754443713,0.7783417101934891
rehearsal,64,0.0,0.0001,1e-05,20,2000,500.0,10.0,mean,pbt,0.159089436409365,0.39962450592885373,0.14941325958591822,0.13110636023516836,0.11629894211542734,0.08238973008558262,0.07570382050523965
rehearsal,256,0.0,0.0001,0.0,10,2000,2000.0,2.0,lstm,pbt,0.3566824679471224,0.5520355731225296,0.4606099110546379,0.31200783894530554,0.2790832806384906,0.2586899275839368,0.27766827633783386
ewc,256,0.0,0.0005,0.0,10,10000,500.0,5.0,gcn,pbt,0.7290454099485841,0.7728656126482213,0.7553441961282608,0.7329057544984856,0.7312563020183549,0.6874753127057275,0.6944252816924542
ewc,256,0.5,0.0001,0.0,15,10000,1000.0,5.0,lstm,pbt,0.49581771944242314,0.6549407114624506,0.6315494431571866,0.5516657758774274,0.4657597456975373,0.3545260039499671,0.3164646365099701
ewc,128,0.0,0.001,0.0001,15,2000,1000.0,2.0,pool,pbt,0.6045062535853468,0.9847233201581028,0.7170752672098064,0.40919294494922503,0.3740878095465965,0.612277814351547,0.5296803652968036
ewc,64,0.0,0.0001,0.0001,10,5000,1000.0,5.0,pool,pbt,0.18023552234288007,0.5171739130434783,0.3208199416996786,0.05617316942811331,0.05380001025413156,0.052995391705069124,0.08045070792680924
ewc,256,0.3,0.0005,1e-05,15,5000,2000.0,2.0,gcn,pbt,0.5931629761836037,0.6330830039525692,0.6695567680693625,0.6053269196508106,0.5822295900056398,0.5455727452271231,0.5232088301961171
ewc,128,0.0,0.001,0.0001,15,5000,500.0,5.0,mean,pbt,0.6971090372174532,0.7917193675889328,0.7832797667987144,0.6389096739711384,0.6470698819065849,0.6495885450954575,0.6720869879438914
ewc,256,0.5,0.0005,0.0,15,10000,500.0,5.0,lstm,pbt,0.5538281449516121,0.8499802371541502,0.8175685776216458,0.5114555496169606,0.32955069813545707,0.3946017116524029,0.4198120955290562
ewc,128,0.0,0.0005,0.0001,15,5000,500.0,5.0,pool,pbt,0.6236745492239673,0.7269762845849802,0.7445436878690485,0.6005701051131302,0.5838873412745885,0.5254608294930876,0.5606090470089682
ewc,64,0.5,0.001,1e-05,15,2000,2000.0,2.0,pool,pbt,0.4423766015095893,0.5840118577075099,0.6162082367889977,0.4963121325494388,0.4319894724249312,0.3112738643844635,0.21446404520219442
ewc,256,0.0,0.0005,0.0,20,10000,500.0,5.0,pool,pbt,0.5874100153725985,0.9957312252964426,0.49024590776590177,0.3800285052556565,0.4960436142395707,0.6057109940750494,0.5566998456029697
ewc,128,0.3,0.001,0.0001,20,5000,2000.0,5.0,gcn,pbt,0.6987707561859068,0.8236363636363636,0.8241647357799536,0.676768216639943,0.6045665065882795,0.6206550362080316,0.6428336782628692
ewc,128,0.0,0.0005,0.0001,10,5000,1000.0,5.0,pool,pbt,0.6515553051551763,0.7288932806324111,0.7440578518573885,0.659718510600392,0.6433954847640695,0.5946181698485846,0.5386485332282119
si,64,0.0,0.0001,0.0,15,2000,500.0,2.0,gcn,pbt,0.1863679907087693,0.4220750988142292,0.35849091860378207,0.22237662569036165,0.06608787790747356,0.02475312705727452,0.02442429617949476
si,128,0.5,0.001,0.0001,10,2000,1000.0,2.0,mean,pbt,0.6332773297925948,0.7879644268774704,0.73856416772554,0.6385711740602174,0.5861090697793653,0.5413594470046083,0.507095693308367
si,64,0.3,0.001,1e-05,20,2000,2000.0,10.0,mean,pbt,0.5337748720955734,0.7164031620553359,0.7029486508707676,0.50445394619633,0.45208757028352675,0.41436800526662276,0.4123878979008574
si,64,0.0,0.001,0.0,20,2000,500.0,2.0,gcn,pbt,0.7101550268499923,0.804407114624506,0.7825510127812243,0.6988063424193836,0.6743116914190009,0.6442067149440421,0.6566472849117966
si,128,0.5,0.0001,0.0,15,5000,1000.0,2.0,pool,pbt,0.4395944202145004,0.6200395256916996,0.5857126840571044,0.45093532870122927,0.38934937535248576,0.30742264647794604,0.28410696100653726
si,128,0.0,0.0005,0.0001,15,5000,2000.0,10.0,lstm,pbt,0.6053748788842305,0.6220750988142293,0.7443755138650123,0.6879565294851239,0.6870097243347633,0.5053982883475971,0.3854341184586577
si,64,0.0,0.001,0.0,20,2000,500.0,2.0,gcn,pbt,0.6756164036725614,0.7090513833992095,0.7060692129456612,0.6618742205594157,0.688564934288107,0.65949637919684,0.6286422916461352
si,128,0.5,0.0005,0.0,10,2000,1000.0,2.0,pool,pbt,0.502734324005461,0.6719169960474308,0.6485163315643919,0.5326385177267059,0.42934048843846667,0.37704081632653064,0.3569527939292402
si,256,0.3,0.0005,0.0001,15,5000,2000.0,10.0,mean,pbt,0.6723179423316697,0.7847035573122529,0.8044696913072726,0.6781934794227685,0.616136585032386,0.573090849242923,0.5773134916724155
si,64,0.5,0.001,0.0,20,2000,500.0,2.0,pool,pbt,0.46892965566617906,0.7557707509881423,0.5915053441961282,0.49540352752538747,0.41245535180216364,0.27970704410796576,0.2787359153772872
si,64,0.3,0.0001,0.0,20,2000,500.0,10.0,gcn,pbt,0.27566850584697633,0.5950197628458498,0.4602735630465655,0.17544984856582932,0.16182728624408252,0.1313528637261356,0.13008771065339508
si,64,0.3,0.0005,1e-05,15,5000,2000.0,10.0,mean,pbt,0.4277102334520335,0.5144268774703558,0.46518798116451154,0.41984678425084626,0.40809734588894775,0.3796741277156024,0.3790282842219375
gen_replay,128,0.3,0.001,0.0,20,5000,1000.0,5.0,lstm,pbt,0.8376107588041753,0.9612648221343874,0.8862583152701996,0.8353108854445038,0.7533197750927144,0.8245391705069124,0.7649715843763345
gen_replay,256,0.5,0.0005,1e-05,15,10000,1000.0,5.0,lstm,pbt,0.87259991402633,0.8390513833992095,0.9228455041482921,0.8862996615000891,0.8574675713089399,0.860039499670836,0.8698958641306134
gen_replay,256,0.5,0.0001,0.0001,20,5000,500.0,10.0,pool,pbt,0.582906755743981,0.5544861660079051,0.6269153150459675,0.6159094958132906,0.5868781296464034,0.5571593153390388,0.5560921126112809
gen_replay,64,0.3,0.0005,0.0001,20,5000,2000.0,10.0,pool,pbt,0.702880443965709,0.8057905138339921,0.8092719934225279,0.7260466773561376,0.6410199442858852,0.619815668202765,0.615337866692947
gen_replay,64,0.0,0.001,0.0001,15,2000,1000.0,10.0,mean,pbt,0.7531752449389378,0.695,0.8383100381194409,0.7753607696419027,0.7571992548664399,0.7425444371296905,0.7106369698761539
gen_replay,128,0.5,0.0005,1e-05,15,2000,500.0,5.0,mean,pbt,0.5725776855769062,0.6697826086956522,0.5712310337095448,0.5524140388384108,0.5613453420607386,0.5389894667544437,0.5417036234026478
gen_replay,256,0.5,0.0001,1e-05,15,10000,1000.0,5.0,lstm,pbt,0.6672032575114671,0.6341304347826087,0.5779953658718888,0.6466951719223232,0.6859843111787124,0.7063693219223173,0.752044939390953
gen_replay,64,0.3,0.001,0.0001,20,2000,1000.0,5.0,lstm,pbt,0.6922801959655643,0.6890513833992095,0.7835226848045445,0.706021735257438,0.6879838668330115,0.6747037524687294,0.6123977530304523
gen_replay,64,0.5,0.001,0.0001,15,10000,1000.0,10.0,mean,pbt,0.713750823261564,0.6498616600790513,0.7179721952313327,0.7340281489399608,0.7248645600123049,0.7188446346280448,0.7369337406786899
gen_replay,64,0.3,0.0005,0.0001,10,10000,1000.0,5.0,lstm,pbt,0.6471572846001304,0.6021343873517787,0.6262426190298228,0.6486727240334936,0.662758703194162,0.6619815668202765,0.6811537071712493
gen_replay,64,0.3,0.001,1e-05,20,5000,1000.0,5.0,pool,pbt,0.8157086583397432,0.8698418972332016,0.8658345167800284,0.8196151790486371,0.7315639259651702,0.8156517445687953,0.7917446864426267
gen_replay,128,0.0,0.0005,0.0001,15,2000,1000.0,10.0,mean,pbt,0.6129211064612068,0.4994664031620553,0.6297742731145826,0.6574559059326563,0.6571531112744177,0.6370473996050033,0.5966295456785257
naive,128,0.3,0.0005,1e-05,15,5000,500.0,10.0,pool,ga,0.517617366465438,0.8022924901185771,0.7012295388295089,0.5457331195439159,0.4399706048228599,0.3806616194865043,0.23581682599126177
naive,128,0.0,0.001,1e-05,15,2000,1000.0,5.0,gcn,ga,0.7975097419481917,0.865197628458498,0.8641527767396666,0.8088900766078746,0.7487054158904859,0.7302337063857801,0.767878847606846
naive,128,0.3,0.001,0.0,15,5000,1000.0,5.0,gcn,ga,0.5870780609345854,0.6167588932806324,0.6697623140742955,0.6029217887047924,0.5523729769452942,0.5186800526662277,0.5619723399362702
naive,256,0.3,0.0005,0.0,20,10000,500.0,2.0,lstm,ga,0.6085313422553446,0.9495849802371541,0.7080125569923014,0.4710137181542847,0.37976176234341086,0.5562705727452272,0.5865444630596892
naive,128,0.5,0.0001,0.0,10,10000,500.0,10.0,gcn,ga,0.2642572229817312,0.5125494071146245,0.3301255699230137,0.23623730625334047,0.22143797104916857,0.14856813693219223,0.13662494661804803
naive,128,0.3,0.0005,0.0001,15,10000,500.0,10.0,lstm,ga,0.5943801028380208,0.8073122529644269,0.774684206592421,0.5974701585604846,0.4815511083007195,0.4443877551020408,0.46087513550803194
naive,256,0.3,0.0005,0.0001,10,5000,1000.0,2.0,mean,ga,0.6364382714093969,0.5860869565217391,0.6634464459227147,0.6544450383039373,0.6651000632338113,0.6407504937458854,0.608800630728294
naive,128,0.0,0.0005,1e-05,15,10000,2000.0,10.0,mean,ga,0.7466061014316262,0.84,0.8564915165557964,0.7490824870835561,0.6788918701826945,0.668071099407505,0.687099635360205
naive,128,0.5,0.0001,0.0001,10,5000,500.0,10.0,mean,ga,0.37085830712754725,0.5446640316205533,0.49187158980491813,0.448743987172635,0.2972160032813221,0.22684331797235022,0.21581091291350482
naive,128,0.0,0.0005,1e-05,15,10000,2000.0,10.0,lstm,ga,0.45467571504505927,0.6960671936758893,0.6925218626205247,0.3832709780865847,0.301676550510143,0.30612244897959184,0.34839525639762164
naive,256,0.5,0.0005,0.0001,10,5000,1000.0,2.0,mean,ga,0.6172648603122226,0.6479644268774704,0.6537484116899619,0.6131658649563513,0.6059679045682156,0.5961652402896642,0.5865773134916724
naive,128,0.3,0.0005,0.0001,15,10000,2000.0,2.0,gcn,ga,0.3113183211129806,0.3349407114624506,0.3633492787203827,0.3373418849100303,0.29612222924820125,0.2724489795918367,0.2637068427449821
naive,256,0.0,0.0005,0.0001,15,10000,500.0,10.0,lstm,ga,0.6451700653029686,0.9773913043478261,0.8386090141266164,0.6329948334224123,0.4530446225625075,0.4957208689927584,0.473259748365691
naive,128,0.5,0.0005,0.0001,10,5000,500.0,10.0,mean,ga,0.4589831005309326,0.6080237154150198,0.503625084087002,0.4748975592374844,0.4229316562131492,0.37552666227781434,0.3688939259551263
naive,128,0.5,0.0005,1e-05,10,10000,1000.0,2.0,mean,ga,0.5183772503411817,0.7294466403162055,0.5883287241198893,0.5115089969713166,0.4719634952916446,0.4302501645819618,0.3787654807660721
naive,128,0.0,0.001,1e-05,15,2000,1000.0,5.0,gcn,ga,0.7734380179638034,0.8421541501976284,0.8503811944091486,0.7541599857473722,0.7422111325688309,0.7107965766951942,0.7409250681646463
naive,64,0.0,0.0005,1e-05,10,2000,2000.0,10.0,mean,ga,0.20087151769213804,0.47810276679841895,0.22587637342103295,0.18724389809371103,0.17105600464853965,0.07447333772218565,0.06847672546893992
naive,128,0.0,0.001,0.0001,15,5000,1000.0,5.0,gcn,ga,0.562081596131686,0.7248814229249012,0.748430375962329,0.6367717797969,0.43759506434467554,0.4109776168531929,0.41383331690811737
naive,64,0.0,0.0005,0.0001,15,10000,500.0,10.0,lstm,ga,0.41661177666879495,0.5077075098814229,0.49303012183272293,0.382006057366827,0.3318066070787688,0.3499835418038183,0.43513682204920995
naive,128,0.0,0.0005,1e-05,15,10000,2000.0,5.0,gcn,ga,0.6825439974885205,0.7104545454545454,0.7115628970775095,0.7184571530375913,0.7059969579409704,0.639186965108624,0.609605466311882
rehearsal,128,0.0,0.0001,1e-05,15,2000,1000.0,10.0,gcn,ga,0.33593497357955293,0.4824308300395257,0.4401300545631213,0.3754676643506146,0.3590142361526498,0.19901250822909808,0.15955454814230807
rehearsal,256,0.5,0.001,0.0,10,5000,1000.0,2.0,pool,ga,0.7995860936774064,0.9370553359683794,0.8461394723073473,0.7819704257972564,0.6978278331310991,0.752946017116524,0.7815774777438323
rehearsal,128,0.0,0.0005,0.0001,15,10000,500.0,5.0,gcn,ga,0.6704890942982153,0.28715415019762847,0.4931609238358622,0.6989310529128808,0.797361270145096,0.8597597103357472,0.8865674583620775
rehearsal,128,0.5,0.0005,1e-05,20,10000,500.0,2.0,mean,ga,0.7339496242619394,0.5681620553359684,0.7140107631362583,0.754712275075717,0.7794678105720096,0.784660961158657,0.8026838802930258
rehearsal,256,0.0,0.0005,0.0,15,2000,2000.0,10.0,pool,ga,0.748549830822105,0.9955928853754941,0.8339748860153973,0.6595759843221094,0.6382684189838156,0.7307932850559579,0.6330935251798561
rehearsal,128,0.0,0.0005,0.0,15,5000,1000.0,5.0,lstm,ga,0.8285196419433625,0.8526284584980237,0.9325061663801479,0.861054694459291,0.7886623485379317,0.7537524687294272,0.7825137150553529
rehearsal,64,0.0,0.001,1e-05,20,5000,500.0,5.0,mean,ga,0.8197983459588672,0.7671343873517786,0.8687121608490919,0.857491537502227,0.8160921504622904,0.8036537195523371,0.8057061200354785
rehearsal,256,0.0,0.0001,0.0001,10,5000,500.0,5.0,gcn,ga,0.6992972204073619,0.9275889328063242,0.6500298976007175,0.6624621414573312,0.6415155606446431,0.6419684002633311,0.6722183896718242
rehearsal,64,0.0,0.0005,0.0001,20,10000,500.0,5.0,gcn,ga,0.6503027164476253,0.35480237154150196,0.517919874430077,0.6385355424906467,0.7607711106933502,0.8009545753785385,0.8288328241516376
rehearsal,128,0.5,0.001,1e-05,20,2000,1000.0,5.0,mean,ga,0.7558561273092956,0.8883596837944664,0.8838291352118992,0.7714412969891323,0.6779348179037137,0.6711487820934825,0.6424230478630794
rehearsal,256,0.0,0.0001,0.0001,15,2000,2000.0,5.0,pool,ga,0.5971402820764915,0.2242292490118577,0.6316802451603258,0.7118474968822377,0.7432365457248816,0.652946017116524,0.6189021385631222
rehearsal,256,0.0,0.0005,0.0001,15,5000,500.0,2.0,gcn,ga,0.7840830566567082,0.5594268774703557,0.768200164436804,0.8379654373775165,0.8745919710149881,0.8504772876892692,0.8138366019513157
rehearsal,256,0.5,0.0005,1e-05,15,10000,2000.0,10.0,mean,ga,0.8268626184079788,0.7550197628458498,0.8444203602660887,0.8449848565829324,0.8473672517218396,0.8311882817643186,0.8381951972668441
rehearsal,256,0.0,0.0001,0.0,15,5000,2000.0,10.0,pool,ga,0.8764379286832197,0.9131818181818182,0.9110733238657598,0.9055050774986638,0.8745919710149881,0.8245391705069124,0.829736211031175
rehearsal,64,0.0,0.001,1e-05,20,5000,500.0,5.0,mean,ga,0.8848586686051538,0.8783003952569169,0.9461656327079752,0.8977908426866203,0.869892160716422,0.8571757735352206,0.8598272067277685
rehearsal,64,0.0,0.0005,0.0001,15,5000,1000.0,5.0,gcn,ga,0.6679072888894823,0.7679841897233202,0.6408176993796247,0.7035453411722786,0.6457197545844513,0.6275016458196182,0.6218751026575999
rehearsal,256,0.0,0.0001,0.0,10,5000,500.0,10.0,gcn,ga,0.462354386549011,0.6956719367588933,0.44711861873084685,0.440833778727953,0.40835369917796044,0.38321263989466753,0.3989356460037449
rehearsal,256,0.0,0.0005,1e-05,15,5000,1000.0,10.0,pool,ga,0.881372341355226,0.9877470355731225,0.9170341580088198,0.8586495635132727,0.8583733529301181,0.8572745227123107,0.8091554153937124
rehearsal,128,0.0,0.0001,0.0,15,5000,2000.0,10.0,pool,ga,0.7323661884683276,0.6624110671936759,0.7062747589505942,0.7512560128273651,0.781313554252901,0.7809743252139566,0.7119674123714727
rehearsal,256,0.5,0.0005,1e-05,15,10000,2000.0,10.0,mean,ga,0.8011033280456122,0.6668379446640316,0.8254727558113462,0.8382683057188669,0.8267222668466836,0.8100065832784726,0.8393121119542722
ewc,128,0.3,0.001,0.0,15,5000,1000.0,2.0,pool,ga,0.500612885006887,0.965197628458498,0.4933664698407953,0.4816319258863353,0.3908191342094919,0.36899275839368006,0.3036693932525213
ewc,128,0.0,0.0005,1e-05,15,5000,1000.0,10.0,pool,ga,0.7052595947711583,0.9841501976284585,0.892237835413708,0.6835382148583645,0.5543896228188607,0.5730250164581961,0.5442166814493611
ewc,64,0.3,0.001,0.0,10,2000,500.0,10.0,mean,ga,0.4688774207872472,0.5448418972332015,0.48107108154570594,0.46215927311598076,0.4455932869618717,0.4405365371955234,0.43906244867120003
ewc,64,0.5,0.0001,0.0001,10,2000,2000.0,2.0,lstm,ga,0.1819756163586778,0.3911264822134387,0.21516929516406308,0.13507928024229468,0.1282962760412216,0.11398946675444371,0.10819289773660523
ewc,256,0.0,0.0001,1e-05,10,5000,2000.0,10.0,mean,ga,0.16364814601473676,0.6375691699604743,0.09761566634277599,0.031320149652592194,0.06138806760890742,0.07847267939433838,0.07552314312933216
ewc,128,0.0,0.001,1e-05,10,2000,500.0,5.0,lstm,ga,0.7719499775581428,0.8944664031620554,0.8799424471186187,0.7104400498841974,0.7331874967955839,0.6693383805134957,0.7443250878749056
ewc,256,0.5,0.0001,1e-05,15,2000,500.0,5.0,gcn,ga,0.42065373392059596,0.544407114624506,0.5075117721802825,0.4743452699091395,0.4108659614102849,0.30399934167215276,0.28279294372721003
ewc,64,0.0,0.0005,1e-05,15,5000,2000.0,2.0,pool,ga,0.41073734210313617,0.5531620553359684,0.5234322445623739,0.5791911633707465,0.30902534479517374,0.28240618828176434,0.21720705627279
ewc,256,0.3,0.0001,1e-05,10,2000,500.0,10.0,mean,ga,0.12000993817863549,0.32217391304347825,0.11420883474101204,0.09169784429004098,0.06798489224616752,0.06566820276497695,0.058325941986137116
ewc,256,0.3,0.0001,1e-05,10,5000,2000.0,2.0,mean,ga,0.3181730075699429,0.5545454545454546,0.3798490171163764,0.3300552289328345,0.2379471228615863,0.20599078341013824,0.20065043855326697
ewc,128,0.0,0.0001,1e-05,10,5000,2000.0,10.0,mean,ga,0.499879970236694,0.6860474308300395,0.5493123551834965,0.518439337252806,0.4880795720609095,0.3778308097432521,0.37957031634966
ewc,128,0.0,0.0005,1e-05,10,2000,500.0,5.0,mean,ga,0.26076977685049835,0.486897233201581,0.34124374018984976,0.16294316764653483,0.17220104933946304,0.1965931533903884,0.20474031733517295
ewc,128,0.5,0.0001,1e-05,15,2000,500.0,5.0,lstm,ga,0.24888618451277078,0.44630434782608697,0.30781448538754763,0.21218599679315875,0.20009228718404456,0.1683838051349572,0.15853618475082948
ewc,128,0.0,0.001,1e-05,15,5000,1000.0,10.0,pool,ga,0.6709509406838969,0.9764426877470356,0.7566709021601017,0.6382326741492963,0.5867072274537283,0.6049045424621462,0.46274761013107324
ewc,128,0.3,0.0001,1e-05,15,5000,1000.0,10.0,pool,ga,0.42266983872929353,0.5780039525691699,0.48897525973540623,0.4391947265277035,0.40705484251362944,0.3501316655694536,0.2726585854603988
ewc,128,0.0,0.0005,1e-05,10,5000,500.0,5.0,mean,ga,0.41704494556691296,0.7064229249011857,0.35899544061589056,0.34596472474612505,0.3723616974005777,0.35436142198815007,0.36416346374954833
ewc,128,0.0,0.0005,1e-05,15,5000,1000.0,10.0,gcn,ga,0.7407419096377437,0.8711067193675889,0.8091225054189402,0.7450204881525031,0.7202502008100764,0.6456385780118499,0.6533129660655037
ewc,64,0.0,0.001,1e-05,15,5000,1000.0,2.0,mean,ga,0.6582505098183856,0.6222924901185771,0.6994356827864564,0.6729912702654552,0.6434809358604071,0.6453258722843976,0.6659768075950199
ewc,256,0.0,0.0005,1e-05,10,5000,2000.0,10.0,pool,ga,0.6883397923207456,0.9594664031620553,0.842663876223933,0.562729378229111,0.7012116965460666,0.577567478604345,0.48639992115896324
ewc,128,0.0,0.001,1e-05,15,5000,1000.0,10.0,pool,ga,0.5446818735662766,0.9935177865612648,0.7519246580461918,0.44325672545875644,0.33522465093227144,0.3393515470704411,0.40481587332873425
si,256,0.5,0.001,0.0,20,5000,500.0,2.0,gcn,ga,0.7164223350549451,0.8885177865612648,0.8371328200911877,0.7355603064314983,0.6194520875702835,0.6100230414746544,0.6078479682007818
si,128,0.3,0.0005,0.0001,15,2000,500.0,5.0,gcn,ga,0.6235677606598288,0.8184584980237154,0.798321997159728,0.6146802066631035,0.5267205578247569,0.4895325872284398,0.49369271705922935
si,64,0.0,0.0001,0.0,20,10000,1000.0,2.0,mean,ga,0.409008174619833,0.5709090909090909,0.5882913521189924,0.43846427935150545,0.31136670483482304,0.2849407504937459,0.2600768700108406
si,64,0.5,0.0005,0.0,10,10000,2000.0,5.0,gcn,ga,0.28372971211467185,0.5316205533596838,0.3686934748486434,0.3136825227151256,0.22492437577974125,0.13778801843317973,0.1256693275516573
si,256,0.5,0.0005,1e-05,15,5000,1000.0,10.0,lstm,ga,0.514072271374148,0.891897233201581,0.6697249420733986,0.5258328879387137,0.3694734503443679,0.33415075707702435,0.29335435760980255
si,128,0.3,0.001,0.0001,20,5000,500.0,10.0,gcn,ga,0.6821665237318526,0.723201581027668,0.7327901935869646,0.6669695350080171,0.6551877360586537,0.6533080974325214,0.6615419992772905
si,256,0.5,0.0001,0.0,15,2000,1000.0,2.0,gcn,ga,0.32068100870871125,0.596699604743083,0.38356753120562076,0.3121147336540175,0.24184369285457932,0.20070770243581304,0.18915278735915378
si,128,0.0,0.0001,0.0,20,5000,2000.0,10.0,lstm,ga,0.24917849179877538,0.7925494071146245,0.1957358546976605,0.1270978086584714,0.0990207304359715,0.11129032258064517,0.16937682730527906
si,64,0.0,0.0001,1e-05,15,5000,1000.0,10.0,lstm,ga,0.20613893027291852,0.3924505928853755,0.2860266088646386,0.20919294494922502,0.1969989574966247,0.07440750493745886,0.07775697250418843
si,256,0.5,0.001,0.0,20,2000,500.0,2.0,gcn,ga,0.7069919774884289,0.846600790513834,0.7899693549592646,0.6810440049884198,0.6507955497069028,0.6376563528637261,0.6358858118984264
si,64,0.0,0.0001,0.0001,15,10000,500.0,2.0,gcn,ga,0.369973632003922,0.5702766798418972,0.5131362583152702,0.34325672545875646,0.2899355698733615,0.2544930875576037,0.24874347097664334
si,256,0.0,0.0005,0.0,15,2000,2000.0,2.0,mean,ga,0.7881222290496686,0.8574703557312253,0.9368039464832947,0.7944771067165509,0.7316493770615077,0.7221691902567479,0.6861633980486843
si,256,0.5,0.001,0.0,15,5000,1000.0,2.0,gcn,ga,0.7648711289473334,0.8699802371541502,0.8641527767396666,0.7618742205594157,0.7174303146309368,0.703275181040158,0.6725140435596728
si,128,0.0,0.0001,0.0,20,5000,1000.0,10.0,gcn,ga,0.2151008691093533,0.3570750988142293,0.28247626877943044,0.27277748084803133,0.13754208466494625,0.1261026991441738,0.11463158240530863
si,256,0.0,0.0001,1e-05,15,5000,1000.0,2.0,gcn,ga,0.35088429565733037,0.8776284584980237,0.3108042454593019,0.24603598788526634,0.22181395587305386,0.21660631994733376,0.23241680628100259
si,256,0.0,0.0005,0.0,15,2000,2000.0,2.0,mean,ga,0.7244500931207587,0.8955533596837945,0.8590328126167875,0.7632638517726705,0.6659033035393844,0.6110928242264648,0.5518544068854505
si,256,0.5,0.0005,0.0,20,5000,500.0,2.0,gcn,ga,0.6170421079366517,0.7455533596837944,0.7029860228716646,0.6053091038660253,0.5697708201596227,0.5438940092165898,0.5347393318222134
si,256,0.3,0.0001,0.0,10,5000,2000.0,10.0,pool,ga,0.17118120504422654,0.4674308300395257,0.08644143807459452,0.08936397648316409,0.11135986874711602,0.12954246214614878,0.14294865477481028
si,64,0.0,0.001,0.0001,15,5000,500.0,2.0,lstm,ga,0.558431819746029,0.5537154150197628,0.5479295911503101,0.6186174951006592,0.5432809802949772,0.5542791310072416,0.5327683059032227
si,256,0.5,0.0001,1e-05,15,5000,1000.0,10.0,gcn,ga,0.258197542040622,0.386403162055336,0.34514911428357875,0.2996436843042936,0.2302907046297404,0.16119157340355497,0.1265070135672284
gen_replay,128,0.0,0.001,0.0001,15,10000,1000.0,10.0,gcn,ga,0.882615699363865,0.9012648221343873,0.8887248673293968,0.8680384820951363,0.8638422230957223,0.8847597103357472,0.8890640911927992
gen_replay,256,0.0,0.0005,1e-05,20,5000,2000.0,5.0,mean,ga,0.8820552370931422,0.8770750988142293,0.9493609387846625,0.900053447354356,0.8362073385401535,0.849292297564187,0.8803423015012647
gen_replay,64,0.3,0.001,0.0,20,10000,2000.0,2.0,mean,ga,0.8450657603156687,0.8071541501976285,0.8638351147320428,0.8505077498663817,0.8474697930374446,0.8469223173140223,0.8545054367464933
gen_replay,256,0.5,0.0001,0.0,10,2000,500.0,5.0,lstm,ga,0.503811843229233,0.6156916996047431,0.5991105463786531,0.5780153215749154,0.5064857382120213,0.37911454904542463,0.34445320455963996
gen_replay,256,0.5,0.0005,0.0,10,10000,1000.0,10.0,pool,ga,0.8508545810096297,0.8806521739130435,0.9002541296060991,0.8556743274541243,0.8267564472852187,0.7908492429229756,0.8509411648763181
gen_replay,256,0.0,0.0001,0.0001,20,2000,1000.0,10.0,lstm,ga,0.6803434375797157,0.7964624505928853,0.7852978548471485,0.6868697666132193,0.6511544443115205,0.5876563528637261,0.5746197562497947
gen_replay,64,0.0,0.0001,0.0,10,10000,2000.0,5.0,mean,ga,0.3136673549021962,0.531403162055336,0.33644143807459453,0.2728487439871726,0.2863124433886487,0.22302501645819617,0.23197332544922966
gen_replay,64,0.5,0.0005,1e-05,15,5000,2000.0,5.0,mean,ga,0.5149425879045085,0.6347430830039525,0.5692876896629046,0.47215392838054515,0.4645805205680789,0.4699967083607637,0.47889359745080645
gen_replay,128,0.5,0.0005,0.0,10,10000,1000.0,10.0,pool,ga,0.7213738581705903,0.675494071146245,0.7495141639883399,0.770140744699804,0.7296669116264761,0.6922811059907834,0.7111461515718932
gen_replay,256,0.5,0.001,0.0,10,2000,500.0,5.0,lstm,ga,0.7128471349716854,0.9577272727272728,0.8725241049405785,0.6890076607874577,0.6069249568471964,0.5575543120473996,0.5933445024802076
gen_replay,128,0.0,0.001,0.0,10,10000,2000.0,5.0,mean,ga,0.8339710947676938,0.7009881422924901,0.7916137229987293,0.8654730090860503,0.889340830242852,0.8754608294930876,0.8809500344929536
gen_replay,64,0.5,0.0001,0.0,20,2000,2000.0,5.0,lstm,ga,0.3943549760968308,0.6036166007905138,0.4853128036475073,0.4078211295207554,0.31645959017654196,0.28573074391046743,0.26718898853519923
gen_replay,256,0.0,0.0001,0.0,20,5000,1000.0,5.0,lstm,ga,0.7856005511194679,0.6365810276679842,0.8191195156588684,0.8099055763406378,0.8053765829815597,0.8117017774851876,0.8309188265825695
gen_replay,64,0.3,0.001,0.0,10,5000,1000.0,5.0,gcn,ga,0.5267201786190814,0.5467193675889328,0.5235817325659616,0.4884019241047568,0.5250115358980055,0.5242429229756419,0.5523635885811898
gen_replay,256,0.5,0.0001,0.0,10,10000,1000.0,5.0,lstm,ga,0.5884052925313514,0.666798418972332,0.5498542491965019,0.5397113842864778,0.5707962333156734,0.5866688610928242,0.6166026083242995
gen_replay,256,0.5,0.0005,1e-05,20,10000,1000.0,2.0,lstm,ga,0.8958785262305072,0.9265612648221344,0.917202332012856,0.8910386602529842,0.8803684651274076,0.8806122448979592,0.879488190269702
gen_replay,128,0.0,0.001,0.0001,15,10000,1000.0,10.0,gcn,ga,0.796155879903043,0.5239723320158103,0.7106099110546379,0.8769463744877962,0.884145403585528,0.8831797235023041,0.8980815347721822
gen_replay,128,0.5,0.0005,1e-05,15,10000,1000.0,10.0,pool,ga,0.8091119828897471,0.7896640316205533,0.845522834292548,0.819722073757349,0.7991557431681848,0.7800691244239631,0.8205380900758845
gen_replay,256,0.0,0.0005,1e-05,20,5000,2000.0,5.0,mean,ga,0.8958346271549793,0.9583596837944665,0.9578070109873683,0.9047389987528951,0.8367542255567139,0.8571428571428571,0.8602049866955751
gen_replay,128,0.0,0.0005,1e-05,20,5000,2000.0,5.0,mean,ga,0.8009801596130774,0.6287351778656126,0.8157186635772479,0.8654195617316943,0.8322936783278929,0.837936142198815,0.8257777339772018
