mech,hidden_feats,dropout,lr,weight_decay,epochs_per_batch,buffer_size,ewc_lam,si_c,num_heads,attn_drop,negative_slope,residual,method,avg_acc,batch1_acc,batch2_acc,batch3_acc,batch4_acc,batch5_acc,batch6_acc
naive,64,0.3,0.001,0.0,10,5000,1000.0,5.0,2,0.2,0.2,False,grid,0.42012385512915656,0.6236758893280633,0.5175835264220047,0.4448245145198646,0.390255156973664,0.3312047399605003,0.21319930357084196
naive,64,0.3,0.001,0.0,10,5000,1000.0,5.0,4,0.2,0.2,False,grid,0.48971344670984496,0.6380632411067194,0.6156850287764407,0.5277748084803136,0.4704424657768359,0.3544107965766952,0.331904339542065
naive,64,0.3,0.001,0.0,15,5000,1000.0,5.0,2,0.2,0.2,False,grid,0.40810697952996583,0.5844664031620553,0.5475371851408924,0.449135934437912,0.36096252114914634,0.31277156023699804,0.19376827305279065
naive,64,0.3,0.001,0.0,15,5000,1000.0,5.0,4,0.2,0.2,False,grid,0.5357218350537879,0.679901185770751,0.7026870468644891,0.5867806876892927,0.5207218908618597,0.3704246214614878,0.35381557767484645
naive,64,0.3,0.001,0.0001,10,5000,1000.0,5.0,2,0.2,0.2,False,grid,0.3740480202679135,0.5173715415019763,0.4795388295089319,0.4381792267949403,0.3141524105754277,0.26555299539170507,0.22949311783449952
naive,64,0.3,0.001,0.0001,10,5000,1000.0,5.0,4,0.2,0.2,False,grid,0.4958155518995688,0.6004743083003953,0.628989461095747,0.5664706930340282,0.49105327021345685,0.35301184990125084,0.33489372885253443
naive,64,0.3,0.001,0.0001,15,5000,1000.0,5.0,2,0.2,0.2,False,grid,0.3970033951519502,0.6017786561264822,0.5782943418790643,0.44847675040085516,0.33040520909883275,0.22187294272547728,0.20119247068098944
naive,64,0.3,0.001,0.0001,15,5000,1000.0,5.0,4,0.2,0.2,False,grid,0.5804054466006208,0.7084189723320158,0.6594102698258465,0.5873151612328523,0.5381710047339907,0.5035878867676102,0.48552938471140894
naive,64,0.3,0.0005,0.0,10,5000,1000.0,5.0,2,0.2,0.2,False,grid,0.36529614857218756,0.509604743083004,0.4315158083563794,0.39233921254231247,0.33937757421427717,0.30391705069124425,0.2150225025459085
naive,64,0.3,0.0005,0.0,10,5000,1000.0,5.0,4,0.2,0.2,False,grid,0.4140230854592095,0.5482608695652174,0.5402683309664399,0.46481382504899343,0.4103532548322595,0.28331138907175774,0.237130843270589
naive,64,0.3,0.0005,0.0,15,5000,1000.0,5.0,2,0.2,0.2,False,grid,0.36335290512195173,0.5343675889328063,0.47582031541968756,0.4008195261001247,0.31295609522670176,0.2750987491770902,0.18105515587529977
naive,64,0.3,0.0005,0.0,15,5000,1000.0,5.0,4,0.2,0.2,False,grid,0.4741226680051358,0.675098814229249,0.6056880185365124,0.5210760734010333,0.3796079503700032,0.33531928900592495,0.3279458624880917
rehearsal,64,0.3,0.001,0.0,10,5000,1000.0,5.0,2,0.2,0.2,False,grid,0.5500518637748738,0.5701383399209486,0.5751364078032738,0.5749331908070551,0.5446481978363782,0.5210994075049374,0.5143556387766499
rehearsal,64,0.3,0.001,0.0,10,5000,1000.0,5.0,4,0.2,0.2,False,grid,0.6314578768235378,0.5865810276679841,0.6268218850437253,0.6649385355424906,0.6548288414540359,0.6232554312047399,0.6323215400282514
rehearsal,64,0.3,0.001,0.0,15,5000,1000.0,5.0,2,0.2,0.2,False,grid,0.5449800537343306,0.5439920948616601,0.5520218252485238,0.5605914840548726,0.5551586826858989,0.5346938775510204,0.5234223580040077
rehearsal,64,0.3,0.001,0.0,15,5000,1000.0,5.0,4,0.2,0.2,False,grid,0.6532455427771904,0.6809881422924902,0.7038829508931909,0.6805807945840014,0.6305949105327021,0.6200789993416721,0.6033474590190862
rehearsal,64,0.3,0.001,0.0001,10,5000,1000.0,5.0,2,0.2,0.2,False,grid,0.5378291114118824,0.5313241106719367,0.5590103894162494,0.5602707999287369,0.5464084904209321,0.517034233048058,0.5129266449853815
rehearsal,64,0.3,0.001,0.0001,10,5000,1000.0,5.0,4,0.2,0.2,False,grid,0.6286554201579962,0.6376679841897234,0.6759847522236341,0.6604845893461607,0.6315690530309503,0.5916392363396972,0.5745869058178115
rehearsal,64,0.3,0.001,0.0001,15,5000,1000.0,5.0,2,0.2,0.2,False,grid,0.608364317704842,0.6204545454545455,0.647712833545108,0.6291288081239979,0.599388170150223,0.5777156023699802,0.5757859465851976
rehearsal,64,0.3,0.001,0.0001,15,5000,1000.0,5.0,4,0.2,0.2,False,grid,0.6495235676274894,0.6177667984189723,0.7071343149712236,0.6875289506502762,0.649804316989387,0.6197498354180382,0.6151571893170396
rehearsal,64,0.3,0.0005,0.0,10,5000,1000.0,5.0,2,0.2,0.2,False,grid,0.5090645475057419,0.5782411067193676,0.549050751177218,0.5134152859433458,0.49228376600071777,0.46273864384463465,0.45865773134916726
rehearsal,64,0.3,0.0005,0.0,10,5000,1000.0,5.0,4,0.2,0.2,False,grid,0.5810109940543181,0.6462450592885376,0.603856790492563,0.5806164261535721,0.5732914053287304,0.5471362738643845,0.534920009198121
rehearsal,64,0.3,0.0005,0.0,15,5000,1000.0,5.0,2,0.2,0.2,False,grid,0.48503860749221356,0.5662648221343873,0.477408625457807,0.4683057188669161,0.465349580435117,0.4671658986175115,0.4657369994415427
rehearsal,64,0.3,0.0005,0.0,15,5000,1000.0,5.0,4,0.2,0.2,False,grid,0.6062965486059738,0.6460079051383399,0.6431721354361313,0.6249242829146624,0.600652846376019,0.5642034233048058,0.5588186984658848
ewc,64,0.3,0.001,0.0,10,5000,1000.0,5.0,2,0.2,0.2,False,grid,0.4206796095937491,0.5759288537549407,0.5167800284027206,0.4647960092642081,0.40643959461999896,0.2953094140882159,0.2648237574324102
ewc,64,0.3,0.001,0.0,10,5000,1000.0,5.0,4,0.2,0.2,False,grid,0.5232721246529758,0.6561462450592885,0.6458255474998131,0.5845002672367717,0.5136978107429119,0.3768762343647136,0.3625866430143556
ewc,64,0.3,0.001,0.0,15,5000,1000.0,5.0,2,0.2,0.2,False,grid,0.4573761136739967,0.6266403162055336,0.5767060318409447,0.5052734722964547,0.4416625365303437,0.31430217248189596,0.27967215268880785
ewc,64,0.3,0.001,0.0,15,5000,1000.0,5.0,4,0.2,0.2,False,grid,0.5304208677884489,0.6950592885375494,0.6610359518648629,0.587689292713344,0.5124502247363834,0.36897630019749833,0.35731414868105515
ewc,64,0.3,0.001,0.0001,10,5000,1000.0,5.0,2,0.2,0.2,False,grid,0.42141346822967846,0.5491106719367589,0.5221989685327753,0.4697131658649564,0.4167108163997744,0.3379526003949967,0.23279458624880917
ewc,64,0.3,0.001,0.0001,10,5000,1000.0,5.0,4,0.2,0.2,False,grid,0.46877978665209635,0.5286363636363637,0.5769863218476717,0.5323000178157847,0.4863534599148907,0.35511849901250825,0.33328405768535857
ewc,64,0.3,0.001,0.0001,15,5000,1000.0,5.0,2,0.2,0.2,False,grid,0.3823043004828861,0.5060671936758894,0.4622729650945512,0.387243898093711,0.3800352058516911,0.29287360105332455,0.26533293912814954
ewc,64,0.3,0.001,0.0001,15,5000,1000.0,5.0,4,0.2,0.2,False,grid,0.46079153275601037,0.664604743083004,0.6145825547499814,0.5103866025298415,0.36109924290328643,0.30473996050032914,0.30933609276961993
ewc,64,0.3,0.0005,0.0,10,5000,1000.0,5.0,2,0.2,0.2,False,grid,0.3236223139965781,0.5169762845849802,0.3458404963001719,0.306574024585783,0.28068976124963685,0.2609611586570112,0.2306921586018856
ewc,64,0.3,0.0005,0.0,10,5000,1000.0,5.0,4,0.2,0.2,False,grid,0.36183233217124305,0.4902766798418972,0.4272740862545781,0.36431498307500443,0.3422658212704869,0.28752468729427255,0.25933773529121906
ewc,64,0.3,0.0005,0.0,15,5000,1000.0,5.0,2,0.2,0.2,False,grid,0.446278223922476,0.7045849802371541,0.6385193213244638,0.4956707642971673,0.3795566797122007,0.24091507570770243,0.21842252225616768
ewc,64,0.3,0.0005,0.0,15,5000,1000.0,5.0,4,0.2,0.2,False,grid,0.4208909220470583,0.6407312252964427,0.5710254877046117,0.47331195439159096,0.3774545827422966,0.25037853851217906,0.2124437436352288
si,64,0.3,0.001,0.0,10,5000,1000.0,5.0,2,0.2,0.2,False,grid,0.4481051006078638,0.6097826086956522,0.5277113386650721,0.47297345448066985,0.4275972860731803,0.36683673469387756,0.2837291810387307
si,64,0.3,0.001,0.0,10,5000,1000.0,5.0,4,0.2,0.2,False,grid,0.5344243666105052,0.6726482213438735,0.6821137603707302,0.6214858364510957,0.4613333789072514,0.40268268597761686,0.36628231661246347
si,64,0.3,0.001,0.0,15,5000,1000.0,5.0,2,0.2,0.2,False,grid,0.38778939797622,0.5522727272727272,0.4692802152627252,0.3724746125066809,0.33134517115854595,0.3051020408163265,0.29626162084031404
si,64,0.3,0.001,0.0,15,5000,1000.0,5.0,4,0.2,0.2,False,grid,0.5287972116115774,0.703794466403162,0.6852530084460722,0.5939604489577766,0.45948763522635994,0.3883311389071758,0.34195657172891825
si,64,0.3,0.001,0.0001,10,5000,1000.0,5.0,2,0.2,0.2,False,grid,0.473458760599112,0.5843675889328063,0.5616451154794828,0.4870122928915019,0.43219455505614135,0.40164581961816986,0.37388719161656975
si,64,0.3,0.001,0.0001,10,5000,1000.0,5.0,4,0.2,0.2,False,grid,0.5674386820749432,0.7031225296442688,0.692372374616937,0.621396757527169,0.5079384068497599,0.45169519420671495,0.4281068296048093
si,64,0.3,0.001,0.0001,15,5000,1000.0,5.0,2,0.2,0.2,False,grid,0.4476476160211107,0.6922924901185771,0.6220943269302639,0.4886513450917513,0.3183395142959684,0.28178077682685976,0.28272724286324363
si,64,0.3,0.001,0.0001,15,5000,1000.0,5.0,4,0.2,0.2,False,grid,0.4788850291321547,0.6581422924901186,0.6624374018984976,0.566239087831819,0.37651462068258335,0.32463791968400263,0.2853388522059065
si,64,0.3,0.0005,0.0,10,5000,1000.0,5.0,2,0.2,0.2,False,grid,0.2732411404162345,0.46804347826086956,0.3017228492413484,0.248245145198646,0.23346948541349785,0.1978604344963792,0.190105449886666
si,64,0.3,0.0005,0.0,10,5000,1000.0,5.0,4,0.2,0.2,False,grid,0.4860965222880624,0.6192885375494072,0.574501083788026,0.5258863352930696,0.49824825252507987,0.36482883475971034,0.33382608981308104
si,64,0.3,0.0005,0.0,15,5000,1000.0,5.0,2,0.2,0.2,False,grid,0.33775022102716984,0.47790513833992093,0.42869422228866133,0.36835916622127207,0.31020456992463213,0.26683673469387753,0.17450149469465523
si,64,0.3,0.0005,0.0,15,5000,1000.0,5.0,4,0.2,0.2,False,grid,0.37542402152720217,0.4811067193675889,0.44192391060617386,0.3900409763050062,0.3879479773725497,0.2862080315997367,0.26531651391215794
gen_replay,64,0.3,0.001,0.0,10,5000,1000.0,5.0,2,0.2,0.2,False,grid,0.4972099269327561,0.5203162055335968,0.4835376336049032,0.49369321218599677,0.5075966024644096,0.4889565503620803,0.4891593574455504
gen_replay,64,0.3,0.001,0.0,10,5000,1000.0,5.0,4,0.2,0.2,False,grid,0.5931890157980418,0.534802371541502,0.6217019209208461,0.644343488330661,0.6074547536444893,0.5813693219223173,0.5694622384284354
gen_replay,64,0.3,0.001,0.0,15,5000,1000.0,5.0,2,0.2,0.2,False,grid,0.5149520022136466,0.5026482213438735,0.5017004260408102,0.5091573133796544,0.5235075966024644,0.5195687952600395,0.5331296606550376
gen_replay,64,0.3,0.001,0.0,15,5000,1000.0,5.0,4,0.2,0.2,False,grid,0.6759166029795559,0.7319762845849802,0.7490470139771284,0.6867806876892927,0.6508980910225078,0.6205562870309415,0.6162412535724845
gen_replay,64,0.3,0.001,0.0001,10,5000,1000.0,5.0,2,0.2,0.2,False,grid,0.5093161179598552,0.5297035573122529,0.5042043501009044,0.5257616247995724,0.5024011758070857,0.49274193548387096,0.5010840642554449
gen_replay,64,0.3,0.001,0.0001,10,5000,1000.0,5.0,4,0.2,0.2,False,grid,0.665369051531321,0.7077865612648221,0.7051535989236863,0.6856226616782469,0.6601609898655,0.6259710335747202,0.60751946388095
gen_replay,64,0.3,0.001,0.0001,15,5000,1000.0,5.0,2,0.2,0.2,False,grid,0.5907887555050151,0.6107509881422925,0.6174041408176993,0.6065027614466417,0.5906037974467212,0.5624917709019092,0.5569790742748267
gen_replay,64,0.3,0.001,0.0001,15,5000,1000.0,5.0,4,0.2,0.2,False,grid,0.6460612283801243,0.6346837944664032,0.7055646909335526,0.684678425084625,0.6422504400731461,0.6057932850559579,0.6033967346670609
gen_replay,64,0.3,0.0005,0.0,10,5000,1000.0,5.0,2,0.2,0.2,False,grid,0.3734710415768854,0.4525098814229249,0.38913595933926304,0.3821129520755389,0.3569292294020132,0.3240618828176432,0.3360763444039289
gen_replay,64,0.3,0.0005,0.0,10,5000,1000.0,5.0,4,0.2,0.2,False,grid,0.5849125395037276,0.6055335968379446,0.6065102025562449,0.586299661500089,0.5853912805701297,0.5601053324555628,0.5656351631023948
gen_replay,64,0.3,0.0005,0.0,15,5000,1000.0,5.0,2,0.2,0.2,False,grid,0.5092627941092902,0.5760079051383399,0.5717168697212048,0.5174772848743987,0.49375352485772395,0.4597597103357472,0.4368614697283269
gen_replay,64,0.3,0.0005,0.0,15,5000,1000.0,5.0,4,0.2,0.2,False,grid,0.5697649131550104,0.5552173913043478,0.5977838403468122,0.6035809727418493,0.5703006169569156,0.5515141540487163,0.5401925035314215
naive,128,0.3,0.001,1e-05,20,2000,2000.0,2.0,4,0.0,0.2,False,random,0.6174316519551998,0.8804150197628459,0.7614545182749084,0.6481738820595048,0.48503751303129217,0.4784068466096116,0.4511021319930357
naive,256,0.3,0.0005,0.0,20,10000,500.0,2.0,2,0.0,0.1,True,random,0.5752309812957298,0.8575296442687746,0.7308281635398759,0.6248352039907358,0.4590261993061371,0.4116853192890059,0.36748135737984955
naive,128,0.3,0.0001,1e-05,10,5000,1000.0,10.0,4,0.4,0.2,False,random,0.33703494979522636,0.5384189723320159,0.45193960684655055,0.3942098699447711,0.3478372327516962,0.1544930875576037,0.1353109293387208
naive,64,0.5,0.001,0.0,20,2000,1000.0,2.0,4,0.0,0.1,True,random,0.41239327727532865,0.7245454545454545,0.5898236041557665,0.4542134331017281,0.3037786474800472,0.21700131665569453,0.18499720771328143
naive,64,0.0,0.0001,1e-05,10,10000,500.0,5.0,1,0.0,0.2,True,random,0.15866806098756472,0.35027667984189725,0.2525039240600942,0.2396935685016925,0.05559448327722045,0.04883146807109941,0.00510824217338458
naive,256,0.3,0.0001,0.0001,20,5000,500.0,10.0,1,0.4,0.2,True,random,0.28817234026929933,0.6055731225296442,0.37058076089393827,0.2449314092285765,0.22128415907576093,0.16158657011191574,0.12507801977596006
naive,64,0.0,0.0001,0.0001,15,5000,500.0,10.0,2,0.2,0.1,False,random,0.22564028053563712,0.4409090909090909,0.3007698632184767,0.17509353287012294,0.1585630543639875,0.13943383805134957,0.139072303800795
naive,64,0.3,0.0001,1e-05,15,2000,2000.0,5.0,4,0.0,0.2,False,random,0.262360286372986,0.3877667984189723,0.35793033859032813,0.2900053447354356,0.24198041460871944,0.1575707702435813,0.13890805164087908
naive,256,0.5,0.0005,1e-05,20,2000,2000.0,10.0,1,0.2,0.2,True,random,0.37270634672083514,0.6017786561264822,0.5128746543089917,0.39265989666844825,0.2837489104985217,0.23117182356813692,0.21400413915442987
naive,64,0.5,0.0001,0.0001,10,2000,1000.0,10.0,4,0.4,0.1,False,random,0.27994085494292814,0.4476877470355731,0.3711413409073922,0.2954035275253875,0.2524054483619025,0.22537853851217907,0.0876285273151342
naive,128,0.0,0.001,0.0001,10,5000,2000.0,10.0,4,0.4,0.2,True,random,0.8012681332532003,0.9409683794466404,0.9117086478810076,0.7972741849278461,0.734623075214055,0.69825543120474,0.7247790808449132
naive,128,0.0,0.0001,0.0,15,10000,2000.0,2.0,8,0.2,0.1,False,random,0.43110475050784447,0.5566600790513834,0.4654682711712385,0.4059326563335115,0.3908533146480269,0.38503949967083606,0.38267468217207057
rehearsal,128,0.5,0.001,1e-05,10,10000,1000.0,5.0,1,0.0,0.2,True,random,0.49096885232913734,0.5024308300395257,0.5060355781448539,0.5093176554427222,0.4923863073163229,0.46558591178406844,0.4700568312473309
rehearsal,64,0.0,0.001,0.0001,20,10000,2000.0,10.0,2,0.0,0.2,False,random,0.8997547334902064,0.8036166007905138,0.9506502728156065,0.9215749153750222,0.9224958556218277,0.9033903884134299,0.8968003679248382
rehearsal,64,0.5,0.0001,0.0,15,10000,1000.0,2.0,8,0.2,0.2,False,random,0.39227088272217175,0.5042490118577075,0.43798116451154795,0.37504008551576695,0.35616016953497515,0.3411784068466096,0.33901645806642355
rehearsal,64,0.5,0.0005,1e-05,20,10000,1000.0,5.0,2,0.0,0.1,False,random,0.4984845902480597,0.5567588932806324,0.5211525525076612,0.5051309460181721,0.4846957086459419,0.4623107307439105,0.46085871029204034
rehearsal,64,0.3,0.0005,0.0,20,5000,500.0,2.0,4,0.0,0.2,True,random,0.7086218701689994,0.7781422924901186,0.809197249420734,0.7249420986994477,0.6597679148223472,0.6440915075707703,0.6355901580105778
rehearsal,256,0.5,0.001,1e-05,10,2000,2000.0,5.0,1,0.4,0.2,False,random,0.44967982927280997,0.5659683794466404,0.5402122729650946,0.4996793158738642,0.4394066275870319,0.3485516787360105,0.3042607010282185
rehearsal,64,0.0,0.0001,1e-05,10,10000,2000.0,10.0,1,0.2,0.2,False,random,0.22549404733194825,0.4519367588932806,0.18801853651244488,0.18232674149296277,0.17049202741271172,0.18115536537195523,0.17903485430833416
rehearsal,64,0.0,0.001,0.0001,15,10000,1000.0,5.0,4,0.2,0.2,False,random,0.7988827918773498,0.7593873517786561,0.8407392181777412,0.8085693924817389,0.8005913215866559,0.7841342988808426,0.799875168358464
rehearsal,256,0.3,0.0001,0.0001,15,10000,1000.0,10.0,1,0.2,0.2,False,random,0.4477210435801651,0.593399209486166,0.4958890799013379,0.4270087297345448,0.4081486165467503,0.3755431204739961,0.3863375053381952
rehearsal,256,0.3,0.001,0.0001,15,10000,2000.0,10.0,4,0.4,0.2,False,random,0.6678184037865685,0.7084584980237154,0.6955489946931759,0.6539461963299483,0.654999743646711,0.6613890717577353,0.6325679182681252
rehearsal,128,0.0,0.0005,0.0001,20,5000,2000.0,2.0,4,0.0,0.2,True,random,0.8877873582726333,0.9837747035573122,0.9606285970550863,0.9034918938179227,0.8272520636439765,0.8631500987491771,0.7884267928123255
rehearsal,64,0.0,0.001,0.0001,20,2000,2000.0,10.0,1,0.2,0.2,True,random,0.7287697101042049,0.7273122529644269,0.8193624336646984,0.7719045073935507,0.7194298702852358,0.7022712310730744,0.632337965244243
ewc,64,0.5,0.0001,0.0001,15,10000,500.0,10.0,4,0.4,0.1,True,random,0.27114253545377703,0.5228458498023716,0.3819418491666044,0.2717441653304828,0.20431357134312034,0.12760039499670836,0.1184093820833744
ewc,64,0.3,0.0005,0.0001,10,2000,2000.0,10.0,4,0.4,0.1,True,random,0.39527244458923794,0.5145059288537549,0.48389266761342403,0.395154106538393,0.3562627108505802,0.32458854509545754,0.2972307085838179
ewc,256,0.3,0.0005,0.0,15,2000,500.0,5.0,1,0.4,0.2,False,random,0.3124415486630133,0.5121739130434783,0.4674116152178788,0.31993586317477285,0.289320321979731,0.14374588545095457,0.1420616931112644
ewc,64,0.3,0.001,1e-05,10,5000,500.0,10.0,2,0.0,0.1,True,random,0.5835095736575444,0.6710276679841897,0.6880932805142387,0.6363976483164083,0.5660451523593047,0.5020901909150757,0.4374035018560494
ewc,64,0.0,0.0001,0.0001,10,2000,500.0,2.0,2,0.4,0.1,True,random,0.31325398082163886,0.46446640316205534,0.3561177965468271,0.29832531623017994,0.3006340471348247,0.2665734035549704,0.19340691830097564
ewc,256,0.0,0.001,0.0,15,5000,500.0,5.0,8,0.4,0.1,False,random,0.5357844362223733,0.7853162055335968,0.6466851035204425,0.5611437733832175,0.4771589219489686,0.37475312705727454,0.3696494858907395
ewc,128,0.3,0.0005,1e-05,15,5000,500.0,2.0,2,0.4,0.2,True,random,0.49270518881257236,0.6840909090909091,0.6181515808356379,0.5336005701051131,0.44694341428400525,0.36604674127715603,0.3073979172826123
ewc,64,0.5,0.001,0.0001,20,2000,2000.0,10.0,1,0.4,0.2,True,random,0.30870591723832813,0.5770750988142292,0.4092420958218103,0.28414395154106536,0.2267701194606327,0.18334430546412114,0.1716599323281101
ewc,128,0.3,0.0005,1e-05,20,10000,500.0,10.0,2,0.4,0.2,True,random,0.48678789890706003,0.6948814229249012,0.6555983257343598,0.5189025476572243,0.40502110642079536,0.34833772218564846,0.29798626851943105
ewc,128,0.5,0.001,1e-05,10,2000,1000.0,10.0,2,0.4,0.2,True,random,0.44020119618175174,0.6411067193675889,0.5894872561476941,0.47006948156066275,0.3775229436193666,0.30189269256089535,0.2611280838343024
ewc,128,0.3,0.0001,0.0,15,2000,500.0,2.0,2,0.2,0.2,True,random,0.3170055486744577,0.4618181818181818,0.41004559384109424,0.32177088900766077,0.2888930664980432,0.22407834101382487,0.19542721986794126
ewc,64,0.5,0.0005,1e-05,20,2000,500.0,10.0,2,0.2,0.1,True,random,0.33421175542774656,0.5848616600790514,0.4329920023918081,0.33030464991982894,0.2766051988447012,0.20515141540487164,0.17535560592621793
si,256,0.3,0.0005,0.0,15,10000,500.0,5.0,1,0.2,0.2,False,random,0.4252722645082115,0.593794466403162,0.5708012556992301,0.4294316764653483,0.355322748790867,0.3132817643186307,0.28900167537203114
si,256,0.0,0.0001,0.0,15,5000,1000.0,5.0,8,0.4,0.1,True,random,0.7234016790365946,0.8290711462450593,0.8082629493983108,0.6986103687867451,0.6814895835113565,0.6592330480579328,0.6637429782201636
si,128,0.0,0.0001,0.0001,20,10000,1000.0,10.0,1,0.2,0.1,True,random,0.2876910022307583,0.5666205533596838,0.3233238657597728,0.2656689827186888,0.24033975355903817,0.2032916392363397,0.12690121875102658
si,128,0.0,0.001,0.0001,20,2000,1000.0,2.0,8,0.4,0.2,False,random,0.4923814384508665,0.7807509881422925,0.613928544734285,0.5348298592553002,0.3198263633722421,0.35197498354180384,0.35297789165927534
si,256,0.3,0.0001,0.0,20,5000,500.0,2.0,1,0.4,0.1,False,random,0.2861875404731257,0.5284189723320158,0.4403542865685029,0.3437377516479601,0.13543998769504212,0.1382488479262673,0.1309253966689662
si,128,0.0,0.0005,0.0,10,2000,1000.0,10.0,8,0.0,0.2,False,random,0.8165523694502997,0.9061067193675889,0.9172583900142014,0.8018706574024586,0.7838599969237605,0.7580315997366689,0.7321868532571203
si,256,0.5,0.0001,1e-05,15,2000,500.0,10.0,1,0.2,0.2,False,random,0.2914351999315739,0.5657312252964427,0.42708722625009343,0.29203634420096203,0.23640900312751012,0.1259381171823568,0.10140928353207845
si,64,0.0,0.0005,0.0001,15,10000,500.0,2.0,4,0.4,0.2,False,random,0.5499947652962953,0.6423715415019763,0.6441064354585545,0.6134152859433458,0.5767265394015005,0.43541803818301517,0.3879307512893795
si,128,0.5,0.0001,0.0001,10,10000,500.0,5.0,1,0.2,0.1,False,random,0.30798855647106455,0.5055533596837944,0.40090813962179533,0.3479779084268662,0.28149300155520995,0.20589203423304805,0.10610689530567327
si,128,0.5,0.0005,1e-05,10,5000,500.0,5.0,4,0.4,0.2,False,random,0.40675703357537496,0.5393478260869565,0.5010090440242171,0.44835203990735795,0.40524327927127307,0.3565009874917709,0.19008902467067443
si,64,0.0,0.0005,0.0,20,5000,2000.0,10.0,1,0.2,0.2,True,random,0.6694628116224397,0.8887944664031621,0.8181852156364452,0.6621770889007661,0.5866901372344607,0.5289993416721527,0.5319306198876516
si,256,0.3,0.0001,1e-05,15,10000,500.0,10.0,1,0.4,0.2,True,random,0.3467345072115797,0.4809090909090909,0.4452873906868974,0.3645465882772136,0.32438945191666807,0.2446181698485846,0.22065635163102396
gen_replay,128,0.5,0.0005,1e-05,15,10000,500.0,10.0,8,0.4,0.1,False,random,0.5791608854106122,0.6014624505928854,0.6133492787203827,0.5730447176198111,0.5765214567702903,0.5637919684002634,0.5467954403600407
gen_replay,128,0.3,0.0005,1e-05,15,5000,1000.0,5.0,4,0.2,0.1,False,random,0.6756031340418521,0.7125889328063241,0.7314261155542268,0.6994298948868698,0.6583494266231436,0.635862409479921,0.6159620249006275
gen_replay,256,0.0,0.0001,1e-05,10,2000,1000.0,10.0,8,0.0,0.2,False,random,0.8055587884636135,0.8454150197628458,0.8558375065401002,0.8087653661143773,0.7920803923914344,0.7691244239631336,0.7621300220097894
gen_replay,128,0.0,0.0005,0.0,20,10000,2000.0,10.0,2,0.4,0.1,False,random,0.6499330590668496,0.6273320158102766,0.6738545481725091,0.6797790842686621,0.640114162664707,0.6374259381171824,0.6410926053677606
gen_replay,128,0.0,0.0001,0.0001,10,10000,1000.0,5.0,1,0.4,0.1,False,random,0.4661988841366285,0.5277272727272727,0.5000560580013453,0.4683235346517014,0.4582742296583665,0.42699144173798553,0.41582076804309975
gen_replay,64,0.5,0.0005,0.0,15,2000,500.0,2.0,1,0.0,0.1,False,random,0.3237752662608858,0.5097233201581027,0.4129792959115031,0.3185462319615179,0.2951309965306855,0.21013824884792626,0.19613350415557965
gen_replay,64,0.3,0.0001,0.0,20,5000,2000.0,2.0,8,0.4,0.2,True,random,0.5662302307455214,0.6493675889328063,0.6046602885118469,0.575432032781044,0.5519115410250713,0.5140717577353522,0.5019381754870077
gen_replay,64,0.3,0.0005,1e-05,10,5000,500.0,10.0,2,0.0,0.1,False,random,0.4102056171684659,0.47640316205533595,0.43562672845504147,0.42946730803491895,0.39463025310614736,0.359990125082291,0.3651161262770605
gen_replay,64,0.3,0.001,1e-05,20,10000,1000.0,5.0,2,0.2,0.1,False,random,0.6346531261640272,0.6259090909090909,0.6483668435608042,0.6495635132727596,0.6254165740946457,0.6221691902567479,0.6364935448901153
gen_replay,64,0.0,0.001,1e-05,20,2000,2000.0,2.0,1,0.2,0.1,False,random,0.6352146776036852,0.7314822134387352,0.7052283429254802,0.6596828790308213,0.6675610548083332,0.5390388413429889,0.5082947340757531
gen_replay,256,0.3,0.001,1e-05,20,5000,2000.0,10.0,4,0.0,0.1,False,random,0.7782852117863293,0.9009881422924901,0.8604903206517677,0.8048637092463923,0.7060653188180405,0.734825543120474,0.6624782365888111
gen_replay,256,0.3,0.0005,0.0001,20,2000,500.0,2.0,1,0.4,0.2,False,random,0.4335222664117473,0.5249407114624506,0.5036063980865536,0.44954569748797435,0.4047818433510502,0.3609940750493746,0.3572648730330804
naive,64,0.3,0.0005,1e-05,15,2000,1000.0,2.0,1,0.4,0.2,True,bayes,0.2800329958627107,0.559802371541502,0.2889603109350475,0.2410297523605915,0.2170799651359527,0.19514483212639894,0.17818074307677145
naive,128,0.5,0.001,1e-05,20,5000,1000.0,5.0,4,0.4,0.1,False,bayes,0.33597495904816155,0.6336166007905139,0.5230211525525077,0.4206841261357563,0.16782595320697966,0.13831468071099406,0.13238724089221773
naive,256,0.5,0.0005,1e-05,15,2000,1000.0,10.0,8,0.0,0.2,False,bayes,0.5522315439985704,0.8040118577075099,0.7404327677703865,0.596935685016925,0.47680002734435084,0.37467083607636603,0.3205380900758845
naive,256,0.0,0.001,1e-05,10,5000,1000.0,2.0,8,0.0,0.2,False,bayes,0.806407672158441,0.9897233201581027,0.9121571118917707,0.7822732941386068,0.7495941072923966,0.6953752468729427,0.7093229525968267
naive,256,0.3,0.0005,0.0,20,2000,1000.0,5.0,4,0.4,0.2,False,bayes,0.4321394327718054,0.6915415019762846,0.6084722326033336,0.5161767325850704,0.2726060875361031,0.253818301514154,0.25022174041588646
naive,256,0.0,0.0005,1e-05,20,5000,2000.0,10.0,8,0.0,0.2,False,bayes,0.7564762095649048,0.989110671936759,0.8667875028029001,0.7732406912524497,0.6354656230239434,0.6480085582620145,0.626244210111363
naive,64,0.5,0.0001,1e-05,15,10000,1000.0,5.0,4,0.0,0.1,False,bayes,0.31899847332856035,0.5385770750988143,0.4465580387173929,0.32173525743809017,0.26042076119836616,0.18665240289664253,0.16004730462205577
naive,128,0.5,0.0005,1e-05,20,10000,1000.0,5.0,2,0.0,0.2,True,bayes,0.3799727860348163,0.6135375494071146,0.5006353240152478,0.3766613219312311,0.29506263565361546,0.26268926925608954,0.23125061594559967
naive,256,0.3,0.0001,1e-05,15,10000,2000.0,2.0,4,0.0,0.1,False,bayes,0.527841620808511,0.6701778656126482,0.6353613872486733,0.5644753251380723,0.5039392955411618,0.4283739302172482,0.3647219210932624
naive,256,0.5,0.0001,0.0001,15,5000,2000.0,10.0,8,0.0,0.1,True,bayes,0.44323967683494647,0.5995652173913043,0.5744263397862321,0.48045608409050417,0.3945448020098098,0.3127057274522712,0.29773989027955716
naive,64,0.5,0.0001,1e-05,15,10000,2000.0,10.0,4,0.4,0.2,False,bayes,0.30299355975208603,0.4991106719367589,0.452481500859556,0.34001425262782825,0.3056073009416711,0.11112574061882817,0.10962189152787359
naive,64,0.0,0.0001,0.0001,15,10000,2000.0,2.0,4,0.4,0.1,False,bayes,0.2776220312399647,0.44636363636363635,0.37560729501457507,0.31587386424371994,0.31697229675456734,0.11420342330480579,0.09671167175848362
naive,256,0.5,0.0005,1e-05,20,2000,2000.0,10.0,8,0.0,0.1,False,bayes,0.4897162672641732,0.8101976284584981,0.6913820165931684,0.5404596472474612,0.36017637106284073,0.2847597103357472,0.251322229887323
naive,64,0.3,0.0005,0.0001,20,5000,2000.0,10.0,8,0.0,0.2,False,bayes,0.5940887072949853,0.8384189723320158,0.7520367740488826,0.6053803670051666,0.511339360483995,0.43930217248189596,0.41805459741795603
naive,256,0.3,0.0001,1e-05,20,10000,1000.0,10.0,8,0.0,0.1,False,bayes,0.5668054869324394,0.7124703557312253,0.7262874654308992,0.6120256547300909,0.5109975560986447,0.4357142857142857,0.40333760388949114
rehearsal,256,0.3,0.001,1e-05,20,5000,500.0,2.0,2,0.0,0.1,True,bayes,0.748171494696662,0.886600790513834,0.796995291127887,0.7106538393016212,0.7272230102712218,0.6930052666227782,0.67455077034263
rehearsal,128,0.3,0.001,0.0001,15,2000,2000.0,10.0,1,0.2,0.1,True,bayes,0.5196205190361131,0.5934584980237154,0.6016705284400927,0.5600570105113131,0.5176798318322424,0.4475312705727452,0.3973259748365691
rehearsal,256,0.3,0.0005,0.0001,10,5000,2000.0,5.0,1,0.2,0.1,False,bayes,0.5307011566139642,0.5152766798418972,0.5418753270050078,0.5439515410653839,0.5412985148599456,0.5177419354838709,0.5240629414276797
rehearsal,128,0.0,0.0001,0.0001,10,10000,2000.0,2.0,4,0.0,0.2,True,bayes,0.805524385873441,0.7591699604743083,0.7664623663950968,0.7806876892927134,0.8338488882812366,0.8348420013166556,0.8581354094806347
rehearsal,64,0.0,0.0001,1e-05,15,10000,2000.0,10.0,4,0.4,0.2,False,bayes,0.459802457288873,0.5600197628458498,0.47335376336049034,0.4300017815784785,0.4210346418744553,0.42223502304147464,0.45216977103248907
rehearsal,256,0.3,0.0001,1e-05,10,5000,2000.0,5.0,4,0.0,0.2,True,bayes,0.5598894943417361,0.5811660079051384,0.553965169295164,0.5713700338499911,0.5769828926905132,0.5415898617511521,0.5342630005584573
rehearsal,64,0.3,0.0001,0.0001,15,10000,1000.0,10.0,2,0.0,0.2,True,bayes,0.2781510786159319,0.5180434782608696,0.3208573137005755,0.24929627650097988,0.20313434621366191,0.1846280447662936,0.19294701225321112
rehearsal,256,0.3,0.0005,1e-05,15,10000,2000.0,5.0,4,0.4,0.1,False,bayes,0.6472914927505774,0.7176284584980237,0.6714627401151058,0.6321931231070729,0.6231606651513338,0.61724818959842,0.6220557800335075
rehearsal,128,0.3,0.0005,0.0001,15,5000,2000.0,10.0,2,0.4,0.1,True,bayes,0.6482101942859905,0.7137154150197629,0.6909148665819568,0.6606271156244432,0.6350383675422556,0.6032093482554312,0.5857560526920929
rehearsal,256,0.5,0.0005,0.0001,15,5000,1000.0,10.0,2,0.4,0.2,True,bayes,0.552586392158754,0.6511067193675889,0.6594102698258465,0.6012471049349724,0.5377266590330354,0.45485516787360103,0.4111724319174797
rehearsal,128,0.3,0.0005,0.0001,15,5000,1000.0,5.0,8,0.4,0.2,False,bayes,0.6230387235650042,0.6762845849802371,0.6764145302339487,0.6350258328879387,0.5880915352143968,0.5672317314022383,0.5951841266712657
rehearsal,128,0.3,0.0001,0.0001,20,10000,2000.0,10.0,2,0.4,0.2,True,bayes,0.4602789638767895,0.5161264822134387,0.4825285895806862,0.44632104044183146,0.45518089997094663,0.4251152073732719,0.4364015636805624
rehearsal,64,0.3,0.0001,1e-05,15,5000,1000.0,10.0,4,0.0,0.1,True,bayes,0.445292541492264,0.6024308300395257,0.5153972643695344,0.4351149118118653,0.40895185685232344,0.35836076366030284,0.35149962222003217
rehearsal,128,0.3,0.0001,0.0001,15,5000,2000.0,5.0,4,0.4,0.2,True,bayes,0.4423415197717302,0.4673517786561265,0.4695418192690037,0.47359700694815604,0.4477637448088459,0.3981731402238315,0.39762162872441775
rehearsal,256,0.3,0.0005,1e-05,15,5000,1000.0,10.0,4,0.0,0.1,False,bayes,0.787298183785619,0.8313636363636364,0.8539689064952538,0.8099412079102084,0.7676071984003555,0.7295918367346939,0.731316316809566
ewc,256,0.5,0.0001,0.0,10,5000,1000.0,10.0,8,0.2,0.1,False,bayes,0.38360445530698656,0.5251778656126482,0.5136594663278272,0.4507571708533761,0.3628424452685728,0.23420013166556947,0.2149896521139253
ewc,128,0.3,0.0001,1e-05,15,2000,1000.0,2.0,2,0.2,0.2,False,bayes,0.32043830914186705,0.5758893280632411,0.40729875177517005,0.307910208444682,0.2455693606548972,0.19795918367346937,0.18800302223974244
ewc,64,0.0,0.0005,1e-05,10,5000,1000.0,2.0,4,0.0,0.2,False,bayes,0.5099776767579511,0.5523517786561265,0.49971970999327303,0.517940495278817,0.4503614581375079,0.49499670836076365,0.5444959101212181
ewc,128,0.3,0.0005,1e-05,10,5000,1000.0,5.0,4,0.4,0.1,True,bayes,0.4915298530640915,0.5849407114624506,0.6054077285297855,0.5129342597541422,0.44834481226394135,0.40604015799868337,0.39151144837554613
ewc,64,0.0,0.001,0.0,15,2000,500.0,2.0,1,0.4,0.1,False,bayes,0.285247172385217,0.5215415019762846,0.4556954929366918,0.27402458578300376,0.2478765402560115,0.11461487820934825,0.09773003514996222
ewc,64,0.5,0.0005,0.0001,10,5000,2000.0,5.0,4,0.0,0.1,True,bayes,0.46777649372717783,0.6259288537549407,0.5746505717916137,0.4959380010689471,0.43450173465725567,0.35493745885450956,0.3207023422358004
ewc,64,0.5,0.0005,1e-05,15,5000,1000.0,10.0,4,0.0,0.1,True,bayes,0.395863365588552,0.5588735177865612,0.5237685925704462,0.4077676821663994,0.34621366192128245,0.28206056616194863,0.25649617292467397
ewc,128,0.3,0.0005,1e-05,20,5000,1000.0,10.0,8,0.4,0.1,True,bayes,0.5728492480057251,0.8798814229249012,0.7070782569698781,0.5732228754676644,0.44803718831712613,0.4230579328505596,0.4058178115042213
ewc,256,0.5,0.0005,1e-05,20,5000,1000.0,10.0,2,0.0,0.2,True,bayes,0.4422422388220313,0.7468379446640316,0.6200575528813813,0.4755032959201853,0.3394117546528122,0.26690256747860436,0.20474031733517295
ewc,64,0.3,0.0005,1e-05,15,5000,2000.0,5.0,4,0.0,0.2,False,bayes,0.4493460413031441,0.5332806324110672,0.5638126915315046,0.4966862640299305,0.4091740297028011,0.3499341672152732,0.34318846292828753
ewc,128,0.5,0.0001,0.0001,20,10000,1000.0,10.0,4,0.0,0.1,False,bayes,0.3204736301954157,0.555810276679842,0.39425592346214217,0.29869944771067164,0.264078068121614,0.22542791310072416,0.18457015209750008
ewc,64,0.3,0.0001,1e-05,20,5000,1000.0,5.0,2,0.4,0.1,True,bayes,0.22138995717169982,0.4042292490118577,0.29144554899469316,0.20301086762871903,0.1688000957052279,0.14190256747860436,0.11895141421109688
ewc,128,0.5,0.0005,1e-05,20,5000,2000.0,5.0,2,0.0,0.1,False,bayes,0.4329632021269394,0.6312450592885376,0.574781373794753,0.47336540174594693,0.3724300582776477,0.2948650427913101,0.25109227686344077
ewc,256,0.5,0.0001,0.0001,10,5000,1000.0,5.0,8,0.0,0.2,True,bayes,0.48202998977109823,0.5878853754940712,0.561775917482622,0.5089969713165865,0.46415326508639104,0.40727452271231074,0.36209388653460794
ewc,128,0.5,0.0001,1e-05,15,5000,2000.0,5.0,8,0.0,0.2,True,bayes,0.41323606160083376,0.5688735177865613,0.5029150160699604,0.44585783003741314,0.38234238545280536,0.30911784068466097,0.2703097795736014
si,256,0.5,0.0005,0.0001,20,2000,2000.0,10.0,2,0.2,0.1,True,bayes,0.4379244316860449,0.7006719367588933,0.623589206966141,0.46846606092998394,0.34698272178832057,0.2661619486504279,0.22167471502250255
si,256,0.3,0.001,1e-05,20,10000,1000.0,2.0,1,0.2,0.1,True,bayes,0.5256169744845188,0.8355335968379447,0.688952836534868,0.5427935150543381,0.40890058619452085,0.35944700460829493,0.31807430767714595
si,64,0.5,0.001,0.0,20,10000,1000.0,2.0,4,0.4,0.1,True,bayes,0.39652851704947817,0.6741106719367589,0.5761641378279393,0.41799394263317297,0.2797327089706561,0.225164581961817,0.2060050589665254
si,64,0.5,0.0005,0.0,15,10000,500.0,5.0,4,0.0,0.2,False,bayes,0.3897890996609433,0.5195454545454545,0.47733388145601313,0.4057544984856583,0.347529608804881,0.31466425279789334,0.27390690187575967
si,64,0.5,0.001,0.0001,20,5000,1000.0,10.0,1,0.0,0.2,False,bayes,0.3606005246869411,0.5134584980237155,0.46472083115329993,0.3895955816853732,0.3171090185087075,0.25724160631994736,0.22147761243060346
si,64,0.5,0.001,1e-05,20,10000,1000.0,5.0,2,0.0,0.1,True,bayes,0.4168570809356101,0.6474703557312252,0.5593841094252187,0.4535542490646713,0.3384205219352964,0.2609447004608295,0.2413685489964193
si,256,0.5,0.0005,1e-05,15,10000,1000.0,10.0,2,0.2,0.2,True,bayes,0.43815312107473164,0.637490118577075,0.5917482622019583,0.45943345804382685,0.3784970861176149,0.2987820934825543,0.2629677080253605
si,256,0.5,0.0001,1e-05,15,5000,1000.0,2.0,4,0.4,0.2,True,bayes,0.38441859668271566,0.5529644268774704,0.5106136482547275,0.4183324425440941,0.3285936458564763,0.2698650427913101,0.2261423737722151
si,128,0.5,0.0001,1e-05,20,10000,1000.0,5.0,4,0.2,0.1,False,bayes,0.32299722683632265,0.4983794466403162,0.42858210628597054,0.32398004632104044,0.29313144087638643,0.2544930875576037,0.13941723333661837
si,128,0.5,0.0001,1e-05,20,2000,1000.0,5.0,2,0.0,0.1,True,bayes,0.3074642396705322,0.4721936758893281,0.40585992974063834,0.3275432032781044,0.2691709534633329,0.19193548387096773,0.1780821917808219
si,64,0.3,0.0005,1e-05,20,5000,1000.0,2.0,4,0.0,0.1,True,bayes,0.5480595969993874,0.766403162055336,0.7312392555497421,0.6166399429894887,0.4961290653359083,0.3747366688610928,0.30320948720475677
si,64,0.5,0.001,1e-05,20,5000,2000.0,10.0,8,0.2,0.1,False,bayes,0.39650210810947367,0.6985177865612648,0.5879736901113686,0.4531979333689649,0.2586775588330798,0.20057603686635944,0.18006964291580435
si,64,0.5,0.0005,1e-05,15,5000,2000.0,10.0,2,0.0,0.1,False,bayes,0.37126327322810343,0.5722134387351778,0.4759137454219299,0.3823801888473187,0.30774357835011024,0.2566326530612245,0.23269603495285962
si,64,0.5,0.0005,1e-05,15,5000,2000.0,10.0,1,0.0,0.2,True,bayes,0.2652957532181283,0.5060671936758894,0.36736676881680247,0.22463923035809727,0.2040230376155726,0.14912771560236998,0.1405505732400381
si,64,0.5,0.0005,1e-05,20,10000,1000.0,5.0,2,0.4,0.2,False,bayes,0.3102185971472193,0.5521936758893281,0.40251513566036323,0.3408159629431676,0.32806384905918345,0.12335418038183014,0.11436877894944318
gen_replay,256,0.3,0.0005,0.0,10,2000,2000.0,5.0,8,0.4,0.2,True,bayes,0.6964869921656426,0.8686166007905138,0.8509044024217056,0.7227685729556387,0.6248355066395502,0.5771889400921659,0.5346079300942808
gen_replay,256,0.3,0.0005,0.0,10,2000,1000.0,5.0,4,0.0,0.2,True,bayes,0.7272142278875625,0.8592885375494071,0.8479520143508483,0.7684304293604133,0.6734913608941603,0.6167050691244239,0.597417956046122
gen_replay,256,0.3,0.0001,1e-05,10,5000,2000.0,10.0,8,0.4,0.2,True,bayes,0.600672304097351,0.5286363636363637,0.5928320502279693,0.6302155709959024,0.6166492916104114,0.6141046741277156,0.6215958739857429
gen_replay,64,0.0,0.0001,1e-05,10,5000,2000.0,10.0,2,0.4,0.1,False,bayes,0.3573131637982685,0.49203557312252966,0.35910755661858135,0.3475859611615892,0.33570317707176184,0.30602369980250166,0.3034230150126474
gen_replay,64,0.5,0.0001,1e-05,15,2000,2000.0,10.0,8,0.0,0.1,True,bayes,0.3906795173997611,0.5958300395256917,0.4539950668958816,0.38277213611259575,0.34553005315058194,0.29636273864384466,0.2695870700699714
gen_replay,64,0.3,0.0005,1e-05,15,2000,1000.0,5.0,4,0.0,0.2,True,bayes,0.6367844908528802,0.7470750988142293,0.7355370356528889,0.676714769285587,0.6332097140806316,0.5497202106649112,0.4784501166190335
gen_replay,128,0.5,0.0005,1e-05,15,2000,2000.0,10.0,4,0.4,0.1,True,bayes,0.48668797564060223,0.678399209486166,0.6562149637491591,0.538107963655799,0.42775109804658795,0.34272547728768926,0.2769291416182123
gen_replay,64,0.5,0.0005,0.0,20,10000,1000.0,10.0,2,0.4,0.2,True,bayes,0.4448363524748198,0.49466403162055333,0.4873308916959414,0.4518439337252806,0.44159417565327364,0.4020243581303489,0.39156072402352093
gen_replay,256,0.5,0.0005,0.0001,20,10000,1000.0,5.0,4,0.0,0.1,True,bayes,0.7114460095934739,0.7928853754940711,0.765584124374019,0.7080349189381793,0.6772341189137456,0.6626728110599078,0.6622647087809205
gen_replay,256,0.5,0.0001,0.0001,20,2000,2000.0,10.0,2,0.4,0.2,True,bayes,0.3989536050036668,0.5820948616600791,0.4935346438448315,0.42868341350436484,0.36084288961427374,0.2798716260697828,0.24869419532866857
gen_replay,256,0.3,0.0005,0.0001,10,5000,2000.0,10.0,4,0.0,0.2,True,bayes,0.7726663743070463,0.864604743083004,0.8662082367889977,0.7951719223231783,0.7390323517850734,0.6890552995391706,0.681925692322854
gen_replay,256,0.5,0.0001,0.0001,20,10000,2000.0,10.0,4,0.0,0.1,True,bayes,0.6558569208390239,0.6651581027667984,0.6948576126765827,0.6710493497238553,0.6539743304906602,0.6288347597103358,0.6212673696659111
gen_replay,64,0.3,0.0005,1e-05,20,5000,2000.0,5.0,4,0.0,0.1,False,bayes,0.7092221160645651,0.6638537549407114,0.7637342103296211,0.7365223588099056,0.7099960692495685,0.6870473996050033,0.6941789034525804
gen_replay,64,0.3,0.0005,0.0001,20,10000,2000.0,5.0,4,0.0,0.1,False,bayes,0.7816889976240432,0.7717786561264822,0.8020778832498692,0.7900231605202209,0.783073846837455,0.7697662936142199,0.7734141453960119
gen_replay,64,0.5,0.0005,0.0001,20,5000,1000.0,10.0,2,0.4,0.1,False,bayes,0.42301804916682756,0.5063636363636363,0.47709096345018315,0.4161411010154997,0.40028711568369424,0.37412771560236996,0.36409776288558193
naive,256,0.3,0.001,1e-05,1,10000,2000.0,10.0,4,0.2,0.2,True,hyperband,0.5600353073648368,0.6531620553359684,0.6045294865087076,0.5710493497238553,0.5420163040691812,0.4998189598420013,0.4896356887093065
naive,256,0.0,0.001,0.0,1,2000,1000.0,2.0,2,0.2,0.2,False,hyperband,0.5406901155183742,0.577905138339921,0.5830592719934226,0.5637983253162302,0.5606104626322356,0.5137919684002633,0.4449755264281725
naive,128,0.0,0.0005,0.0,1,10000,2000.0,2.0,8,0.2,0.2,True,hyperband,0.5136561025867851,0.617707509881423,0.5483967411615218,0.5474968822376626,0.46076940167142344,0.4544107965766952,0.4531552839919845
naive,128,0.3,0.001,0.0,1,10000,1000.0,10.0,8,0.2,0.2,False,hyperband,0.4665762288722455,0.5167391304347826,0.5078668061888033,0.4778193479422769,0.44472168577922855,0.437393021724819,0.4149173811635623
naive,256,0.0,0.001,0.0,1,10000,2000.0,10.0,4,0.0,0.2,False,hyperband,0.4447216072079739,0.5469960474308301,0.4864900216757605,0.4384286477819348,0.4153948695161759,0.3939598420013167,0.3870602148418252
naive,256,0.0,0.0005,1e-05,1,5000,1000.0,2.0,2,0.2,0.1,False,hyperband,0.40163011964956596,0.5709288537549407,0.4072800657747216,0.41389631213254946,0.4093620221147437,0.37983870967741934,0.22847475444302093
naive,256,0.5,0.001,0.0,1,10000,1000.0,5.0,4,0.2,0.1,True,hyperband,0.38978613098414466,0.5571343873517787,0.44930488078331715,0.36422590415107786,0.33872814588211164,0.315339038841343,0.31398442889524
naive,64,0.5,0.0005,1e-05,1,10000,1000.0,2.0,8,0.4,0.1,False,hyperband,0.38164654881670046,0.533399209486166,0.4484266387622393,0.40222697309816496,0.3576811990497838,0.28016787360105333,0.2679773989027956
naive,128,0.5,0.0005,0.0,1,5000,2000.0,5.0,4,0.4,0.1,False,hyperband,0.3626010535993542,0.5323320158102767,0.41948202406756857,0.3709068234455728,0.3108369080375301,0.2704904542462146,0.27155809598896224
naive,256,0.0,0.0005,1e-05,3,10000,2000.0,10.0,8,0.0,0.1,True,hyperband,0.8069839572208131,0.9007312252964427,0.9430450706330817,0.7961339747015856,0.7292909268025909,0.7383311389071757,0.7343714069840018
naive,128,0.3,0.001,1e-05,3,2000,1000.0,2.0,8,0.0,0.1,False,hyperband,0.7081496806353923,0.7996442687747035,0.7839150908139622,0.7264208088366293,0.6818997487737768,0.6375411454904543,0.6194770211228278
naive,128,0.3,0.001,1e-05,3,10000,2000.0,2.0,8,0.4,0.2,True,hyperband,0.6564569686513058,0.7158498023715415,0.7440578518573885,0.7086762871904507,0.6367644796882744,0.57587228439763,0.5575211064025491
naive,256,0.3,0.0005,0.0001,3,5000,500.0,10.0,8,0.4,0.1,False,hyperband,0.5771508224058094,0.667806324110672,0.607238956573735,0.5670942455015143,0.5654640849042093,0.5315997366688611,0.5237015866758647
naive,128,0.0,0.0005,0.0001,3,2000,2000.0,2.0,8,0.4,0.1,False,hyperband,0.5404466256559907,0.618201581027668,0.5645414455489947,0.546410119365758,0.5173038470083571,0.5002797893350889,0.4959429716500772
naive,256,0.0,0.001,0.0,3,2000,1000.0,10.0,2,0.4,0.2,False,hyperband,0.5141018179427704,0.5724308300395257,0.6112377606697063,0.5986281845715303,0.5441013108198178,0.3812541145490454,0.37695870700699713
naive,256,0.5,0.0005,1e-05,9,10000,500.0,2.0,8,0.0,0.2,False,hyperband,0.6058183745431317,0.7707707509881423,0.7555684281336422,0.6449848565829325,0.5543725325995933,0.47333772218564846,0.4358759567688315
naive,128,0.0,0.0005,0.0001,9,10000,2000.0,10.0,2,0.2,0.1,False,hyperband,0.497792296385815,0.5672924901185771,0.5529000672696016,0.48875823980046323,0.47490301300565685,0.44553982883475973,0.45736013928583164
naive,128,0.0,0.0001,0.0001,27,5000,1000.0,10.0,8,0.0,0.1,True,hyperband,0.7584512783633182,0.973498023715415,0.8327229239853502,0.7410831997149474,0.6282706407123203,0.6544272547728769,0.7207056272789987
rehearsal,128,0.0,0.0005,0.0001,1,10000,1000.0,2.0,8,0.4,0.2,True,hyperband,0.6751586210811921,0.7376086956521739,0.5808356379400553,0.6214145733119544,0.6760890742228223,0.6958854509545753,0.7391182944055714
rehearsal,128,0.0,0.001,1e-05,1,10000,2000.0,2.0,1,0.0,0.2,True,hyperband,0.6105209742781839,0.6070948616600791,0.5951678002840272,0.5962230536255122,0.5989950951070703,0.6229591836734694,0.6426858513189448
rehearsal,128,0.0,0.0005,1e-05,1,10000,500.0,5.0,4,0.4,0.2,True,hyperband,0.5553010837552699,0.623201581027668,0.5924957022198969,0.5263139141279173,0.518431801480013,0.5225641869651086,0.5487993167110148
rehearsal,128,0.3,0.001,0.0001,1,10000,500.0,2.0,4,0.2,0.1,True,hyperband,0.5075910811288383,0.5616403162055336,0.4733724493609388,0.4683057188669161,0.4951378326183925,0.5077353522053983,0.5393548175158503
rehearsal,256,0.5,0.001,0.0,1,10000,500.0,2.0,2,0.0,0.1,False,hyperband,0.4800456904978354,0.6102173913043478,0.5039240600941775,0.4641368252271513,0.4418676191615538,0.4207208689927584,0.4394073782070234
rehearsal,64,0.3,0.001,0.0001,1,5000,2000.0,5.0,8,0.2,0.1,False,hyperband,0.4528666328094027,0.5809288537549407,0.4534531728828762,0.42362373062533404,0.4180096730641054,0.41792297564186964,0.42326139088729015
rehearsal,128,0.0,0.0001,0.0,1,5000,2000.0,5.0,2,0.0,0.2,False,hyperband,0.3978708382991756,0.450098814229249,0.4291987443007699,0.40317120969178694,0.3852135422897476,0.37049045424621463,0.34905226503728526
rehearsal,64,0.0,0.0001,0.0,1,5000,2000.0,5.0,1,0.4,0.1,False,hyperband,0.3929119182897012,0.5192490118577076,0.4017676956424247,0.3733832175307322,0.36778151863688413,0.34958854509545756,0.34570152097500084
rehearsal,64,0.5,0.001,1e-05,1,5000,2000.0,2.0,8,0.0,0.2,False,hyperband,0.38386460544415785,0.5509683794466403,0.40387921369310115,0.39241047568145376,0.3485892023994668,0.3122613561553654,0.29507900528891956
rehearsal,128,0.0,0.001,1e-05,3,5000,2000.0,5.0,4,0.0,0.1,False,hyperband,0.7728599234771348,0.4966205533596838,0.7412736377905673,0.8532870122928915,0.8462905679079863,0.8474654377880184,0.8522223317236621
rehearsal,256,0.3,0.0005,1e-05,3,10000,500.0,10.0,8,0.4,0.2,True,hyperband,0.7723363157544129,0.7413636363636363,0.7998542491965019,0.7962230536255122,0.7699143780014698,0.7563199473337722,0.7703426300055846
rehearsal,128,0.0,0.0005,0.0001,3,5000,2000.0,10.0,4,0.0,0.1,True,hyperband,0.6551179103341364,0.4443083003952569,0.5249831825995964,0.6063602351683591,0.74111735853571,0.8016129032258065,0.8123254820800894
rehearsal,256,0.3,0.0005,0.0001,3,2000,1000.0,2.0,4,0.2,0.2,True,hyperband,0.6289664951114734,0.5919762845849802,0.6441251214590029,0.6587030108676287,0.6463691829166168,0.620473996050033,0.6121513747905785
rehearsal,256,0.5,0.0005,0.0,3,5000,2000.0,10.0,4,0.0,0.1,True,hyperband,0.5673398310085667,0.5698221343873517,0.5554039913296958,0.5762159273115981,0.5743509989233162,0.5644996708360763,0.563746263263362
rehearsal,128,0.5,0.001,0.0,3,5000,500.0,10.0,8,0.4,0.1,False,hyperband,0.5312904991652684,0.5724110671936758,0.5608229314597504,0.550026723677178,0.5301044212397245,0.4923963133640553,0.48198153805722543
rehearsal,64,0.0,0.0005,0.0001,9,2000,2000.0,10.0,8,0.4,0.2,False,hyperband,0.6514982576003282,0.6463636363636364,0.6947641826743404,0.6701585604845893,0.6596141028489395,0.6257241606319948,0.6123649025984692
rehearsal,256,0.3,0.0001,0.0,9,5000,500.0,10.0,8,0.2,0.1,False,hyperband,0.5983465540543036,0.6197430830039525,0.6255886090141266,0.5931231070728665,0.586997761181276,0.5721856484529295,0.5924411156006701
rehearsal,128,0.0,0.0005,0.0,27,10000,2000.0,5.0,8,0.0,0.1,True,hyperband,0.9295021849608479,0.998794466403162,0.9619179310860303,0.8952253696775343,0.9199152325124331,0.8871296905859117,0.9140304195000164
ewc,128,0.3,0.001,0.0001,1,5000,2000.0,5.0,8,0.0,0.1,False,hyperband,0.5331595515174886,0.5646442687747035,0.5620935794902459,0.5569748797434527,0.5228410780510314,0.49598420013166555,0.4964193029138333
ewc,256,0.0,0.0005,0.0001,1,5000,500.0,5.0,2,0.2,0.1,False,hyperband,0.458014310305828,0.5512845849802371,0.5084647582031542,0.45713522180652055,0.442038521354229,0.39186965108624094,0.3972931244045859
ewc,256,0.3,0.001,0.0,1,5000,500.0,2.0,1,0.2,0.2,False,hyperband,0.4341937119044939,0.5642687747035573,0.5281784886762837,0.4555318011758418,0.3796592210278058,0.34438775510204084,0.3331362307414342
ewc,128,0.0,0.001,1e-05,1,2000,500.0,5.0,2,0.2,0.2,False,hyperband,0.4228938692632957,0.576501976284585,0.4930861798340683,0.41546410119365756,0.3984071915642678,0.3440092165898618,0.309894550113334
ewc,256,0.5,0.001,0.0,1,5000,500.0,5.0,4,0.2,0.2,True,hyperband,0.41839181592156177,0.5190513833992095,0.4511361088272666,0.42184215214680204,0.3968007109531215,0.36568466096115865,0.35583587924181204
ewc,256,0.3,0.001,0.0001,1,5000,1000.0,5.0,2,0.2,0.1,False,hyperband,0.4146964632933407,0.5688142292490118,0.4836871216084909,0.42419383573846425,0.35540819988720457,0.3293614219881501,0.3267139712887224
ewc,256,0.5,0.001,0.0,1,5000,1000.0,2.0,4,0.2,0.2,False,hyperband,0.40740080018621544,0.5279051383399209,0.4937028178488676,0.44550151434170676,0.40864423290550816,0.29193548387096774,0.2767156138103216
ewc,64,0.0,0.0005,0.0,1,10000,500.0,2.0,2,0.4,0.2,False,hyperband,0.3896768483814665,0.5809090909090909,0.43740189849764555,0.4168359166221272,0.3154512672397587,0.29440421329822253,0.2930587037219539
ewc,128,0.3,0.0005,0.0001,1,10000,2000.0,2.0,2,0.0,0.1,False,hyperband,0.37919596959721685,0.6354347826086957,0.5081470961955303,0.3395332264386246,0.3143233127681028,0.25908492429229757,0.21865247528004994
ewc,128,0.0,0.001,0.0001,3,5000,500.0,5.0,8,0.4,0.1,False,hyperband,0.6801559130829372,0.7258893280632411,0.712908289109799,0.696098343132015,0.6649120708218687,0.644272547728769,0.6368548996419303
ewc,256,0.0,0.001,0.0,3,2000,2000.0,5.0,1,0.4,0.2,False,hyperband,0.4836407921451886,0.5877865612648221,0.5606921294566111,0.5447710671655086,0.5219182062105857,0.34636273864384465,0.3403140501297592
ewc,256,0.3,0.001,1e-05,3,2000,2000.0,2.0,1,0.2,0.2,False,hyperband,0.4738470367128001,0.5660474308300395,0.5297667987144031,0.4999287368608587,0.4651444978039068,0.39820605661619485,0.3839886994513978
ewc,64,0.5,0.001,0.0001,3,10000,1000.0,2.0,8,0.0,0.1,False,hyperband,0.43802578890052013,0.5798616600790514,0.5244973465879363,0.4562978799216105,0.4041836856766872,0.35157998683344305,0.3117341743043921
ewc,256,0.3,0.0001,0.0001,3,2000,500.0,10.0,2,0.0,0.1,True,hyperband,0.4215273856677184,0.6863241106719368,0.4817811495627476,0.4137181542846962,0.33693367285902276,0.30994075049374586,0.30046647613416116
ewc,256,0.3,0.0005,0.0001,3,5000,1000.0,2.0,2,0.0,0.2,True,hyperband,0.41465484466828145,0.48025691699604744,0.4438859406532626,0.4270265455193301,0.40496983576299284,0.3674456879526004,0.3643441411254558
ewc,128,0.0,0.0005,1e-05,9,2000,500.0,5.0,4,0.0,0.2,False,hyperband,0.7976537984389788,0.7924703557312253,0.842140668211376,0.8212898628184572,0.8024712457060824,0.7732718894009216,0.7542787687658092
ewc,256,0.0,0.0001,0.0,9,5000,500.0,10.0,8,0.4,0.1,True,hyperband,0.7489178313649213,0.7617193675889328,0.833040585992974,0.7865134509175129,0.7309315878522722,0.7002304147465438,0.6810715810912914
ewc,64,0.3,0.0001,0.0001,27,10000,500.0,10.0,4,0.4,0.1,False,hyperband,0.3206385368070937,0.5432806324110672,0.45722774497346585,0.3883128451808302,0.32160374617606347,0.1196675444371297,0.09373870766400579
si,256,0.0,0.001,0.0001,1,5000,1000.0,5.0,2,0.4,0.1,True,hyperband,0.6490547779358906,0.7097430830039526,0.6722849241348382,0.660947799750579,0.647206603660725,0.6133805134957209,0.5907657435695279
si,256,0.5,0.001,0.0001,1,5000,500.0,5.0,8,0.0,0.1,True,hyperband,0.5497784904309224,0.6364624505928854,0.595036998280888,0.574149296276501,0.5270794524293747,0.4879196840026333,0.4780230610032522
si,256,0.0,0.0001,0.0001,1,5000,1000.0,2.0,2,0.0,0.1,True,hyperband,0.5415383425453698,0.7326086956521739,0.5785933178862396,0.5487796187422056,0.5114248115803326,0.4398123765635286,0.43801123484773824
si,128,0.3,0.0005,0.0,1,2000,1000.0,10.0,8,0.0,0.1,True,hyperband,0.5212407903513429,0.6886363636363636,0.5870580760893939,0.518546231961518,0.48059405602173877,0.4393680052666228,0.4132420091324201
si,256,0.0,0.001,1e-05,1,10000,1000.0,10.0,4,0.0,0.1,False,hyperband,0.4397121230221353,0.18727272727272729,0.33642275207414607,0.46924995546053805,0.5235759574795344,0.5529953917050692,0.5687559541407969
si,256,0.3,0.0005,0.0,1,10000,1000.0,5.0,8,0.2,0.1,False,hyperband,0.4227270511241334,0.45956521739130435,0.4292361163016668,0.41724567967218956,0.41700135012732215,0.403110599078341,0.4102033441739759
si,128,0.3,0.0005,0.0,1,2000,1000.0,10.0,8,0.4,0.1,False,hyperband,0.3737945380898449,0.5196442687747036,0.4590776590178638,0.39894886869766616,0.36279117461077026,0.3389236339697169,0.1633816234683486
si,128,0.3,0.0005,1e-05,1,10000,1000.0,10.0,2,0.0,0.1,True,hyperband,0.36241150830862184,0.5815415019762846,0.42469541819269,0.40240513094601815,0.3113496146155555,0.2335418038183015,0.220935580302881
si,256,0.5,0.001,0.0,1,5000,1000.0,2.0,2,0.0,0.2,True,hyperband,0.36149574646297583,0.5557312252964427,0.4062149637491591,0.3565294851238197,0.3135200724625297,0.2732718894009217,0.2637068427449821
si,256,0.3,0.0005,1e-05,3,2000,2000.0,2.0,8,0.2,0.1,True,hyperband,0.6729997589867941,0.7260474308300395,0.7419276478062635,0.6911099233921254,0.6394305538940065,0.616425279789335,0.6230577182089945
si,256,0.5,0.001,1e-05,3,5000,500.0,5.0,8,0.0,0.1,False,hyperband,0.6295184400832031,0.6933201581027668,0.7333694596008671,0.6711562444325673,0.596858817698631,0.5577024358130349,0.5247035248513517
si,256,0.3,0.0005,0.0,3,2000,1000.0,2.0,8,0.2,0.1,False,hyperband,0.624501808445674,0.6820355731225296,0.6727147021451528,0.6357740958489222,0.5984482080905098,0.5875905200789994,0.5704477513879308
si,256,0.0,0.0005,0.0001,3,2000,500.0,2.0,4,0.4,0.2,False,hyperband,0.5573493274315797,0.6175889328063241,0.5959899843037596,0.5688223766256904,0.5329755780766667,0.5120967741935484,0.5166223185834894
si,256,0.3,0.0001,0.0001,3,5000,2000.0,2.0,8,0.0,0.2,True,hyperband,0.4287283967168934,0.5442490118577075,0.45397638089543313,0.4343844646356672,0.4146258096491378,0.3741935483870968,0.3509411648763181
si,64,0.5,0.001,0.0,3,2000,500.0,5.0,4,0.4,0.1,False,hyperband,0.3960598644148297,0.5359486166007905,0.45268704686448913,0.4026901835025833,0.3594585818536052,0.3216589861751152,0.3039157714923951
si,256,0.0,0.001,0.0001,9,5000,1000.0,5.0,8,0.0,0.1,False,hyperband,0.8072860305742928,0.98199604743083,0.9032438896778534,0.7869410297523606,0.755370601404816,0.7043778801843318,0.7117867349955652
si,128,0.0,0.0005,1e-05,9,2000,1000.0,5.0,4,0.4,0.1,False,hyperband,0.6312046238337935,0.7082806324110672,0.6856641004559384,0.6272225191519687,0.6137781347734691,0.5758558262014484,0.5764265300088696
si,64,0.3,0.0005,1e-05,27,2000,2000.0,5.0,4,0.2,0.2,False,hyperband,0.5317167098359001,0.6967391304347826,0.6196277748710666,0.5363085693924817,0.48055987558320373,0.4411948650427913,0.41587004369107455
gen_replay,256,0.0,0.001,0.0,1,5000,2000.0,10.0,4,0.4,0.2,True,hyperband,0.7116952363239748,0.5640316205533596,0.6395657373495777,0.7144486014608944,0.7741527523798131,0.7797893350888743,0.7981833711113301
gen_replay,256,0.0,0.0001,0.0001,1,10000,500.0,10.0,2,0.0,0.1,True,hyperband,0.5932435559761008,0.808300395256917,0.642237835413708,0.6141101015499733,0.5861945208757028,0.4468071099407505,0.4618113728195526
gen_replay,256,0.3,0.001,0.0,1,10000,500.0,2.0,8,0.4,0.2,False,hyperband,0.5910281689400105,0.5754347826086956,0.5716981837207564,0.5814537680384821,0.5848785739921043,0.6103851217906517,0.6223185834893729
gen_replay,256,0.0,0.0005,0.0,1,5000,2000.0,2.0,1,0.0,0.1,True,hyperband,0.5830984073741833,0.7236758893280633,0.6732752821586068,0.5777659005879209,0.5602344778083502,0.4857636603028308,0.47787523405932786
gen_replay,128,0.5,0.001,0.0,1,10000,2000.0,2.0,8,0.0,0.1,False,hyperband,0.5350936768323282,0.6135573122529644,0.4762127214291053,0.5040798147158382,0.5252849794062858,0.5350230414746544,0.556404191715121
gen_replay,256,0.5,0.0005,0.0001,1,5000,2000.0,2.0,8,0.2,0.1,True,hyperband,0.5194882884891846,0.5622134387351778,0.538381044921145,0.5028148939960805,0.5026062584382958,0.4956714944042133,0.5152426004401958
gen_replay,64,0.0,0.001,0.0001,1,2000,500.0,2.0,4,0.2,0.2,True,hyperband,0.4915800400863995,0.5728260869565217,0.5162381343897152,0.49814715838232676,0.47073299950438363,0.45480579328505594,0.4367300680003942
gen_replay,256,0.3,0.0001,1e-05,1,5000,500.0,5.0,4,0.0,0.1,True,hyperband,0.40005375653131514,0.565197628458498,0.4263584722326033,0.3750044539461963,0.3607574385179362,0.3349407504937459,0.33806379553891136
gen_replay,256,0.3,0.001,0.0,1,2000,2000.0,2.0,1,0.2,0.2,False,hyperband,0.39895454809540337,0.531798418972332,0.44795948875102776,0.42071975770532694,0.35371626817972074,0.3202435813034891,0.31928977366052363
gen_replay,256,0.0,0.001,1e-05,3,10000,1000.0,5.0,4,0.4,0.2,True,hyperband,0.9021251760584647,0.9260474308300395,0.9331975483967412,0.9026011045786567,0.8820262163963564,0.8842330480579329,0.8846457080910614
gen_replay,256,0.0,0.0005,0.0001,3,5000,1000.0,10.0,8,0.2,0.2,True,hyperband,0.891727397960801,0.9174901185770751,0.9277038642648927,0.9151968644218778,0.8661835831353716,0.8670506912442396,0.8567392661213495
gen_replay,64,0.0,0.001,0.0001,3,10000,2000.0,10.0,4,0.0,0.2,True,hyperband,0.8139558437156502,0.6869367588932807,0.7628185963076463,0.8138606805629788,0.8388392323073505,0.8842330480579329,0.897046746164712
gen_replay,256,0.0,0.001,0.0001,3,5000,500.0,10.0,1,0.2,0.1,True,hyperband,0.7600964726515902,0.6108102766798419,0.7215972793183347,0.7798503474078033,0.8170321125220037,0.8207044107965767,0.8105844091849808
gen_replay,128,0.0,0.001,1e-05,3,5000,1000.0,2.0,8,0.4,0.2,False,hyperband,0.6975440687258557,0.6561660079051383,0.7350138276403319,0.6928024229467308,0.7109360313092817,0.6971527320605662,0.693193390493085
gen_replay,256,0.3,0.001,0.0001,3,5000,500.0,10.0,2,0.2,0.2,True,hyperband,0.6755917052831794,0.5961857707509881,0.6640443979370656,0.7090682344557278,0.7008869823799839,0.6886767610269915,0.6946880851483197
gen_replay,128,0.0,0.0001,1e-05,9,10000,500.0,5.0,8,0.4,0.1,False,hyperband,0.6006433267572798,0.5472332015810276,0.5898609761566634,0.6007482629609834,0.6114538649530874,0.617577353522054,0.636986301369863
gen_replay,256,0.3,0.001,1e-05,9,2000,2000.0,2.0,8,0.4,0.1,False,hyperband,0.5513751268087822,0.7137351778656127,0.684841916436206,0.5920185284161767,0.5324116008408388,0.4688281764318631,0.31641536086199534
gen_replay,256,0.0,0.0005,0.0,27,5000,500.0,2.0,8,0.4,0.2,True,hyperband,0.8782869023646737,0.9988339920948617,0.8952462814859108,0.84567967218956,0.8766598875463573,0.797597103357472,0.8557044775138793
naive,128,0.3,0.001,0.0,20,5000,2000.0,10.0,8,0.2,0.1,True,pbt,0.4394153738888189,0.9119762845849803,0.615255250766126,0.4755923748441119,0.2467314955650881,0.1761356155365372,0.21080122203606977
naive,128,0.5,0.0001,1e-05,10,10000,2000.0,5.0,4,0.4,0.1,False,pbt,0.3397048687278142,0.5333794466403162,0.431982958367591,0.3684304293604133,0.310033667731957,0.2870967741935484,0.10730593607305935
naive,64,0.0,0.0005,0.0,15,2000,2000.0,10.0,4,0.4,0.1,False,pbt,0.5819283859202707,0.6509486166007905,0.6470214515285149,0.5909673971138428,0.5660622425785723,0.5286208031599736,0.5079498045399297
naive,128,0.5,0.0001,0.0,10,10000,500.0,2.0,1,0.0,0.2,True,pbt,0.295542375309445,0.5695454545454546,0.34563495029523883,0.277605558524853,0.22477056380633365,0.18515470704410797,0.17054301764068197
naive,128,0.5,0.0005,1e-05,10,10000,1000.0,10.0,1,0.2,0.1,False,pbt,0.3138283434072705,0.4758102766798419,0.4264145302339487,0.35084624977730267,0.30827337514740316,0.16566820276497696,0.1559574258401498
naive,256,0.5,0.0001,0.0,10,2000,2000.0,10.0,1,0.4,0.2,True,pbt,0.22329370419347583,0.5046245059288538,0.2850923088422154,0.19627650097986815,0.16674926939312631,0.09942396313364055,0.08759567688315101
naive,64,0.0,0.0005,0.0,15,2000,2000.0,10.0,2,0.0,0.1,False,pbt,0.2747466982812365,0.5621343873517787,0.3085245534045893,0.1854088722608231,0.19790473911780287,0.20831138907175772,0.18619624848066751
naive,256,0.5,0.001,0.0,15,5000,2000.0,10.0,8,0.2,0.1,True,pbt,0.3467455415650387,0.8359288537549407,0.5572912773749906,0.38075895243185465,0.13937073812657017,0.08859447004608295,0.07852895765579318
naive,128,0.0,0.0001,0.0,20,10000,2000.0,5.0,4,0.2,0.2,False,pbt,0.3851515713648915,0.6289723320158103,0.5264406906345765,0.4708711918760021,0.2888247056209731,0.24693877551020407,0.14886173253178278
naive,64,0.0,0.0005,0.0001,10,2000,2000.0,10.0,4,0.4,0.1,True,pbt,0.3445498526178381,0.4390316205533597,0.3892107033410569,0.34576875111348654,0.31615196622972674,0.28851217906517446,0.28862389540422456
naive,128,0.5,0.0001,0.0,20,5000,2000.0,10.0,8,0.2,0.2,True,pbt,0.43763043271435537,0.6493675889328063,0.5872449360938785,0.4693390343844646,0.3638678584246236,0.29631336405529957,0.2596498143950593
naive,128,0.0,0.0001,1e-05,20,10000,2000.0,5.0,4,0.2,0.2,False,pbt,0.5804314078493478,0.7423320158102766,0.6425368114208835,0.5566898271868875,0.5091518124177533,0.49832126398946675,0.5335567162708189
rehearsal,64,0.0,0.001,0.0,10,5000,1000.0,5.0,4,0.4,0.1,False,pbt,0.659236273293324,0.7067588932806325,0.6990619627774871,0.67464813825049,0.6391229299471912,0.6191902567478604,0.6166354587562827
rehearsal,256,0.0,0.001,1e-05,20,2000,2000.0,10.0,2,0.0,0.2,False,pbt,0.812936849923953,0.9848814229249012,0.9190522460572539,0.8296454658827721,0.7549262557038606,0.7470704410796577,0.6420452678952728
rehearsal,256,0.0,0.0005,0.0001,15,2000,2000.0,2.0,1,0.4,0.2,True,pbt,0.6644310520895103,0.638695652173913,0.6894199865460797,0.6915553180117584,0.6763283372925675,0.6517939433838051,0.6387930751289379
rehearsal,256,0.5,0.0001,0.0001,15,10000,2000.0,10.0,1,0.4,0.2,True,pbt,0.364132881411358,0.5436758893280632,0.41809926003438225,0.3468198824158204,0.32057833302001265,0.28275181040158,0.2728721132682895
rehearsal,128,0.5,0.0005,1e-05,10,5000,1000.0,2.0,1,0.2,0.2,False,pbt,0.4086576808016417,0.543498023715415,0.4617871290828911,0.39709602707999286,0.38406849759882417,0.34223173140223834,0.32326467593048847
rehearsal,64,0.3,0.0001,0.0001,20,5000,2000.0,10.0,2,0.4,0.1,True,pbt,0.26175029190938537,0.46891304347826085,0.28925928694222286,0.24963477641190093,0.23863073163228685,0.1857307439104674,0.1383331690811734
rehearsal,256,0.0,0.001,0.0,20,2000,2000.0,10.0,8,0.0,0.2,False,pbt,0.770170254078185,0.9908695652173913,0.8608827266611855,0.7410653839301621,0.6935381880949533,0.7140552995391705,0.6206103610262474
rehearsal,256,0.0,0.0005,0.0001,15,5000,2000.0,2.0,2,0.4,0.2,True,pbt,0.8712183122291788,0.9083201581027668,0.9471186187308468,0.8693390343844646,0.8299864987267787,0.8354015799868334,0.8371439834433823
rehearsal,64,0.0,0.0001,0.0,10,10000,1000.0,5.0,4,0.0,0.2,True,pbt,0.618530149646577,0.756205533596838,0.7861574108677779,0.6621949046855514,0.6521114965905013,0.39649440421329823,0.4580171479254952
rehearsal,128,0.3,0.0005,0.0,20,10000,2000.0,2.0,2,0.4,0.1,True,pbt,0.693420411565009,0.6766205533596837,0.7182898572389566,0.7080349189381793,0.6945465110317366,0.67238314680711,0.6906474820143885
rehearsal,256,0.0,0.001,1e-05,20,2000,2000.0,10.0,2,0.0,0.2,False,pbt,0.823215228595744,0.9907905138339921,0.9389715225353166,0.832478175663638,0.7444670415121426,0.7589038841342989,0.6736802338950757
rehearsal,256,0.0,0.0005,0.0001,10,2000,2000.0,10.0,1,0.4,0.2,False,pbt,0.45621651148717035,0.43207509881422923,0.4613760370730249,0.5498841973988954,0.5199357407755542,0.3882982225148124,0.38572977234650635
ewc,64,0.0,0.0001,0.0001,15,2000,2000.0,2.0,1,0.2,0.1,False,pbt,0.30767961120861304,0.6389130434782608,0.43835488452051724,0.2514163548904329,0.21489241706971102,0.1956056616194865,0.1068953056732696
ewc,128,0.5,0.001,0.0001,10,10000,2000.0,10.0,2,0.4,0.1,True,pbt,0.4177444891885132,0.6120158102766798,0.5455564690933553,0.4437377516479601,0.357288124006631,0.28973008558262014,0.258138694523833
ewc,256,0.5,0.0005,1e-05,20,5000,500.0,2.0,8,0.0,0.1,False,pbt,0.4873655979700319,0.8078260869565217,0.6902047985649151,0.5418670942455015,0.35627980106984775,0.2840849242922976,0.24393088269110738
ewc,128,0.3,0.0001,0.0001,15,2000,1000.0,10.0,1,0.4,0.2,True,pbt,0.2897264726717261,0.408498023715415,0.35253008446072204,0.31373597006948156,0.2568830858099909,0.20836076366030284,0.19835090831444432
ewc,64,0.3,0.0001,1e-05,15,10000,2000.0,2.0,1,0.0,0.1,False,pbt,0.2436908375099558,0.5135573122529644,0.3993198295836759,0.1898271868875824,0.15162442534137713,0.1087722185648453,0.09904405242928944
ewc,128,0.0,0.0005,1e-05,15,5000,500.0,2.0,4,0.2,0.1,True,pbt,0.7641971700365057,0.9217391304347826,0.8303871739292922,0.7399251737039017,0.7070052808777537,0.6896642527978933,0.6964620084754114
ewc,64,0.0,0.0005,0.0,15,5000,500.0,2.0,4,0.0,0.1,True,pbt,0.848226134727687,0.9847233201581028,0.9612826070707826,0.845519330126492,0.7711106933501957,0.7526168531928901,0.7741040044676587
ewc,256,0.5,0.0001,0.0001,20,5000,500.0,2.0,8,0.4,0.1,False,pbt,0.3553248746067414,0.5746837944664032,0.5264220046341281,0.43361838588989843,0.22557380411190675,0.1956714944042133,0.17597976413389835
ewc,128,0.5,0.001,0.0001,10,10000,2000.0,10.0,2,0.4,0.1,False,pbt,0.37822053877198525,0.5403557312252965,0.47950145750803497,0.41541065383930165,0.35113564507032624,0.3206550362080316,0.16226470878092047
ewc,64,0.3,0.0005,0.0,10,5000,500.0,2.0,4,0.4,0.1,True,pbt,0.5054145532833456,0.6852766798418972,0.6196651468719635,0.5295029396044896,0.4464819783637824,0.38943383805134957,0.3621267369665911
ewc,64,0.3,0.0005,1e-05,15,5000,500.0,2.0,4,0.2,0.1,True,pbt,0.5796864455072549,0.7692687747035574,0.7286605874878541,0.6132549438802779,0.5218327551142481,0.44652732060566164,0.39857429125192995
ewc,256,0.5,0.001,0.0,10,5000,500.0,2.0,8,0.4,0.1,False,pbt,0.39466291176037566,0.6694466403162055,0.6238508109724195,0.4781400320684126,0.2609334677763916,0.1835747202106649,0.1520317992181597
si,128,0.5,0.0001,1e-05,10,5000,500.0,10.0,4,0.0,0.1,False,pbt,0.34822725480252403,0.609703557312253,0.433795500411092,0.3243007304471762,0.29827559687590793,0.2182685977616853,0.20501954600702998
si,128,0.5,0.0001,0.0001,20,10000,1000.0,5.0,2,0.2,0.2,True,pbt,0.3617954536479644,0.6055533596837944,0.4399805665595336,0.37972563691430605,0.30376155726077964,0.23541803818301515,0.2063335632863572
si,256,0.3,0.0005,1e-05,20,5000,2000.0,10.0,4,0.2,0.1,False,pbt,0.5630613855731585,0.8083201581027668,0.7073772329770536,0.6089078923926599,0.43115205168082305,0.4032916392363397,0.4193193390493085
si,64,0.3,0.0005,0.0,15,5000,1000.0,5.0,8,0.2,0.1,True,pbt,0.6060560688626325,0.8225494071146245,0.7642013603408326,0.6328344913593443,0.5259344077384512,0.4565997366688611,0.4342170099536809
si,256,0.5,0.0001,1e-05,10,10000,500.0,10.0,2,0.2,0.1,False,pbt,0.300631037083396,0.48199604743083,0.3700388668809328,0.2914662390878318,0.25580640199613763,0.2087722185648453,0.1957064485397983
si,64,0.5,0.001,0.0,10,5000,500.0,10.0,4,0.0,0.2,True,pbt,0.47529990393523414,0.6193873517786561,0.6050713805217132,0.5115268127561019,0.43735580127493034,0.3597103357472021,0.31874774153280117
si,128,0.5,0.0005,1e-05,15,5000,1000.0,5.0,8,0.4,0.1,True,pbt,0.4594695990191931,0.736403162055336,0.6695567680693625,0.4999109210760734,0.35310102028609025,0.2610105332455563,0.2368351893827404
si,256,0.0,0.0005,1e-05,20,5000,2000.0,10.0,8,0.2,0.1,False,pbt,0.6374355095021254,0.8848814229249012,0.7562784961506839,0.666631035097096,0.49351426178797875,0.5166227781435154,0.5066850629085773
si,256,0.3,0.0001,0.0,15,5000,500.0,10.0,4,0.0,0.2,True,pbt,0.553262061012482,0.6797628458498024,0.6551124897226998,0.5864778193479423,0.5226359954198212,0.46112574061882816,0.4144574751157978
si,64,0.3,0.001,1e-05,20,5000,2000.0,10.0,2,0.0,0.2,False,pbt,0.49975648503481324,0.6283399209486166,0.6590178638164287,0.5665063246035988,0.4267427751098047,0.36998025016458197,0.34795177556584866
si,64,0.3,0.0005,0.0,15,5000,1000.0,10.0,8,0.2,0.2,True,pbt,0.5898097359530957,0.7957707509881423,0.7519620300470887,0.6070372349902013,0.5102797668894092,0.4607965766951942,0.4130120561085378
si,256,0.0,0.0005,0.0,20,5000,2000.0,10.0,4,0.0,0.1,False,pbt,0.7675246213979238,0.9387944664031621,0.8532214664773152,0.77464813825049,0.6763625177311025,0.6775345622119816,0.6845865773134917
gen_replay,256,0.5,0.001,0.0001,10,5000,1000.0,10.0,1,0.0,0.2,True,pbt,0.5733770909459931,0.6124505928853755,0.6459937215038493,0.6202921788704793,0.5730350520397177,0.5189269256089533,0.4695640747675832
gen_replay,256,0.3,0.001,0.0001,20,2000,1000.0,2.0,8,0.4,0.2,True,pbt,0.5459921707193466,0.92600790513834,0.6465543015173032,0.5900409763050062,0.4584964025088442,0.2605497037524687,0.3943037350941165
gen_replay,128,0.3,0.0001,0.0,10,2000,1000.0,5.0,4,0.0,0.1,False,pbt,0.2917097968647192,0.5272727272727272,0.2875775469018611,0.2573133796543738,0.236904619486268,0.21770901909150758,0.22348148878157748
gen_replay,64,0.0,0.0005,0.0,20,5000,2000.0,5.0,1,0.0,0.2,True,pbt,0.7624534699499724,0.7962648221343873,0.7587263622094327,0.7717085337609122,0.7570283526737648,0.7427913100724161,0.7482014388489209
gen_replay,256,0.0,0.001,0.0001,10,2000,2000.0,5.0,1,0.4,0.1,False,pbt,0.5845712195365224,0.5912845849802372,0.6461618955078855,0.6309994655264565,0.6045323261497445,0.5682521395655036,0.4661969054893072
gen_replay,256,0.5,0.001,1e-05,15,10000,1000.0,10.0,8,0.2,0.2,False,pbt,0.6674725634725681,0.7486166007905138,0.7275767994618432,0.6549438802779263,0.6368499307846119,0.6130348913759052,0.6238132781446076
gen_replay,64,0.0,0.0005,0.0,20,2000,2000.0,5.0,8,0.0,0.2,True,pbt,0.8171748760569728,0.9911462450592885,0.9254428582106285,0.7808123997862105,0.7426725684890537,0.7775016458196181,0.6854735389770376
gen_replay,64,0.0,0.001,1e-05,15,2000,1000.0,10.0,8,0.4,0.1,False,pbt,0.6349847901011901,0.7598616600790514,0.7096008670304208,0.6511134865490825,0.582605574829525,0.5718235681369322,0.5349035839821293
gen_replay,256,0.0,0.001,0.0001,10,10000,2000.0,5.0,1,0.0,0.2,False,pbt,0.8645458272809031,0.7026679841897233,0.9123626578967038,0.9079992873686086,0.8774460376326628,0.8843976300197498,0.9024013665779705
gen_replay,256,0.0,0.001,0.0,15,10000,2000.0,5.0,1,0.0,0.2,False,pbt,0.935295400705396,0.9826284584980237,0.9691867852604829,0.9221984678425085,0.9205988412831336,0.904312047399605,0.912847803948622
gen_replay,64,0.0,0.0001,0.0,20,2000,2000.0,5.0,2,0.0,0.1,False,pbt,0.3661625241952833,0.6620553359683794,0.3395806861499365,0.3227507571708534,0.30622254883530153,0.2826530612244898,0.2837127558227391
gen_replay,128,0.0,0.0001,0.0,20,2000,2000.0,5.0,4,0.4,0.1,True,pbt,0.5966123341091462,0.7871739130434783,0.5925330742207938,0.5565829324781757,0.5565259002272999,0.55,0.5368581846851286
naive,256,0.5,0.001,0.0,10,2000,1000.0,5.0,8,0.0,0.1,False,ga,0.5536369445166894,0.8078656126482213,0.7629120263098886,0.5989310529128808,0.49512074239912496,0.3606649111257406,0.2963273217042804
naive,64,0.3,0.0005,0.0,15,10000,2000.0,10.0,4,0.4,0.1,False,ga,0.40151736150685297,0.5259288537549407,0.5479856491516556,0.48323534651701405,0.4245381368242955,0.2209183673469388,0.20649781544627313
naive,256,0.3,0.001,0.0,15,2000,500.0,5.0,8,0.4,0.1,False,ga,0.4108325814915485,0.7264624505928854,0.5826668659840047,0.49134152859433455,0.2456719019705023,0.21797235023041475,0.20088039157714924
naive,128,0.0,0.0005,1e-05,20,2000,2000.0,5.0,4,0.4,0.1,False,ga,0.5638872046148335,0.786699604743083,0.6618394498841468,0.5954926064493141,0.5604737408780954,0.38513824884792625,0.39367957688643607
naive,128,0.3,0.001,1e-05,15,10000,500.0,2.0,8,0.4,0.1,True,ga,0.540135237435166,0.8928458498023716,0.7228305553479333,0.5722430073044718,0.40040674721856684,0.31645819618169846,0.3360270687559541
naive,256,0.0,0.001,0.0001,20,2000,1000.0,5.0,1,0.2,0.1,True,ga,0.6902850655434535,0.9609486166007906,0.8555572165333732,0.6983431320149652,0.5189274178387708,0.5675279789335089,0.5404060313393121
naive,128,0.5,0.001,0.0,20,10000,500.0,5.0,2,0.4,0.2,False,ga,0.3142419606830848,0.5734189723320158,0.4923574258165782,0.37486192766791376,0.1785073402491754,0.14137590520079,0.12493019283203574
naive,64,0.5,0.0005,0.0,10,5000,2000.0,2.0,8,0.0,0.1,False,ga,0.48638555357244706,0.6481027667984189,0.5834329920023918,0.5237662569036166,0.4427221301249295,0.3741441737985517,0.34614500180677377
naive,64,0.0,0.001,0.0001,20,2000,1000.0,5.0,1,0.2,0.1,True,ga,0.6640495730255365,0.7498221343873518,0.8397301741535241,0.6973988954213433,0.5862287013142379,0.5742429229756418,0.5368746099011202
naive,256,0.3,0.0005,1e-05,15,2000,2000.0,10.0,4,0.4,0.2,False,ga,0.45258721049014294,0.666205533596838,0.6195530308692727,0.5389631213254944,0.31608360535265667,0.2949144173798552,0.2798035544167406
naive,256,0.5,0.001,0.0001,10,2000,1000.0,10.0,4,0.0,0.1,False,ga,0.5678953410816526,0.7776086956521739,0.7539053740937289,0.6060395510422234,0.4970690273956215,0.40597432521395654,0.3667750730922112
naive,128,0.3,0.001,1e-05,15,2000,500.0,5.0,8,0.4,0.1,True,ga,0.5403446171287035,0.8957114624505929,0.6914754465954107,0.5746659540352752,0.40097072445439474,0.3421329822251481,0.3371111330113991
naive,256,0.3,0.0005,1e-05,15,10000,2000.0,5.0,2,0.4,0.2,True,ga,0.5453520873602916,0.74,0.7004073548097766,0.5646356672011402,0.47199767573017964,0.41445029624753127,0.3806215301731218
naive,128,0.3,0.0005,1e-05,20,2000,2000.0,10.0,1,0.4,0.1,False,ga,0.3302818440974819,0.5343675889328063,0.5006166380147993,0.3800997683947978,0.30793157076205285,0.12853851217906517,0.13013698630136986
naive,128,0.3,0.001,1e-05,15,2000,2000.0,5.0,4,0.4,0.1,True,ga,0.561889946043419,0.8657509881422925,0.7492712459825099,0.6013539996436843,0.43219455505614135,0.382093482554312,0.3406754048815742
naive,256,0.0,0.0005,1e-05,15,2000,2000.0,5.0,1,0.4,0.1,False,ga,0.462475598721477,0.5752371541501976,0.5353539128484939,0.484624977730269,0.3966298087604464,0.39407504937458854,0.3889326894648665
naive,128,0.0,0.001,0.0001,20,2000,500.0,5.0,8,0.2,0.2,True,ga,0.655067722435463,0.9978063241106719,0.7138425891322221,0.601336183858899,0.5434006118298498,0.5452764976958525,0.528744127985283
naive,256,0.5,0.0001,1e-05,20,2000,1000.0,10.0,1,0.2,0.1,True,ga,0.2722946298870266,0.47855731225296444,0.36045294865087074,0.25223588099055766,0.22755626954693828,0.16984858459512836,0.1451167832857002
naive,64,0.0,0.0005,1e-05,20,2000,2000.0,10.0,1,0.2,0.1,False,ga,0.4351961536986084,0.6022134387351779,0.5606547574557141,0.39328344913593444,0.38861449592398273,0.31492758393680054,0.3514831970040406
naive,256,0.5,0.001,0.0,10,2000,1000.0,10.0,4,0.0,0.1,False,ga,0.5681593110527227,0.771205533596838,0.7215412213169893,0.590361660431142,0.523097431340044,0.42644832126398946,0.3763016983673335
rehearsal,64,0.3,0.0005,0.0001,10,5000,2000.0,5.0,2,0.0,0.1,True,ga,0.5796855344402152,0.6114624505928854,0.6340907392181777,0.6210760734010333,0.5698904516944953,0.5270078999341672,0.5145855918005322
rehearsal,64,0.0,0.0005,0.0001,10,10000,1000.0,2.0,8,0.0,0.2,False,ga,0.884188416441333,0.8445849802371541,0.9120636818895284,0.8797434526990914,0.8843846666552732,0.8854344963791968,0.8989192207877533
rehearsal,256,0.0,0.0005,0.0,10,2000,500.0,5.0,4,0.0,0.2,True,ga,0.8366668082439722,0.9552173913043478,0.9679348232304358,0.8197755211117049,0.7879445593286962,0.7305299539170507,0.7585986005715976
rehearsal,128,0.5,0.001,0.0,20,10000,1000.0,5.0,4,0.2,0.2,True,ga,0.6855941494877804,0.7766600790513833,0.7483743179609836,0.6740067699982184,0.6564182318459146,0.6227781435154707,0.6353273545547123
rehearsal,128,0.0,0.001,0.0001,20,2000,1000.0,10.0,4,0.0,0.1,False,ga,0.8223520101056415,0.9894268774703557,0.9415128185963076,0.827970782112952,0.741647155333003,0.7513166556945359,0.6822377714266943
rehearsal,64,0.5,0.001,0.0001,15,10000,1000.0,5.0,8,0.2,0.2,False,ga,0.6295716023487182,0.6401778656126482,0.6834217804021228,0.656992695528238,0.6108898877172594,0.5889236339697169,0.5970237508623238
rehearsal,64,0.3,0.0005,0.0,15,10000,500.0,5.0,2,0.0,0.1,False,ga,0.5494842305986475,0.5448418972332015,0.5263846326332312,0.5112773917691075,0.5450241826602635,0.5739960500329164,0.5953812292631648
rehearsal,256,0.0,0.0005,0.0001,10,2000,500.0,5.0,4,0.0,0.1,True,ga,0.840237625050834,0.9804347826086957,0.9622916510949996,0.8256369143060752,0.7991386529489173,0.7493910467412772,0.7245327026050392
rehearsal,64,0.0,0.001,0.0,15,10000,1000.0,2.0,2,0.0,0.1,False,ga,0.8949021363767834,0.8244664031620553,0.920023918080574,0.9170675218243364,0.9115581152906191,0.8946346280447663,0.9016622318583489
rehearsal,128,0.0,0.0005,0.0,20,2000,500.0,5.0,4,0.0,0.2,True,ga,0.8125985930163493,0.9781225296442688,0.9425405486209731,0.8022804204525209,0.7418009673064105,0.7638742593811718,0.6469728326927499
rehearsal,64,0.0,0.001,0.0001,15,2000,500.0,5.0,4,0.0,0.1,False,ga,0.838619448769328,0.8993675889328063,0.9123626578967038,0.8461072510244076,0.8142122263428639,0.7757735352205398,0.7838934331986466
rehearsal,128,0.3,0.001,0.0001,10,5000,2000.0,10.0,4,0.0,0.1,False,ga,0.7725183960105889,0.7954347826086956,0.820838627700127,0.7883841083199715,0.7601045921419172,0.7355990783410138,0.7347491869518085
rehearsal,64,0.0,0.001,0.0,10,10000,500.0,5.0,2,0.0,0.1,True,ga,0.9178663739190577,0.9732213438735178,0.9661222811869348,0.9215214680206663,0.8639105839727924,0.8889400921658986,0.893482474294537
rehearsal,128,0.5,0.001,0.0001,20,2000,1000.0,10.0,2,0.0,0.1,False,ga,0.49916003927855934,0.6474703557312252,0.66824874803797,0.571138428647782,0.4445166031480184,0.3561389071757735,0.30744719293058703
rehearsal,64,0.0,0.0001,0.0001,10,10000,1000.0,2.0,8,0.0,0.2,False,ga,0.6065712480011891,0.6604150197628459,0.4699155392779729,0.5313557812221629,0.623895544579837,0.6625246872942725,0.6913209158700437
rehearsal,128,0.3,0.001,0.0,15,5000,2000.0,2.0,2,0.0,0.1,False,ga,0.7647580252924202,0.8108300395256917,0.8095709694297033,0.7919650810618207,0.7458855297113463,0.7238808426596445,0.7064156893663152
rehearsal,64,0.0,0.0005,0.0001,10,2000,500.0,5.0,8,0.0,0.2,True,ga,0.8301402957985159,0.8114031620553359,0.9197623140742955,0.8732406912524496,0.833096918633466,0.7667709019091508,0.7765677868663973
rehearsal,128,0.3,0.001,0.0001,20,5000,500.0,5.0,2,0.0,0.1,False,ga,0.7731590387835646,0.849802371541502,0.8510538904252933,0.7942276857295564,0.7430998239707416,0.7025181040157998,0.6982523570184948
rehearsal,64,0.0,0.001,0.0001,10,2000,1000.0,2.0,8,0.0,0.2,False,ga,0.8295418213385487,0.8821343873517786,0.90729875177517,0.8330482807767682,0.8179891648009844,0.7726300197498355,0.764150323576755
rehearsal,64,0.0,0.001,0.0001,15,5000,1000.0,10.0,1,0.0,0.1,False,ga,0.6957619128326437,0.6074901185770751,0.6647731519545557,0.7178870479244611,0.7152769470032301,0.7330974325213957,0.736046779015144
ewc,64,0.0,0.0001,0.0001,15,5000,500.0,10.0,2,0.0,0.2,True,ga,0.3875764509925647,0.4952766798418972,0.46924284326182825,0.4460359878852663,0.40613197067318374,0.29516129032258065,0.21360993397063172
ewc,256,0.5,0.0001,0.0001,20,2000,2000.0,2.0,2,0.2,0.2,False,ga,0.32678838257364634,0.5026877470355732,0.450668958816055,0.3730981649741671,0.25132876454804914,0.20949637919684003,0.17345028087119346
ewc,128,0.5,0.001,0.0001,10,5000,2000.0,5.0,4,0.0,0.2,True,ga,0.5091600381075673,0.736600790513834,0.7093766350250392,0.5585426688045608,0.44639652726744483,0.33100724160631995,0.27303636542820536
ewc,256,0.5,0.001,1e-05,15,5000,500.0,5.0,4,0.0,0.2,True,ga,0.40503234614770944,0.82,0.6189924508558188,0.4718332442544094,0.22312990275665237,0.16058262014483213,0.1356558588745442
ewc,256,0.3,0.0005,0.0,15,10000,1000.0,5.0,2,0.2,0.2,False,ga,0.5526508733696527,0.7207707509881423,0.6750317662007624,0.5694281133083913,0.5092543537333584,0.42088545095457536,0.4205348050326862
ewc,64,0.0,0.001,0.0,20,2000,2000.0,2.0,2,0.0,0.2,False,ga,0.7219962683541478,0.7926284584980238,0.8307608939382615,0.7385355424906467,0.7000324714166083,0.6260039499670836,0.6440162938142636
ewc,128,0.0,0.0001,1e-05,10,5000,2000.0,5.0,4,0.4,0.1,False,ga,0.3715207517284191,0.5026679841897234,0.4988040959712983,0.389025476572243,0.36169740057764943,0.3313528637261356,0.14557668933346474
ewc,256,0.3,0.0001,1e-05,10,2000,500.0,10.0,4,0.0,0.1,False,ga,0.4969033698278537,0.6142094861660079,0.5562635473503251,0.5082130767860324,0.47902175584912754,0.4447169190256748,0.3789954337899543
ewc,256,0.0,0.0001,0.0,15,5000,500.0,5.0,2,0.2,0.2,True,ga,0.4242542759089474,0.41899209486166006,0.4856865236564766,0.4362729378229111,0.41612974894467897,0.4185977616853193,0.36984658848263857
ewc,256,0.3,0.0001,1e-05,10,2000,500.0,10.0,4,0.0,0.1,False,ga,0.37012632492736564,0.619802371541502,0.39160251139846025,0.3637270621770889,0.33377198229453287,0.276201448321264,0.23565257383134589
ewc,256,0.0,0.0001,1e-05,20,2000,500.0,10.0,4,0.0,0.1,False,ga,0.7101955080181637,0.9445652173913044,0.7206629792959115,0.6519864600035632,0.622066891118213,0.6590026333113891,0.6628888669886009
ewc,256,0.0,0.0001,0.0001,10,2000,2000.0,10.0,4,0.4,0.1,False,ga,0.46699365919267904,0.5290118577075099,0.5476493011435832,0.5175663637983253,0.47801343291234427,0.4497860434496379,0.2799349561446733
ewc,256,0.3,0.0005,0.0,15,10000,1000.0,5.0,8,0.2,0.2,True,ga,0.5921348232158868,0.8993675889328063,0.7651730323641528,0.6269018350258329,0.45598414027651973,0.42039170506912443,0.3849906376268848
ewc,256,0.0,0.001,0.0001,20,5000,2000.0,10.0,2,0.0,0.2,True,ga,0.689205674931225,0.9977865612648221,0.7601838702444129,0.652253696775343,0.5839044314938561,0.5883969716919025,0.5527085181170133
ewc,256,0.3,0.0005,1e-05,15,10000,1000.0,5.0,4,0.2,0.2,True,ga,0.621698688453063,0.8823320158102766,0.7738620225726885,0.6611259575984322,0.5375215764018252,0.4597761685319289,0.4155743898032259
ewc,256,0.0,0.001,0.0001,20,5000,2000.0,10.0,2,0.4,0.2,True,ga,0.6982915245407009,0.9751581027667984,0.7638089543314149,0.6624265098877605,0.5784355613282518,0.6012343647136273,0.6086856542163529
ewc,256,0.3,0.0005,0.0001,15,10000,2000.0,5.0,8,0.2,0.2,True,ga,0.5894704874814504,0.8976877470355731,0.7569138201659317,0.6246392303580973,0.45842804163177414,0.4188446346280448,0.38030945106928155
ewc,64,0.0,0.001,0.0,20,2000,2000.0,2.0,2,0.0,0.2,False,ga,0.7605713497504801,0.672806324110672,0.8869310112863442,0.8216461785141635,0.7226428315075283,0.7073568136932192,0.752044939390953
ewc,256,0.3,0.0005,0.0,15,2000,1000.0,5.0,2,0.2,0.2,True,ga,0.5200296178477225,0.6886363636363636,0.6757792062187009,0.5512916443969357,0.4144036367986601,0.3840190915075708,0.40604776452810354
ewc,256,0.3,0.0005,0.0,15,10000,1000.0,10.0,8,0.2,0.2,True,ga,0.5880894564649971,0.9040711462450592,0.761959040287017,0.6255478353821485,0.4508399842769983,0.4055793285055958,0.38053940409316384
si,256,0.5,0.001,0.0001,15,10000,2000.0,5.0,4,0.0,0.1,False,ga,0.5054686804927492,0.8014822134387352,0.7397974437551387,0.5663816141101016,0.400646010288312,0.2860763660302831,0.23842843533392463
si,128,0.3,0.0005,0.0,15,2000,2000.0,2.0,2,0.2,0.2,True,ga,0.48910450456856736,0.7051185770750988,0.6038007324912176,0.4906110814181365,0.43783432741442074,0.3747860434496379,0.32247626556289216
si,64,0.3,0.0001,0.0,20,10000,500.0,5.0,1,0.2,0.1,True,ga,0.25075606822331836,0.5719169960474308,0.34866208236789,0.19994655264564404,0.16637328456924103,0.11644173798551678,0.10119575572418778
si,256,0.0,0.0005,0.0,15,2000,1000.0,10.0,4,0.4,0.1,False,ga,0.5826829113804556,0.7865810276679842,0.70328499887884,0.617103153393907,0.5756669458069147,0.39470046082949306,0.41876088170559445
si,128,0.0,0.0005,1e-05,15,5000,1000.0,5.0,1,0.0,0.2,False,ga,0.538136415575395,0.5726679841897233,0.5630839375140145,0.5497773026901835,0.5265838360706168,0.5086899275839368,0.5080155054038961
si,256,0.3,0.0001,0.0001,20,10000,2000.0,2.0,8,0.2,0.2,True,ga,0.5460136751690078,0.6629051383399209,0.658588085806114,0.5541243541778015,0.5111171876335173,0.4446017116524029,0.4447455734042903
si,256,0.3,0.0005,0.0001,15,5000,500.0,2.0,1,0.0,0.1,False,ga,0.5839040539427015,0.7843083003952569,0.669538082068914,0.6013539996436843,0.545605250115359,0.46910796576695196,0.4335107256660425
si,128,0.3,0.0005,0.0001,20,5000,2000.0,5.0,2,0.0,0.1,False,ga,0.5418423386322188,0.6580632411067193,0.677554376261305,0.5968287903082131,0.5058363098798557,0.42740289664252795,0.38536841759469137
si,256,0.3,0.0001,0.0001,20,10000,500.0,2.0,8,0.0,0.2,True,ga,0.67374798603734,0.8279644268774704,0.7933888930413334,0.6798681631925886,0.6247329653239451,0.572053982883476,0.5444794849052265
si,256,0.3,0.0001,0.0001,20,10000,2000.0,2.0,8,0.2,0.2,True,ga,0.6282130769382649,0.7968577075098814,0.7558300321399207,0.651256012827365,0.5781450276007041,0.5170671494404213,0.4701225321112973
si,256,0.3,0.0001,0.0001,20,2000,2000.0,2.0,8,0.2,0.2,True,ga,0.6035480310895548,0.7761660079051383,0.7201397712833545,0.6011580260110457,0.5228410780510314,0.4988973008558262,0.5020860024309319
si,64,0.3,0.0001,0.0,20,10000,2000.0,2.0,2,0.2,0.1,True,ga,0.33086373709794514,0.5499802371541502,0.39244338141864116,0.34192054159985746,0.28168099396715257,0.2142034233048058,0.20495384514306364
si,256,0.3,0.0001,0.0001,15,5000,500.0,2.0,1,0.0,0.1,False,ga,0.25434565023832023,0.445098814229249,0.3156252335750056,0.2439159094958133,0.21516586057799122,0.1738808426596445,0.13238724089221773
si,128,0.3,0.0005,1e-05,15,5000,1000.0,2.0,1,0.0,0.2,False,ga,0.3875902124865171,0.5981225296442688,0.541557664997384,0.41247104934972384,0.32727769897287784,0.23123765635286372,0.21487467560198417
si,256,0.3,0.0001,0.0001,20,2000,1000.0,2.0,4,0.4,0.2,True,ga,0.45046836192943024,0.6073913043478261,0.5250392406009418,0.4693924817388206,0.4176507784594876,0.3597103357472021,0.32362603068230344
si,256,0.0,0.0001,0.0,15,5000,1000.0,10.0,4,0.4,0.2,False,ga,0.40941259680271397,0.5542687747035573,0.5097354062336498,0.44270443613041155,0.41652282398783175,0.27024358130348913,0.2630005584573437
si,64,0.3,0.0001,0.0001,20,10000,2000.0,2.0,8,0.4,0.1,True,ga,0.4032899309401901,0.5762252964426877,0.5053628821287092,0.41482273294138605,0.3522635995419821,0.30806451612903224,0.2630005584573437
si,256,0.3,0.001,0.0001,15,5000,500.0,2.0,1,0.2,0.1,False,ga,0.44394148093689595,0.6244071146245059,0.625924957022199,0.4978621058257616,0.32156956573752843,0.30258393680052664,0.29130120561085376
si,64,0.5,0.0001,0.0001,20,10000,500.0,2.0,8,0.2,0.2,False,ga,0.33075291175686083,0.5078458498023716,0.43553329845279914,0.3814715838232674,0.2575666945806915,0.2184825543120474,0.18361748956998786
si,256,0.3,0.0001,0.0001,20,5000,1000.0,2.0,8,0.0,0.1,True,ga,0.6444621096296215,0.8374703557312253,0.7790567306973616,0.6807233208622839,0.5753080512022969,0.5143350888742594,0.4798791104103019
gen_replay,128,0.0,0.001,0.0,20,10000,2000.0,10.0,4,0.2,0.1,False,ga,0.8363517412096667,0.88800395256917,0.860060542641453,0.8242116515232496,0.8189462170799652,0.8131171823568137,0.8137709010873493
gen_replay,256,0.0,0.0001,0.0001,20,5000,2000.0,10.0,1,0.4,0.2,True,ga,0.5600042753511912,0.5569169960474308,0.5358210628597055,0.5474790664528772,0.5620802214892417,0.5722514812376563,0.5854768240202358
gen_replay,128,0.0,0.0001,0.0,15,5000,1000.0,5.0,2,0.0,0.1,True,ga,0.4652116272744468,0.5241699604743083,0.4747178413932282,0.45316230179939426,0.4386033872814588,0.4206550362080316,0.47996123649025985
gen_replay,256,0.5,0.0001,0.0001,10,5000,500.0,10.0,2,0.2,0.1,True,ga,0.32511128193067984,0.4674505928853755,0.3902758053666193,0.33272759665063245,0.28188607659836273,0.25034562211981565,0.22798199796327323
gen_replay,256,0.3,0.0001,0.0001,15,5000,500.0,5.0,4,0.0,0.1,False,ga,0.6534620113877567,0.6083794466403162,0.6686224680469393,0.6619454836985569,0.6694922495855622,0.6592001316655695,0.6531322886895963
gen_replay,64,0.3,0.0001,1e-05,15,2000,2000.0,10.0,4,0.4,0.1,False,ga,0.3388042165444522,0.5099209486166008,0.4464459227147021,0.4000356315695706,0.33341308768991507,0.17309084924292298,0.16991885943300156
gen_replay,256,0.3,0.001,0.0001,20,2000,500.0,5.0,4,0.4,0.1,False,ga,0.5051343150675055,0.7200395256916996,0.6144330667463936,0.5298948868697666,0.448566985114419,0.4544930875576037,0.2633783384251503
gen_replay,256,0.0,0.0001,0.0,10,5000,2000.0,10.0,4,0.2,0.1,False,ga,0.634523656437353,0.5966798418972332,0.5994095223858286,0.6168181008373419,0.6544186761916155,0.6611915734035549,0.6786242239085444
gen_replay,256,0.0,0.0001,0.0,10,5000,500.0,5.0,2,0.2,0.1,True,ga,0.36514598210595856,0.38235177865612646,0.29914418117946034,0.3343844646356672,0.376702613094526,0.3825049374588545,0.4157879176111166
gen_replay,256,0.3,0.0001,0.0001,15,5000,500.0,5.0,4,0.0,0.1,False,ga,0.5734057304438173,0.5388142292490119,0.5717168697212048,0.6086228398360948,0.57927298207236,0.563100724160632,0.5789067376235998
gen_replay,256,0.0,0.0001,0.0,10,5000,2000.0,10.0,4,0.4,0.1,False,ga,0.4639419999969159,0.45298418972332016,0.44263397862321546,0.4461785141635489,0.46153846153846156,0.4725477287689269,0.5077691271640222
gen_replay,128,0.3,0.001,0.0,20,10000,500.0,10.0,2,0.2,0.1,False,ga,0.7159845004885287,0.7488537549407115,0.7517564840421557,0.7216996258685195,0.7072958146053013,0.6816161948650428,0.6846851286094412
gen_replay,256,0.3,0.0001,1e-05,15,2000,2000.0,5.0,4,0.4,0.1,False,ga,0.4578410039765856,0.5509881422924902,0.4967299499215188,0.4575984322109389,0.4374241621520004,0.41571757735352205,0.38858775992904304
gen_replay,64,0.3,0.0001,0.0,20,2000,2000.0,10.0,1,0.4,0.2,True,ga,0.20897156522972204,0.5622134387351778,0.22184019732416474,0.14952788170318904,0.1363115888776853,0.0935154707044108,0.09042081403370454
gen_replay,256,0.0,0.0001,0.0,15,5000,2000.0,10.0,4,0.0,0.1,False,ga,0.8259471954792681,0.8492490118577075,0.7968271171238508,0.8178692321396758,0.8070001538119734,0.8376892692560896,0.8470483886863113
gen_replay,128,0.3,0.001,0.0,20,10000,500.0,10.0,2,0.2,0.1,False,ga,0.7148158322019337,0.7358498023715415,0.7475895059421481,0.7107251024407625,0.7041341240408114,0.69912771560237,0.691468742813968
gen_replay,128,0.0,0.001,0.0,20,10000,2000.0,10.0,4,0.2,0.1,False,ga,0.8248091919577152,0.8612648221343874,0.8651057627625383,0.8173882059504721,0.8046075231145216,0.8029624753127057,0.7975263624716665
gen_replay,128,0.0,0.0001,1e-05,20,2000,2000.0,5.0,4,0.4,0.1,False,ga,0.5668883758050947,0.6154743083003953,0.6173107108154571,0.5753607696419027,0.5578760275494334,0.5299045424621461,0.5054038960612333
gen_replay,64,0.0,0.0001,0.0,10,10000,500.0,10.0,2,0.2,0.1,False,ga,0.3576681361809531,0.7242885375494071,0.3640406607369759,0.35533582754320325,0.25459299642814415,0.2456056616194865,0.2021451332085017
gen_replay,128,0.0,0.001,0.0,20,10000,2000.0,10.0,4,0.2,0.1,False,ga,0.8255826341123411,0.8730434782608696,0.8577434785858434,0.8242116515232496,0.8031719446960505,0.7999341672152732,0.7953910843927597
