mech,hidden_feats,dropout,lr,weight_decay,epochs_per_batch,buffer_size,ewc_lam,si_c,num_heads,feat_drop,attn_drop,method,avg_acc,batch1_acc,batch2_acc,batch3_acc,batch4_acc,batch5_acc,batch6_acc
naive,64,0.3,0.001,0.0,60,5000,1000.0,5.0,1,0.0,0.0,grid,0.20078738714954628,0.8702964426877471,0.054488377307721055,0.05754498485658293,0.1127441765077846,0.1043614219881501,0.005288919549292073
naive,64,0.3,0.001,0.0,90,5000,1000.0,5.0,1,0.0,0.0,grid,0.23037384988063836,0.9691106719367589,0.05818820539651693,0.08214858364510956,0.11522225830157401,0.1260862409479921,0.031487139055878584
naive,64,0.3,0.001,0.0001,60,5000,1000.0,5.0,1,0.0,0.0,grid,0.36603781559231763,0.8747430830039525,0.8181478436355483,0.3163727062177089,0.10508775827593868,0.07987162606978275,0.0020038763509740154
naive,64,0.3,0.001,0.0001,90,5000,1000.0,5.0,1,0.0,0.0,grid,0.19205252541684092,0.9209683794466403,0.054488377307721055,0.07746303224657046,0.07499188214584793,0.02239960500329164,0.0020038763509740154
naive,64,0.3,0.0005,0.0,60,5000,1000.0,5.0,1,0.0,0.0,grid,0.28976318012536834,0.7743675889328063,0.5685589356454145,0.07457687511134865,0.11079589151128809,0.1086405529953917,0.10163923655596072
naive,64,0.3,0.0005,0.0,90,5000,1000.0,5.0,1,0.0,0.0,grid,0.3008910845521351,0.6756521739130434,0.71569250317662,0.2435774095848922,0.08109309042435014,0.0792626728110599,0.010068657402844848
naive,64,0.3,0.0005,0.0001,60,5000,1000.0,5.0,1,0.0,0.0,grid,0.2707560598410022,0.8875296442687747,0.3569960385679049,0.18583645109567076,0.07277015364107121,0.07641540487162607,0.0449886666009658
naive,64,0.3,0.0005,0.0001,90,5000,1000.0,5.0,1,0.0,0.0,grid,0.1491200155920299,0.5519762845849803,0.15847596980342327,0.03215749153750223,0.08343445046399946,0.06660631994733378,0.0020695772149403767
naive,64,0.5,0.001,0.0,60,5000,1000.0,5.0,1,0.0,0.0,grid,0.28340939536189336,0.8564229249011858,0.5268891546453397,0.1071975770532692,0.08444277340078273,0.08959842001316656,0.035905522157616374
naive,64,0.5,0.001,0.0,90,5000,1000.0,5.0,1,0.0,0.0,grid,0.17993298791442627,0.894604743083004,0.054488377307721055,0.047960092642080884,0.052808777536615795,0.02773206056616195,0.0020038763509740154
naive,64,0.5,0.001,0.0001,60,5000,1000.0,5.0,1,0.0,0.0,grid,0.23087820275214366,0.9321739130434783,0.24508558188205395,0.05195082843399252,0.0994138054791243,0.05464121132323897,0.0020038763509740154
naive,64,0.5,0.001,0.0001,90,5000,1000.0,5.0,1,0.0,0.0,grid,0.19530951091650048,0.9289130434782609,0.05450706330816952,0.053589880634241936,0.07278724386033873,0.06005595786701778,0.0020038763509740154
rehearsal,64,0.3,0.001,0.0,60,5000,1000.0,5.0,1,0.0,0.0,grid,0.6264515236674585,0.5522332015810276,0.7274833694596009,0.6185640477463032,0.5297797070736417,0.6275510204081632,0.7030977957360139
rehearsal,64,0.3,0.001,0.0,90,5000,1000.0,5.0,1,0.0,0.0,grid,0.852549413282684,0.9798221343873518,0.8942372374616937,0.8153037591305897,0.7983525028626117,0.8063693219223174,0.8212115239315397
rehearsal,64,0.3,0.001,0.0001,60,5000,1000.0,5.0,1,0.0,0.0,grid,0.8049193929895994,0.8813241106719367,0.8224082517377981,0.7301977552111171,0.8020098097858596,0.7796741277156024,0.813902302815282
rehearsal,64,0.3,0.001,0.0001,90,5000,1000.0,5.0,1,0.0,0.0,grid,0.8565674094775698,0.9758300395256917,0.954779878914717,0.8090326028861571,0.7868507852955754,0.7971856484529296,0.8157255017903485
rehearsal,64,0.3,0.0005,0.0,60,5000,1000.0,5.0,1,0.0,0.0,grid,0.3544901464591567,0.7970553359683794,0.3550340085208162,0.3983253162301799,0.2331276810281476,0.17860434496379196,0.1647941920436254
rehearsal,64,0.3,0.0005,0.0,90,5000,1000.0,5.0,1,0.0,0.0,grid,0.72584775200174,0.9743675889328063,0.6606248598549966,0.6507928024229467,0.6668090851605626,0.684660961158657,0.7178312144804704
rehearsal,64,0.3,0.0005,0.0001,60,5000,1000.0,5.0,1,0.0,0.0,grid,0.7029797949463455,0.9198418972332015,0.6683048060393153,0.6160163905220025,0.6419086356877959,0.6504608294930876,0.7213462107026707
rehearsal,64,0.3,0.0005,0.0001,90,5000,1000.0,5.0,1,0.0,0.0,grid,0.840970600022672,0.948300395256917,0.9657672471784139,0.849189381792268,0.7815869977611812,0.7347432521395655,0.766236326007687
rehearsal,64,0.5,0.001,0.0,60,5000,1000.0,5.0,1,0.0,0.0,grid,0.8107504280397144,0.9607114624505929,0.8090103894162494,0.7496882237662569,0.7583442995573633,0.7656023699802502,0.8211458230675733
rehearsal,64,0.5,0.001,0.0,90,5000,1000.0,5.0,1,0.0,0.0,grid,0.8298558285760765,0.976304347826087,0.7697511024740264,0.8048280776768216,0.8102302052535334,0.8063034891375905,0.8117177490884006
rehearsal,64,0.5,0.001,0.0001,60,5000,1000.0,5.0,1,0.0,0.0,grid,0.7857545673919447,0.8467588932806324,0.8327416099857986,0.7563869588455372,0.7512347683420778,0.7662442396313364,0.7611609342662856
rehearsal,64,0.5,0.001,0.0001,90,5000,1000.0,5.0,1,0.0,0.0,grid,0.8269507837862307,0.9662055335968379,0.8506427984154271,0.8007482629609834,0.7680515441013108,0.7743910467412771,0.8016655169015473
ewc,64,0.3,0.001,0.0,60,5000,1000.0,5.0,1,0.0,0.0,grid,0.317404097724258,0.9427865612648222,0.7292024815008595,0.0603064314983075,0.04467383316527951,0.07977287689269257,0.04768240202358661
ewc,64,0.3,0.001,0.0,90,5000,1000.0,5.0,1,0.0,0.0,grid,0.26516911430139417,0.9726877470355731,0.40109499962628,0.07566363798325317,0.04072599251448396,0.06132323897300856,0.03951906967576624
ewc,64,0.3,0.001,0.0001,60,5000,1000.0,5.0,1,0.0,0.0,grid,0.3519993445618441,0.8987747035573123,0.6258128410195082,0.2872795296632817,0.23237571138037702,0.0652073732718894,0.0025459084786964947
ewc,64,0.3,0.001,0.0001,90,5000,1000.0,5.0,1,0.0,0.0,grid,0.22015977788611993,0.966106719367589,0.18708423649002168,0.05884553714591128,0.08516056261001828,0.021757735352205397,0.0020038763509740154
ewc,64,0.3,0.0005,0.0,60,5000,1000.0,5.0,1,0.0,0.0,grid,0.2207248864898407,0.9580434782608696,0.13995814335899545,0.025815072153928382,0.07022371097021175,0.06940421329822251,0.060904700896816794
ewc,64,0.3,0.0005,0.0,90,5000,1000.0,5.0,1,0.0,0.0,grid,0.16034519773630918,0.5647628458498024,0.0902346961656327,0.06142882593978265,0.08921094457641891,0.11481237656352863,0.04162149732268979
ewc,64,0.3,0.0005,0.0001,60,5000,1000.0,5.0,1,0.0,0.0,grid,0.2632148855403719,0.8598814229249012,0.5827602959862471,0.0449135934437912,0.04409276571018406,0.03683344305464121,0.01080779212246641
ewc,64,0.3,0.0005,0.0001,90,5000,1000.0,5.0,1,0.0,0.0,grid,0.23697664926540227,0.8305138339920949,0.17260258614246207,0.08382326741492963,0.21976312956095226,0.09010862409479921,0.025048454387175192
ewc,64,0.5,0.001,0.0,60,5000,1000.0,5.0,1,0.0,0.0,grid,0.18470400462284853,0.8687154150197628,0.05609537334628896,0.06932121859967931,0.08387879616495479,0.028209348255431206,0.0020038763509740154
ewc,64,0.5,0.001,0.0,90,5000,1000.0,5.0,1,0.0,0.0,grid,0.20921408204406525,0.9552173913043478,0.054488377307721055,0.0752538749331908,0.11192384598294396,0.053851217906517444,0.0045497848296705105
ewc,64,0.5,0.001,0.0001,60,5000,1000.0,5.0,1,0.0,0.0,grid,0.42817272738312306,0.9648221343873518,0.5056244861349877,0.3740780331373597,0.2203100165775127,0.21153719552337064,0.2926644985381558
ewc,64,0.5,0.001,0.0001,90,5000,1000.0,5.0,1,0.0,0.0,grid,0.27613236764088117,0.9520750988142292,0.4915539277972943,0.07783716372706218,0.06948883154170868,0.060829493087557605,0.0050096908774350385
si,64,0.3,0.001,0.0,60,5000,1000.0,5.0,1,0.0,0.0,grid,0.3188038800130581,0.9484782608695652,0.6071642125719411,0.07160163905220025,0.1049852169603336,0.0977123107307439,0.0828816398935646
si,64,0.3,0.001,0.0,90,5000,1000.0,5.0,1,0.0,0.0,grid,0.29715491472394423,0.903596837944664,0.5573660213767845,0.1322287546766435,0.08174251875651564,0.08174786043449637,0.026247495154561283
si,64,0.3,0.001,0.0001,60,5000,1000.0,5.0,1,0.0,0.0,grid,0.18856336084070713,0.90800395256917,0.054488377307721055,0.05195082843399252,0.057559858492984464,0.057373271889400924,0.0020038763509740154
si,64,0.3,0.001,0.0001,90,5000,1000.0,5.0,1,0.0,0.0,grid,0.2731458438837638,0.9611660079051383,0.44450257866806187,0.07256369143060752,0.072496710132791,0.08614219881500987,0.0020038763509740154
si,64,0.3,0.0005,0.0,60,5000,1000.0,5.0,1,0.0,0.0,grid,0.20370800907595707,0.4480237154150198,0.42643321623439717,0.0815428469624087,0.09953343701399689,0.11420342330480579,0.05251141552511415
si,64,0.3,0.0005,0.0,90,5000,1000.0,5.0,1,0.0,0.0,grid,0.32587313252421773,0.8158498023715415,0.5063719261529263,0.25291288081239977,0.15796489668962452,0.11708360763660303,0.10505568148221149
si,64,0.3,0.0005,0.0001,60,5000,1000.0,5.0,1,0.0,0.0,grid,0.2133602512263616,0.9325098814229249,0.08479707003512968,0.05236059148405487,0.10286602977116197,0.06232718894009216,0.045300745704806016
si,64,0.3,0.0005,0.0001,90,5000,1000.0,5.0,1,0.0,0.0,grid,0.20859739413371206,0.8499407114624505,0.16296060991105463,0.054694459290931766,0.07699143780014697,0.06721527320605662,0.03978187313163168
si,64,0.5,0.001,0.0,60,5000,1000.0,5.0,1,0.0,0.0,grid,0.16872447775541707,0.6542885375494071,0.052358173256596155,0.0647069303402815,0.09965306854886948,0.10714285714285714,0.034197299694490986
si,64,0.5,0.001,0.0,90,5000,1000.0,5.0,1,0.0,0.0,grid,0.25336809708338975,0.9835375494071146,0.296995291127887,0.07197577053269197,0.06559226154871567,0.061652402896642526,0.04045530698728688
si,64,0.5,0.001,0.0001,60,5000,1000.0,5.0,1,0.0,0.0,grid,0.34676878817925066,0.9538537549407115,0.6969691307272592,0.14630322465704615,0.08705757694871225,0.13108953258722844,0.06533950921454618
si,64,0.5,0.001,0.0001,90,5000,1000.0,5.0,1,0.0,0.0,grid,0.35671007016706247,0.9708498023715415,0.7644069063457658,0.2826652414038838,0.08620306598533659,0.032751810401579984,0.0033835944942675997
gen_replay,64,0.3,0.001,0.0,60,5000,1000.0,5.0,1,0.0,0.0,grid,0.7330466702011674,0.9719565217391304,0.6251027730024665,0.7520220915731338,0.6961359014236153,0.6652896642527979,0.6877730692158602
gen_replay,64,0.3,0.001,0.0,90,5000,1000.0,5.0,1,0.0,0.0,grid,0.8321480652639703,0.9821146245059289,0.8488115703714777,0.783342241225726,0.8037188317126108,0.7879526003949967,0.7869485233730824
gen_replay,64,0.3,0.001,0.0001,60,5000,1000.0,5.0,1,0.0,0.0,grid,0.803086125571197,0.9239920948616601,0.9100829658419912,0.757491537502227,0.7069369200006836,0.7495556287030941,0.7704576065175257
gen_replay,64,0.3,0.001,0.0001,90,5000,1000.0,5.0,1,0.0,0.0,grid,0.8174361928141468,0.9788932806324111,0.9162119739890874,0.703402814893996,0.7552851503084784,0.7644502962475312,0.7863736408133767
gen_replay,64,0.3,0.0005,0.0,60,5000,1000.0,5.0,1,0.0,0.0,grid,0.6759583036079979,0.7863043478260869,0.7338739816129756,0.6551933012649207,0.6559226154871567,0.6090520078999342,0.6154035675569134
gen_replay,64,0.3,0.0005,0.0,90,5000,1000.0,5.0,1,0.0,0.0,grid,0.577420139808638,0.7855731225296443,0.9172210180133045,0.47185106003919475,0.36292789636491035,0.41338051349572086,0.5135672284090536
gen_replay,64,0.3,0.0005,0.0001,60,5000,1000.0,5.0,1,0.0,0.0,grid,0.553061882837487,0.4258102766798419,0.6817213543613125,0.5048280776768217,0.5186539743304907,0.5713627386438447,0.6159948753326107
gen_replay,64,0.3,0.0005,0.0001,90,5000,1000.0,5.0,1,0.0,0.0,grid,0.7273826226464405,0.9234782608695652,0.6286717990881232,0.5839836094779975,0.7249500111086425,0.7340684660961159,0.7691435892381985
gen_replay,64,0.5,0.001,0.0,60,5000,1000.0,5.0,1,0.0,0.0,grid,0.8075854620015915,0.9536561264822134,0.8742619029822857,0.7409228576518796,0.7581733973646881,0.7477452271231073,0.7707532604053743
gen_replay,64,0.5,0.001,0.0,90,5000,1000.0,5.0,1,0.0,0.0,grid,0.8460824461983482,0.9316600790513834,0.8315643919575454,0.8239622305362552,0.8331140088527336,0.8147630019749835,0.8414309648171874
gen_replay,64,0.5,0.001,0.0001,60,5000,1000.0,5.0,1,0.0,0.0,grid,0.75409047591398,0.7136166007905138,0.9161559159877419,0.7418849100302868,0.6650487925760088,0.725164581961817,0.7626720541375119
gen_replay,64,0.5,0.001,0.0001,90,5000,1000.0,5.0,1,0.0,0.0,grid,0.782212641829264,0.9193675889328063,0.7037708348905001,0.6994298948868698,0.7890212431425495,0.7805299539170507,0.801156335205808
naive,128,0.3,0.0001,0.0,120,5000,2000.0,2.0,1,0.2,0.2,random,0.2491083600288677,0.8550197628458498,0.356715748561178,0.06205237840726884,0.07625655837164391,0.0728275181040158,0.07177819388324956
naive,128,0.5,0.0005,0.0,120,10000,2000.0,10.0,1,0.2,0.2,random,0.19362527022114714,0.9811660079051383,0.054488377307721055,0.04657046142882594,0.04863876403534257,0.028884134298880842,0.0020038763509740154
naive,64,0.5,0.0005,1e-05,60,2000,500.0,2.0,2,0.0,0.0,random,0.20965720999846024,0.901501976284585,0.05521713132521115,0.06429716729021913,0.1157178746603319,0.09387755102040816,0.027331559410006243
naive,256,0.5,0.001,0.0001,120,2000,500.0,10.0,1,0.2,0.2,random,0.1957789331846691,0.9941501976284585,0.054488377307721055,0.04657046142882594,0.04072599251448396,0.036734693877551024,0.0020038763509740154
naive,256,0.0,0.0001,0.0001,90,2000,1000.0,2.0,1,0.2,0.0,random,0.24245902053889504,0.9298221343873517,0.1210292249047014,0.06044895777659006,0.1421222634286398,0.11038512179065174,0.09094642094543544
naive,64,0.3,0.0005,1e-05,90,2000,500.0,5.0,1,0.0,0.0,random,0.24149242838237553,0.9767193675889329,0.1668659840047836,0.07252805986103687,0.0981320390340608,0.10131665569453588,0.03339246411090306
naive,256,0.0,0.0001,0.0001,90,2000,2000.0,10.0,2,0.0,0.2,random,0.23912009147688376,0.9771739130434782,0.1647918379550041,0.07970782112952075,0.0843915027429802,0.08034891375905201,0.04830656023126704
naive,256,0.3,0.0001,1e-05,60,5000,500.0,5.0,4,0.0,0.2,random,0.24406802774952163,0.9738735177865613,0.18928918454294044,0.07970782112952075,0.0852972843641584,0.1031599736668861,0.03308038500706284
naive,64,0.5,0.0001,0.0,60,5000,500.0,5.0,2,0.0,0.2,random,0.13732537245606538,0.5309683794466403,0.10437999850511996,0.08660252984143951,0.04204193939808248,0.04465108624094799,0.01530830130416215
naive,256,0.0,0.0001,0.0,90,10000,1000.0,10.0,1,0.2,0.2,random,0.20821603611129139,0.9361462450592886,0.054488377307721055,0.05884553714591128,0.07246252969425598,0.08637261356155365,0.04098091389901777
naive,256,0.5,0.0001,1e-05,120,2000,500.0,10.0,4,0.2,0.0,random,0.2008937992920901,0.9772529644268775,0.054488377307721055,0.04657046142882594,0.08316100695571924,0.041886109282422646,0.0020038763509740154
naive,256,0.5,0.0001,1e-05,120,5000,1000.0,2.0,4,0.0,0.0,random,0.2445728740066779,0.9876679841897233,0.17863816428731594,0.04657046142882594,0.08464785603199289,0.09532587228439764,0.07458690581781151
rehearsal,128,0.3,0.0001,0.0001,90,5000,2000.0,5.0,2,0.2,0.0,random,0.7037874909476828,0.9232608695652174,0.8222400777337618,0.6697131658649563,0.6396356365252166,0.5785055957867018,0.5893696002102428
rehearsal,64,0.5,0.001,1e-05,120,2000,2000.0,5.0,4,0.2,0.0,random,0.6723333362577469,0.9943280632411067,0.7067979669631512,0.677213611259576,0.4750568249790645,0.5779131007241606,0.6026904503794225
rehearsal,256,0.5,0.001,0.0001,120,10000,500.0,10.0,1,0.2,0.2,random,0.9363951552570814,0.9935375494071146,0.9725689513416549,0.9295742027436309,0.9234016372430058,0.8958031599736669,0.9034854308334155
rehearsal,256,0.0,0.0001,1e-05,120,5000,500.0,2.0,1,0.0,0.2,random,0.7692314057910962,0.9777470355731225,0.7297256895134165,0.7073044717619811,0.7147300599866696,0.7247366688610928,0.761144509050294
rehearsal,256,0.5,0.001,1e-05,120,5000,500.0,10.0,2,0.0,0.2,random,0.87926141359087,0.9945849802371541,0.9656177591748262,0.8200249420986995,0.8035137490814007,0.842741935483871,0.8490851154692685
rehearsal,256,0.0,0.0005,0.0,120,2000,500.0,5.0,2,0.2,0.2,random,0.6274078330048445,0.9933201581027667,0.657541669781,0.6755567432745413,0.3606719874215986,0.4640552995391705,0.6133011399099898
rehearsal,64,0.3,0.0001,0.0001,60,5000,500.0,2.0,1,0.0,0.2,random,0.25747950444814727,0.540098814229249,0.510912624261903,0.13637983253162303,0.12539093876574436,0.11800526662277815,0.11408955027758615
rehearsal,256,0.3,0.001,0.0001,90,2000,1000.0,10.0,1,0.0,0.2,random,0.683946717449147,0.992905138339921,0.638369833320876,0.5850525565651167,0.6732862782629501,0.5802995391705069,0.6337669590355113
rehearsal,256,0.0,0.001,0.0,60,10000,1000.0,2.0,1,0.2,0.2,random,0.9302352449060454,0.9876877470355732,0.9604230510501532,0.9194192054159985,0.903628253550493,0.9084924292297564,0.9017607831542985
rehearsal,256,0.3,0.001,0.0001,90,2000,500.0,10.0,1,0.0,0.2,random,0.6986573272494437,0.994505928853755,0.636837581284102,0.6598966684482451,0.6452412284449609,0.615339038841343,0.6401235176242568
rehearsal,128,0.3,0.0001,1e-05,120,5000,2000.0,10.0,4,0.2,0.2,random,0.8298985366558894,0.9758893280632411,0.8551274385230585,0.7914306075182612,0.7615059901218533,0.7823568136932192,0.8130810420157025
rehearsal,128,0.5,0.0005,1e-05,60,2000,1000.0,5.0,2,0.0,0.0,random,0.6605662123880325,0.9788932806324111,0.7070782569698781,0.6132014965259219,0.5755473142720421,0.5887590520078999,0.49991787392004206
ewc,256,0.0,0.0005,0.0,90,10000,500.0,10.0,2,0.2,0.0,random,0.23408602159656908,0.9923913043478261,0.25190597204574333,0.04657046142882594,0.07099277083724984,0.04065174456879526,0.0020038763509740154
ewc,128,0.3,0.0005,0.0,90,5000,1000.0,10.0,1,0.2,0.0,random,0.21656520304499172,0.968498023715415,0.08264817998355632,0.04657046142882594,0.08521183326782082,0.07773206056616194,0.0387306593081699
ewc,128,0.5,0.001,0.0,60,2000,1000.0,10.0,2,0.0,0.0,random,0.23130591268557818,0.9916600790513834,0.18643022647432544,0.04657046142882594,0.08533146480269342,0.07583936800526662,0.0020038763509740154
ewc,256,0.0,0.0001,0.0,60,5000,1000.0,2.0,2,0.2,0.0,random,0.2838070425183603,0.9694861660079052,0.3658532027804769,0.12455015143417067,0.09667937039632218,0.08536866359447004,0.060904700896816794
ewc,64,0.5,0.0001,1e-05,90,2000,500.0,2.0,4,0.0,0.2,random,0.20514037682511096,0.6973320158102767,0.28195306076687343,0.06802066631035097,0.0772819715276947,0.08187952600394997,0.02437502053151999
ewc,128,0.3,0.0001,0.0001,90,2000,500.0,10.0,4,0.0,0.2,random,0.28656777180432963,0.9704150197628458,0.43970027655280663,0.07584179583110635,0.10799309555141592,0.12327188940092165,0.0021845537268815086
ewc,128,0.5,0.0001,0.0,60,5000,2000.0,5.0,1,0.0,0.2,random,0.41443577337378423,0.8612845849802372,0.5711936617086478,0.46538393016212365,0.24580862372464238,0.19759710335747202,0.14534673630958247
ewc,128,0.0,0.001,0.0,60,10000,500.0,10.0,4,0.2,0.2,random,0.24728405695582692,0.9942885375494072,0.3319754839674116,0.04657046142882594,0.0425888264146429,0.0662771560236998,0.0020038763509740154
ewc,128,0.0,0.0001,0.0001,60,10000,2000.0,2.0,4,0.2,0.2,random,0.21695290607709872,0.9653162055335969,0.054488377307721055,0.05815072153928381,0.10715567480730778,0.07569124423963133,0.04091521303505141
ewc,64,0.0,0.0005,0.0,60,2000,2000.0,5.0,1,0.0,0.0,random,0.4101037817862807,0.963498023715415,0.6076687345840496,0.38467842508462496,0.21111547861159058,0.16173469387755102,0.1319273348444532
ewc,128,0.0,0.0005,1e-05,120,2000,2000.0,2.0,1,0.2,0.0,random,0.2001566313836941,0.9916600790513834,0.05450706330816952,0.05280598610368787,0.07465007776049767,0.02531270572745227,0.0020038763509740154
ewc,256,0.5,0.0001,0.0001,120,5000,1000.0,5.0,1,0.0,0.0,random,0.29379746301177884,0.9787747035573122,0.46757978922191495,0.08045608409050418,0.0877582759386803,0.09575378538512179,0.05246213987713939
si,128,0.3,0.001,0.0001,90,2000,1000.0,10.0,1,0.2,0.2,random,0.2001432917116284,0.9903557312252964,0.054488377307721055,0.04657046142882594,0.07171056004648539,0.03573074391046741,0.0020038763509740154
si,256,0.5,0.0001,0.0001,90,5000,1000.0,10.0,4,0.2,0.2,random,0.22719884080019334,0.975909090909091,0.192372374616937,0.07961874220559416,0.08386170594568729,0.029427254772876894,0.0020038763509740154
si,64,0.5,0.001,1e-05,90,5000,1000.0,5.0,1,0.2,0.0,random,0.18449854519044837,0.9140513833992094,0.054488377307721055,0.04651701407446998,0.06817288465811017,0.021757735352205397,0.0020038763509740154
si,64,0.3,0.0005,1e-05,90,2000,500.0,2.0,4,0.0,0.2,random,0.208292470534017,0.9774703557312253,0.10408102249794454,0.04657046142882594,0.08485293866320305,0.0347761685319289,0.0020038763509740154
si,128,0.5,0.001,0.0,90,2000,2000.0,2.0,4,0.2,0.0,random,0.19962473007795148,0.9947430830039525,0.054488377307721055,0.04657046142882594,0.04072599251448396,0.05921658986175115,0.0020038763509740154
si,128,0.0,0.001,1e-05,60,10000,500.0,5.0,1,0.0,0.2,random,0.2031804818318257,0.9803557312252964,0.054488377307721055,0.06730803491893818,0.0783073846837455,0.03661948650427913,0.0020038763509740154
si,64,0.0,0.001,0.0001,60,2000,500.0,5.0,1,0.0,0.0,random,0.2590277162182154,0.8958300395256917,0.22623140742955378,0.12203812577944058,0.16876591526669288,0.10390059249506255,0.03740021681285109
si,64,0.3,0.0001,0.0,60,10000,1000.0,10.0,1,0.0,0.2,random,0.1396015571213057,0.13197628458498023,0.16533373196800957,0.1172813112417602,0.14413890930220635,0.14522712310730743,0.1336519825235702
si,256,0.0,0.0005,1e-05,120,10000,1000.0,2.0,1,0.0,0.0,random,0.23531144559029107,0.9876877470355732,0.1994730547873533,0.04657046142882594,0.08066583494266232,0.07593811718235681,0.02153345816497487
si,128,0.0,0.0005,0.0001,90,5000,1000.0,5.0,1,0.0,0.2,random,0.20162617762522403,0.9747233201581028,0.051405187233724496,0.06085872082665241,0.08533146480269342,0.03543449637919684,0.0020038763509740154
si,128,0.3,0.0005,1e-05,90,5000,1000.0,5.0,4,0.0,0.0,random,0.2565706848775622,0.9918181818181818,0.3772890350549368,0.0499554605380367,0.08206723292259839,0.036290322580645164,0.0020038763509740154
si,256,0.0,0.0001,0.0,60,5000,500.0,10.0,2,0.2,0.2,random,0.2071381725260151,0.9606324110671937,0.07693026384632633,0.06581150899697132,0.05986703809409875,0.07758393680052666,0.0020038763509740154
gen_replay,128,0.0,0.0005,0.0001,120,10000,2000.0,2.0,1,0.0,0.0,random,0.9354339415387267,0.985909090909091,0.9705321772927723,0.9244254409406735,0.9236579905320186,0.9054312047399605,0.9026477448178444
gen_replay,128,0.3,0.0001,1e-05,90,10000,2000.0,2.0,2,0.2,0.0,random,0.8615408664198935,0.8006521739130434,0.8995627475895059,0.9115624443256726,0.8153230905952523,0.8545589203423305,0.887585821753556
gen_replay,128,0.3,0.0001,1e-05,120,10000,2000.0,2.0,1,0.0,0.2,random,0.7690102284079283,0.656403162055336,0.7079378129905075,0.8383930162123642,0.709449182233008,0.8258064516129032,0.8760717453434512
gen_replay,64,0.0,0.001,0.0001,60,2000,2000.0,10.0,2,0.2,0.0,random,0.6235321999191866,0.980197628458498,0.7030233948725615,0.6029930518439337,0.5256096935723685,0.47434167215273204,0.4550277586150258
gen_replay,128,0.0,0.0005,1e-05,90,5000,1000.0,5.0,2,0.0,0.0,random,0.864850404363398,0.9821343873517786,0.9400739965617759,0.8200605736682701,0.8157845265154752,0.7993581303489138,0.8316908117341743
gen_replay,256,0.0,0.0001,0.0001,90,10000,2000.0,5.0,4,0.0,0.0,random,0.9374041900251795,0.9784387351778656,0.9705321772927723,0.9230536255122038,0.9270760343855212,0.9131994733377222,0.9121250944449919
gen_replay,256,0.5,0.0005,0.0,120,5000,500.0,10.0,4,0.2,0.2,random,0.8587340838109934,0.9949209486166007,0.9730361013528664,0.8381792267949403,0.7856373797275819,0.7649769585253456,0.7956538878486252
gen_replay,64,0.0,0.0005,0.0001,90,2000,2000.0,5.0,2,0.0,0.0,random,0.6327945154140505,0.9353162055335968,0.8202780476866731,0.6438268305718867,0.47204894638798217,0.49947333772218566,0.42582372458197826
gen_replay,64,0.5,0.0005,0.0,60,10000,500.0,2.0,1,0.0,0.0,random,0.8336562969267902,0.9072332015810277,0.8335824800059796,0.79554605380367,0.8264830037769385,0.8054312047399605,0.8336618376531651
gen_replay,128,0.0,0.001,0.0,120,2000,2000.0,5.0,4,0.2,0.2,random,0.6622840521261576,0.9949604743083004,0.7869048508857164,0.7168893639764832,0.39606583152461844,0.4229756418696511,0.6559081501921751
gen_replay,128,0.5,0.0001,0.0001,120,2000,500.0,2.0,4,0.0,0.2,random,0.5101604565478693,0.979505928853755,0.7022198968532776,0.5712275075717085,0.33300292242749474,0.33069453587886766,0.14431194770211228
gen_replay,64,0.5,0.0005,0.0,90,5000,500.0,2.0,2,0.0,0.2,random,0.8210226802301875,0.9689328063241107,0.8900702593616863,0.7220559415642259,0.7673508451113428,0.7797399605003291,0.797986268519431
naive,128,0.5,0.0001,0.0001,60,5000,1000.0,10.0,2,0.0,0.0,bayes,0.23128655039497356,0.8639920948616601,0.2455340458928171,0.0638161411010155,0.07849537709568814,0.09628044766293614,0.03960119575572419
naive,128,0.3,0.0005,0.0,60,10000,1000.0,2.0,2,0.0,0.2,bayes,0.23992030893156868,0.9808695652173913,0.1876448165034756,0.08336005701051132,0.0853143745834259,0.10032916392363397,0.0020038763509740154
naive,256,0.5,0.0005,0.0,90,5000,2000.0,10.0,1,0.2,0.0,bayes,0.20098057060223684,0.9866600790513834,0.054488377307721055,0.04657046142882594,0.07784594876352263,0.03831468071099407,0.0020038763509740154
naive,64,0.3,0.0005,1e-05,60,2000,2000.0,5.0,4,0.2,0.0,bayes,0.19920363847625297,0.9730039525691699,0.054488377307721055,0.059166221272047036,0.08480166800540051,0.021757735352205397,0.0020038763509740154
naive,64,0.5,0.001,0.0001,90,2000,2000.0,2.0,2,0.0,0.0,bayes,0.19771176210133715,0.9761660079051383,0.054488377307721055,0.04657046142882594,0.08316100695571924,0.0238808426596445,0.0020038763509740154
naive,128,0.3,0.0005,0.0001,120,10000,1000.0,5.0,2,0.0,0.2,bayes,0.20267528109477492,0.9920355731225297,0.054488377307721055,0.04657046142882594,0.08416932989250252,0.036784068466096116,0.0020038763509740154
naive,64,0.5,0.0001,0.0001,120,5000,1000.0,10.0,2,0.0,0.0,bayes,0.1851787435215498,0.6860474308300395,0.242992749831826,0.036682700872973456,0.0897065609351768,0.04637919684002633,0.009263821819256923
naive,64,0.3,0.0005,0.0,120,5000,1000.0,5.0,2,0.0,0.2,bayes,0.20575118397968004,0.9823122529644269,0.054488377307721055,0.04657046142882594,0.07711106933501957,0.07202106649111258,0.0020038763509740154
naive,128,0.5,0.0001,0.0001,120,10000,1000.0,10.0,2,0.0,0.2,bayes,0.22176885493384288,0.9674505928853755,0.08804843411316242,0.07806876892927134,0.07991386529489174,0.09178736010533245,0.025344108275023817
naive,128,0.3,0.0001,1e-05,90,10000,2000.0,2.0,2,0.2,0.2,bayes,0.23961575683530512,0.9209486166007905,0.24288063382913522,0.07397113842864778,0.07748705415890486,0.07695852534562211,0.04544857264873033
naive,128,0.5,0.0005,0.0,90,5000,2000.0,10.0,1,0.2,0.0,bayes,0.20018191727852094,0.9217391304347826,0.05486209731669033,0.04596472474612507,0.08521183326782082,0.09119486504279131,0.0021188528629151474
naive,128,0.5,0.0005,1e-05,60,10000,1000.0,5.0,2,0.0,0.2,bayes,0.21952625168582063,0.9820355731225296,0.13362358920696615,0.07600213789417423,0.0851776528292858,0.03831468071099407,0.0020038763509740154
naive,256,0.5,0.0005,0.0,60,10000,1000.0,2.0,2,0.0,0.2,bayes,0.24981279747370025,0.9900592885375494,0.3227259137454219,0.04657046142882594,0.08524601370635586,0.05227123107307439,0.0020038763509740154
naive,64,0.5,0.0005,0.0,90,10000,1000.0,5.0,1,0.2,0.0,bayes,0.16916018630485263,0.714308300395257,0.061065849465580385,0.04486014608943524,0.07627364859091142,0.07103357472021067,0.04741959856772117
naive,128,0.3,0.0005,0.0001,90,10000,2000.0,10.0,1,0.0,0.0,bayes,0.23697685070882243,0.9811462450592885,0.18885940653262576,0.15358988063424195,0.06179823287132774,0.03446346280447663,0.0020038763509740154
rehearsal,128,0.5,0.0005,1e-05,60,2000,500.0,10.0,2,0.0,0.2,bayes,0.5466637437532268,0.9872332015810277,0.6457694894984678,0.4198646000356316,0.40286773879308874,0.3920671494404213,0.4321802831707237
rehearsal,256,0.5,0.0005,1e-05,60,10000,1000.0,5.0,2,0.2,0.2,bayes,0.9296305563421159,0.9841304347826086,0.9613947230734734,0.9209335471227508,0.9019192316237418,0.903439763001975,0.9059656384481456
rehearsal,128,0.0,0.001,0.0,60,2000,500.0,2.0,1,0.2,0.2,bayes,0.6311565024525035,0.9902964426877471,0.6652216159653188,0.5854979511847497,0.5616187855690189,0.5197498354180382,0.46455438389014814
rehearsal,128,0.5,0.0001,1e-05,120,2000,2000.0,10.0,1,0.2,0.0,bayes,0.29525485135602964,0.6933399209486166,0.6229912549517901,0.16762871904507393,0.13262010151590245,0.07878538512179065,0.07616372655300417
rehearsal,64,0.5,0.001,0.0001,90,10000,500.0,2.0,1,0.0,0.0,bayes,0.9019157503939016,0.9237747035573123,0.948613498766724,0.9057188669160876,0.8666108386170595,0.8679723502304147,0.8988042442758122
rehearsal,64,0.5,0.0001,1e-05,60,10000,2000.0,10.0,2,0.2,0.0,bayes,0.7205499627139647,0.7190513833992095,0.8193063756633531,0.7782112952075539,0.6651171534530788,0.6485023041474655,0.693111264413127
rehearsal,64,0.5,0.0005,1e-05,120,5000,1000.0,2.0,1,0.0,0.0,bayes,0.8085671926214083,0.9151976284584981,0.8834741012033784,0.7568145376803849,0.7681540854169159,0.7561882817643186,0.7715745212049538
rehearsal,256,0.3,0.0005,1e-05,120,10000,2000.0,5.0,2,0.2,0.2,bayes,0.9327373052334141,0.9936956521739131,0.9722512893340309,0.9287903082130767,0.906089245125015,0.8980085582620145,0.8975887782924346
rehearsal,128,0.3,0.0005,1e-05,120,5000,1000.0,5.0,2,0.2,0.0,bayes,0.8552439420987891,0.9900395256916996,0.8635174527244188,0.7935150543381436,0.7953275340522619,0.8409809084924292,0.8480831772937815
rehearsal,128,0.5,0.0001,1e-05,120,10000,1000.0,5.0,1,0.2,0.0,bayes,0.7524260854181275,0.5718577075098814,0.7831302787951266,0.8133440228042045,0.7353750448618256,0.7765306122448979,0.8343188462928287
rehearsal,256,0.5,0.0005,1e-05,120,10000,2000.0,10.0,1,0.2,0.2,bayes,0.9307246067187175,0.989802371541502,0.9722512893340309,0.9224657046142882,0.9065677712645053,0.8957867017774852,0.8974738017804934
rehearsal,256,0.5,0.0005,0.0001,90,10000,2000.0,5.0,1,0.2,0.2,bayes,0.9326949205039042,0.9900988142292491,0.9709619553030869,0.9194370212007839,0.9049442004340915,0.9074884792626728,0.9032390525935416
rehearsal,128,0.5,0.0005,0.0001,90,5000,1000.0,5.0,1,0.2,0.2,bayes,0.8560248568725477,0.9869367588932806,0.9352716944465207,0.8425262782825583,0.7930203544511476,0.7851382488479263,0.7932558063138531
rehearsal,256,0.3,0.0001,1e-05,90,5000,1000.0,10.0,1,0.2,0.2,bayes,0.81520505866819,0.9614229249011857,0.9240787801778907,0.7331017281311242,0.7551996992121409,0.7541310072416063,0.7632962123451923
rehearsal,64,0.3,0.0005,1e-05,90,5000,2000.0,5.0,1,0.0,0.0,bayes,0.6868950940664598,0.8219762845849803,0.5997458703939009,0.7135578122216284,0.6637670261309453,0.6451119157340356,0.6772116553332677
ewc,128,0.5,0.0005,0.0,120,10000,500.0,2.0,4,0.2,0.2,bayes,0.20335299723589204,0.9941699604743083,0.054488377307721055,0.04657046142882594,0.04072599251448396,0.08215931533903884,0.0020038763509740154
ewc,128,0.3,0.0001,0.0001,120,10000,500.0,5.0,4,0.0,0.2,bayes,0.24904636720794224,0.9675296442687747,0.2241946333806712,0.07890611081418136,0.07822193358740792,0.09687294272547729,0.048552938471140894
ewc,256,0.3,0.001,1e-05,60,10000,1000.0,10.0,1,0.2,0.2,bayes,0.26972130463963817,0.9939920948616601,0.2605202182524852,0.24683769820060575,0.08536564524122844,0.029608294930875575,0.0020038763509740154
ewc,256,0.3,0.001,0.0001,90,5000,2000.0,10.0,2,0.2,0.2,bayes,0.20139178306770533,0.9946640316205534,0.054488377307721055,0.04657046142882594,0.04072599251448396,0.06989795918367347,0.0020038763509740154
ewc,64,0.3,0.0005,0.0001,120,5000,500.0,10.0,4,0.2,0.0,bayes,0.2078464411360209,0.9912252964426878,0.10636071455265715,0.04657046142882594,0.06933501956830106,0.031583278472679395,0.0020038763509740154
ewc,64,0.5,0.001,1e-05,90,10000,1000.0,5.0,1,0.2,0.0,bayes,0.21698516418701427,0.9786758893280633,0.1959414007025936,0.04740780331373597,0.05612428007451336,0.021757735352205397,0.0020038763509740154
ewc,256,0.5,0.0001,0.0001,120,10000,1000.0,5.0,2,0.0,0.2,bayes,0.2400464119551661,0.9780830039525692,0.17301367815232827,0.07644753251380723,0.0852972843641584,0.08703094140882159,0.040406031339312115
ewc,256,0.3,0.0001,0.0001,120,10000,2000.0,10.0,2,0.0,0.0,bayes,0.2580284992401333,0.9728260869565217,0.24323566783765602,0.0837163727062177,0.0852972843641584,0.12774851876234364,0.035347064813902304
ewc,256,0.3,0.0005,1e-05,120,10000,2000.0,5.0,1,0.0,0.2,bayes,0.24330989995337712,0.9914822134387352,0.2644442783466627,0.0912702654551933,0.07371011570078444,0.0369486504279131,0.0020038763509740154
ewc,128,0.3,0.0001,0.0001,120,10000,2000.0,10.0,1,0.0,0.2,bayes,0.2085237286992164,0.9006719367588932,0.06119665146871964,0.07976126848387671,0.07584639310922359,0.07263001974983542,0.06103610262474952
ewc,128,0.3,0.0005,0.0001,120,10000,2000.0,10.0,2,0.0,0.2,bayes,0.2155962409907892,0.9878260869565217,0.17521862620524703,0.04657046142882594,0.0484165911848649,0.03354180381830151,0.0020038763509740154
ewc,128,0.3,0.0005,1e-05,120,5000,2000.0,5.0,1,0.2,0.0,bayes,0.24619794889195554,0.9833399209486166,0.3248187457956499,0.04657046142882594,0.0604481055491942,0.06000658327847268,0.0020038763509740154
ewc,256,0.5,0.001,1e-05,120,10000,1000.0,5.0,2,0.2,0.2,bayes,0.20024308987883985,0.9954743083003953,0.054488377307721055,0.04657046142882594,0.04072599251448396,0.06219552337063858,0.0020038763509740154
ewc,128,0.3,0.0005,0.0001,120,10000,2000.0,10.0,2,0.0,0.0,bayes,0.2140254465113546,0.985098814229249,0.17366768816802453,0.04657046142882594,0.04098234580349666,0.035829493087557604,0.0020038763509740154
ewc,128,0.5,0.001,0.0001,120,10000,2000.0,10.0,2,0.2,0.2,bayes,0.20227769589260836,0.9938735177865613,0.054488377307721055,0.04657046142882594,0.04072599251448396,0.07600394996708361,0.0020038763509740154
si,64,0.0,0.001,1e-05,90,10000,1000.0,2.0,2,0.2,0.2,bayes,0.24784130220649417,0.9888537549407115,0.3776066970625607,0.04657046142882594,0.04072599251448396,0.03128703094140882,0.0020038763509740154
si,64,0.0,0.001,0.0,120,2000,1000.0,5.0,4,0.2,0.2,bayes,0.1994714758653905,0.9929841897233201,0.054488377307721055,0.04657046142882594,0.04072599251448396,0.06005595786701778,0.0020038763509740154
si,128,0.3,0.0005,0.0001,120,5000,500.0,2.0,2,0.2,0.2,bayes,0.20104984290007896,0.9932213438735178,0.054488377307721055,0.04657046142882594,0.04072599251448396,0.06928900592495063,0.0020038763509740154
si,128,0.5,0.001,0.0001,120,10000,1000.0,5.0,1,0.2,0.2,bayes,0.1954487305948993,0.9896837944664032,0.054488377307721055,0.04657046142882594,0.04072599251448396,0.03921988150098749,0.0020038763509740154
si,64,0.0,0.001,0.0,90,5000,500.0,5.0,2,0.0,0.0,bayes,0.21798080843303144,0.9850395256916996,0.1172920248150086,0.04657046142882594,0.08193051116845829,0.07458854509545754,0.0024637823987385433
si,64,0.5,0.0005,0.0001,90,5000,1000.0,2.0,1,0.0,0.2,bayes,0.2859740345327288,0.656798418972332,0.7604081022497945,0.19638339568858007,0.06830960641225027,0.02967412771560237,0.004270556157813475
si,256,0.3,0.0005,0.0001,90,5000,1000.0,10.0,1,0.0,0.0,bayes,0.24601024462502907,0.9909288537549407,0.29647208311533,0.07172634954569748,0.08463076581272538,0.03029953917050691,0.0020038763509740154
si,256,0.5,0.0005,1e-05,120,5000,1000.0,5.0,2,0.0,0.2,bayes,0.19678902230503492,0.9926482213438735,0.0621496374915913,0.04657046142882594,0.04072599251448396,0.03663594470046083,0.0020038763509740154
si,256,0.5,0.001,0.0001,90,10000,2000.0,2.0,2,0.2,0.2,bayes,0.2010915608495308,0.9934387351778656,0.054488377307721055,0.04657046142882594,0.04072599251448396,0.06932192231731402,0.0020038763509740154
si,256,0.0,0.0005,1e-05,120,10000,2000.0,10.0,1,0.2,0.2,bayes,0.19443123893675449,0.9912648221343874,0.054488377307721055,0.04657046142882594,0.04072599251448396,0.031533903884134296,0.0020038763509740154
si,256,0.3,0.0005,0.0001,90,5000,1000.0,10.0,2,0.0,0.2,bayes,0.226723389597509,0.9921739130434782,0.19975334479408027,0.04657046142882594,0.08295592432450909,0.03688281764318631,0.0020038763509740154
si,256,0.5,0.0005,0.0001,120,5000,1000.0,10.0,2,0.2,0.2,bayes,0.20213668883314806,0.9937351778656126,0.054488377307721055,0.04657046142882594,0.04072599251448396,0.07529624753127057,0.0020038763509740154
si,256,0.3,0.0005,0.0001,120,10000,1000.0,10.0,2,0.0,0.2,bayes,0.20223104265270728,0.9936758893280633,0.054488377307721055,0.04657046142882594,0.04072599251448396,0.07592165898617512,0.0020038763509740154
si,128,0.5,0.0005,0.0001,120,5000,1000.0,10.0,2,0.0,0.0,bayes,0.21630624033121557,0.9906521739130435,0.13807085731370058,0.04657046142882594,0.08367371353374464,0.03686635944700461,0.0020038763509740154
si,128,0.5,0.0005,0.0001,90,10000,1000.0,10.0,1,0.2,0.0,bayes,0.1991331518279539,0.9677272727272728,0.055572165333731965,0.07177979690005344,0.07130039478406508,0.02641540487162607,0.0020038763509740154
gen_replay,256,0.5,0.0005,0.0001,90,10000,500.0,5.0,2,0.2,0.0,bayes,0.9310384709862044,0.9923122529644269,0.9714291053142985,0.9185106003919473,0.8979201203151437,0.9054805793285056,0.900578167602904
gen_replay,256,0.3,0.001,0.0001,120,5000,500.0,10.0,4,0.2,0.2,bayes,0.8617711540302082,0.994901185770751,0.9759511174228268,0.824959914484233,0.7908498966041735,0.7782422646477946,0.80572254525147
gen_replay,64,0.5,0.0001,1e-05,90,2000,500.0,2.0,4,0.0,0.0,bayes,0.5434686804468875,0.8611857707509881,0.8355445100530683,0.5810261892036345,0.41271170509117633,0.366211323238973,0.2041325843434841
gen_replay,128,0.3,0.0001,0.0001,90,5000,1000.0,10.0,1,0.0,0.2,bayes,0.4966799619923217,0.7632608695652174,0.23064130353539128,0.48897202921788707,0.5245159195392477,0.4859940750493746,0.4866955750468119
gen_replay,256,0.0,0.001,0.0001,90,5000,500.0,10.0,1,0.0,0.2,bayes,0.8844824764996972,0.9926679841897234,0.9550601689214441,0.8154641011936575,0.8375061952044844,0.8495885450954576,0.8566078643934167
gen_replay,64,0.5,0.0001,0.0001,120,10000,500.0,5.0,2,0.2,0.0,bayes,0.826528528300091,0.7865612648221344,0.8700388668809328,0.8313557812221628,0.8513834532497052,0.8163923633969717,0.803439440228639
gen_replay,256,0.3,0.0005,0.0001,90,5000,2000.0,5.0,2,0.0,0.0,bayes,0.8693605119366601,0.9913636363636363,0.8686747888481949,0.8247461250668092,0.8192196605882454,0.8578341013824885,0.8543247593705857
gen_replay,256,0.5,0.0001,0.0001,120,10000,500.0,5.0,1,0.0,0.0,bayes,0.8971070903354769,0.9417786561264823,0.9464272367142537,0.868858008195261,0.8837010578845726,0.868778801843318,0.8730987812489734
gen_replay,128,0.5,0.0001,0.0001,120,5000,2000.0,10.0,1,0.0,0.2,bayes,0.6529786989779183,0.6297628458498024,0.7549891621197399,0.5917512916443969,0.6382000581067455,0.6272547728768927,0.675914063269932
gen_replay,256,0.5,0.0005,0.0001,120,5000,1000.0,10.0,2,0.2,0.0,bayes,0.8716260883435649,0.9940909090909091,0.9492114507810748,0.8524318546231962,0.7932425273016253,0.8438940092165899,0.7968857790479945
gen_replay,256,0.5,0.0005,1e-05,120,10000,1000.0,10.0,2,0.2,0.0,bayes,0.9322673942743741,0.9932411067193676,0.9728118693474849,0.9292000712631392,0.9086527780151419,0.8969387755102041,0.892759764790907
gen_replay,256,0.5,0.0005,0.0001,120,5000,1000.0,5.0,1,0.0,0.0,bayes,0.8759582666738477,0.9826086956521739,0.8906868973764855,0.8214145733119544,0.8517594380735904,0.8556122448979592,0.8536677507309222
gen_replay,128,0.5,0.0005,1e-05,90,10000,2000.0,5.0,1,0.2,0.0,bayes,0.9365142132751703,0.9834782608695652,0.969878167277076,0.9259397826474256,0.9166510006323381,0.9122284397630019,0.9109096284616143
gen_replay,64,0.5,0.0005,1e-05,120,5000,1000.0,10.0,1,0.2,0.2,bayes,0.8344596376944847,0.9537549407114625,0.9199304880783317,0.8214858364510956,0.7506366106677149,0.7684825543120474,0.7924673959462567
gen_replay,256,0.5,0.0001,0.0001,90,10000,2000.0,10.0,2,0.2,0.0,bayes,0.9283991196011004,0.9719169960474309,0.9681403692353688,0.9205415998574737,0.9112334011245364,0.902238314680711,0.8963240366610821
naive,128,0.5,0.0001,1e-05,6,5000,1000.0,5.0,2,0.2,0.0,hyperband,0.43987540636571537,0.5042687747035574,0.4771096494506316,0.4519151968644219,0.43323705843145965,0.40857472021066493,0.36414703853355673
naive,128,0.5,0.0001,0.0,6,5000,2000.0,10.0,1,0.2,0.0,hyperband,0.4339160129595754,0.47837944664031623,0.4567979669631512,0.4369677534295386,0.42112009297079284,0.405513495720869,0.4047173220327847
naive,64,0.0,0.001,0.0001,6,10000,500.0,2.0,4,0.0,0.0,hyperband,0.3953080953167613,0.8237747035573123,0.4403542865685029,0.3562800641368252,0.27940799480457335,0.21494404213298224,0.2570874807003712
naive,64,0.3,0.0001,0.0,6,10000,500.0,5.0,2,0.2,0.2,hyperband,0.36909177833499823,0.5386561264822134,0.5144255923462142,0.3130411544628541,0.2929605386837113,0.2783410138248848,0.27712624421011134
naive,128,0.5,0.0005,1e-05,6,10000,500.0,2.0,2,0.0,0.0,hyperband,0.3539852669793375,0.9071936758893281,0.7307721055385306,0.43892748975592377,0.020935518602703672,0.01617840684660961,0.009904405242928944
naive,256,0.0,0.0001,0.0,6,2000,1000.0,10.0,2,0.2,0.2,hyperband,0.3454946875818455,0.5533201581027668,0.5055310561327453,0.4630144307856761,0.2681284500880146,0.1477452271231073,0.13522880325876285
naive,128,0.5,0.0001,1e-05,6,2000,2000.0,2.0,1,0.0,0.0,hyperband,0.32056340722456744,0.5115217391304347,0.3567904925629718,0.33165864956351326,0.24838924683403688,0.2392363396971692,0.2357839755592786
naive,256,0.3,0.0005,1e-05,6,2000,2000.0,2.0,4,0.0,0.2,hyperband,0.29662383062634484,0.9558695652173913,0.5656065475745572,0.07213611259575985,0.07427409293661237,0.09063528637261356,0.021221379061134655
naive,128,0.5,0.0001,1e-05,6,5000,500.0,10.0,2,0.2,0.0,hyperband,0.28427635010000857,0.4391106719367589,0.24568353389640482,0.2444503830393729,0.2591560849725702,0.25136603028308097,0.2658913964718636
naive,64,0.3,0.0005,0.0,18,2000,500.0,2.0,2,0.0,0.2,hyperband,0.406423135383982,0.9632411067193676,0.5857687420584498,0.46944592909317656,0.18923999794917368,0.12447333772218565,0.10636969876153872
naive,128,0.3,0.0001,0.0,18,10000,500.0,5.0,1,0.0,0.2,hyperband,0.35611659629651354,0.5495652173913044,0.3615927946782271,0.33172991270265456,0.3086322697520209,0.2941902567478604,0.2909891265070136
naive,64,0.0,0.001,1e-05,18,2000,500.0,2.0,4,0.2,0.2,hyperband,0.3390450061568613,0.8977667984189723,0.7586703042080873,0.2413148049171566,0.10729239656144789,0.027221856484529294,0.0020038763509740154
naive,128,0.0,0.0005,0.0,18,5000,1000.0,10.0,4,0.2,0.2,hyperband,0.33479235762721715,0.9573320158102767,0.7024067568577622,0.11138428647781935,0.11990497838087262,0.08525345622119816,0.032472652015374005
naive,256,0.3,0.001,0.0001,18,10000,500.0,10.0,2,0.0,0.0,hyperband,0.32024669844845327,0.9665415019762846,0.5845915240301965,0.18188134687332977,0.13058636542306837,0.05587557603686636,0.0020038763509740154
naive,64,0.3,0.001,0.0001,18,2000,2000.0,5.0,4,0.0,0.2,hyperband,0.3121169631001772,0.9723715415019762,0.6185813588459527,0.0588633529306966,0.12094748175619094,0.0999341672152732,0.0020038763509740154
naive,256,0.3,0.0001,0.0,54,10000,500.0,10.0,2,0.0,0.2,hyperband,0.2964608015556276,0.8750790513833993,0.535073622841767,0.08441118831284518,0.11083007194982311,0.1325049374588545,0.04086593738707664
naive,128,0.5,0.001,0.0001,54,10000,1000.0,5.0,2,0.2,0.0,hyperband,0.24840631784223322,0.9904347826086957,0.31911951565886837,0.08004632104044183,0.07615401705603883,0.022679394338380513,0.0020038763509740154
naive,128,0.3,0.0001,1e-05,162,2000,500.0,2.0,2,0.0,0.0,hyperband,0.23730482729970948,0.9758102766798419,0.20292996487031917,0.06533048280776768,0.06280655580811102,0.07583936800526662,0.041112315626950495
rehearsal,256,0.5,0.001,0.0001,6,10000,500.0,5.0,2,0.0,0.0,hyperband,0.9145736279245806,0.948300395256917,0.9348606024366545,0.9043470514876181,0.9080375301215114,0.8952764976958525,0.8966196905489308
rehearsal,256,0.3,0.001,0.0001,6,10000,500.0,2.0,2,0.0,0.0,hyperband,0.9082221634332396,0.936600790513834,0.9242469541819269,0.9077498663816141,0.8757028352673765,0.9015635286372613,0.9034690056174238
rehearsal,128,0.3,0.001,0.0001,6,10000,2000.0,10.0,4,0.0,0.0,hyperband,0.9017143202600909,0.8990316205533597,0.915352417968458,0.9086228398360948,0.9066532223608429,0.8775510204081632,0.9030748004336258
rehearsal,256,0.0,0.001,0.0001,6,10000,1000.0,10.0,1,0.2,0.0,hyperband,0.8872493462466142,0.9700395256916996,0.9155019059720457,0.858827721361126,0.8863671320903047,0.8409973666886109,0.8517624256758977
rehearsal,256,0.5,0.001,1e-05,6,10000,1000.0,5.0,2,0.2,0.2,hyperband,0.8806216688619656,0.8258695652173913,0.928843710292249,0.8886157135221806,0.8808982619247004,0.8774358130348914,0.8820669491803818
rehearsal,128,0.5,0.0005,1e-05,6,5000,1000.0,10.0,4,0.2,0.2,hyperband,0.7728836154885116,0.9328656126482213,0.8884632633231183,0.7572955638695884,0.6943926990583289,0.658788676761027,0.7054958772707861
rehearsal,128,0.0,0.001,1e-05,6,5000,1000.0,5.0,2,0.2,0.0,hyperband,0.71876820456747,0.8775296442687747,0.8918267434038418,0.7698200605736683,0.6156922393314306,0.5865536537195524,0.5711868861075523
rehearsal,128,0.5,0.001,0.0001,6,10000,500.0,10.0,2,0.2,0.2,hyperband,0.6374961595118762,0.6056126482213439,0.592420958218103,0.5037056832353465,0.5556542990446568,0.7263166556945359,0.8412667126572715
rehearsal,256,0.5,0.0001,1e-05,6,10000,500.0,10.0,2,0.0,0.0,hyperband,0.6089071301696091,0.5290316205533597,0.5829097839898348,0.6056119722073757,0.6423017107309487,0.6082455562870309,0.6853421372491049
rehearsal,128,0.0,0.001,0.0,18,10000,500.0,10.0,4,0.0,0.0,hyperband,0.9362405275736195,0.979308300395257,0.9710740713057777,0.9220915731337965,0.9223591338676875,0.9110434496379197,0.9115666371012778
rehearsal,64,0.5,0.0005,0.0001,18,10000,2000.0,5.0,4,0.2,0.0,hyperband,0.8932657455387604,0.8707114624505928,0.9428768966290455,0.9179761268483877,0.8781125561840959,0.8563364055299539,0.8935810255904865
rehearsal,256,0.5,0.0005,1e-05,18,5000,500.0,10.0,2,0.0,0.0,hyperband,0.8524909436808742,0.9802766798418973,0.8716832349203977,0.8290575449848566,0.8235947567207287,0.8059084924292298,0.8044249531881345
rehearsal,128,0.3,0.0005,1e-05,18,5000,2000.0,10.0,1,0.2,0.0,hyperband,0.7433330759842881,0.8851778656126482,0.8772703490544884,0.7656867985034741,0.6786184266744142,0.6480579328505596,0.6051870832101442
rehearsal,128,0.0,0.0005,0.0001,18,2000,1000.0,10.0,4,0.2,0.2,hyperband,0.6470701165558108,0.9736758893280633,0.8857164212571941,0.6474434348833066,0.5950130740177396,0.4899769585253456,0.2905949213232154
rehearsal,64,0.3,0.0005,0.0001,18,10000,1000.0,10.0,2,0.0,0.2,hyperband,0.6313751169124495,0.821304347826087,0.637323417295762,0.41204347051487616,0.48191000290533725,0.6838380513495721,0.7518314115830623
rehearsal,64,0.0,0.0005,1e-05,54,10000,1000.0,5.0,2,0.0,0.0,hyperband,0.9318770419200838,0.9869367588932806,0.9515658868375813,0.9279351505433814,0.8918530924751764,0.9177254772876893,0.9152458854833941
rehearsal,256,0.5,0.001,0.0001,54,5000,2000.0,2.0,2,0.0,0.0,hyperband,0.875897054723049,0.9920355731225297,0.8560617385454817,0.8443256725458756,0.8764035342573445,0.8433673469387755,0.8431884629282875
rehearsal,256,0.5,0.001,0.0,162,10000,500.0,5.0,1,0.2,0.2,hyperband,0.9332477729889522,0.994308300395257,0.9721391733313401,0.9085693924817388,0.9190265411105224,0.9015964450296248,0.9038467855852305
ewc,256,0.5,0.0001,0.0001,6,10000,1000.0,5.0,2,0.0,0.0,hyperband,0.5406997529464902,0.6830632411067193,0.6613722998729352,0.6213433101728131,0.44719976757301794,0.42893350888742593,0.40228639006602934
ewc,256,0.5,0.0005,0.0001,6,10000,500.0,5.0,1,0.2,0.0,hyperband,0.5216189403418562,0.8400592885375494,0.8113087674714105,0.7919116337074649,0.25078187753148873,0.23253785385121792,0.20311422095200551
ewc,128,0.3,0.0005,0.0001,6,10000,2000.0,5.0,4,0.0,0.0,hyperband,0.4727423463882395,0.8284387351778656,0.6860938784662531,0.5456796721895599,0.33845470237383146,0.22421000658327847,0.21357708353864854
ewc,128,0.5,0.001,0.0,6,2000,2000.0,2.0,2,0.0,0.0,hyperband,0.46145390829122107,0.9444861660079051,0.6826930263846326,0.3396935685016925,0.27903200998068806,0.27251481237656355,0.2503038664958444
ewc,128,0.3,0.001,0.0001,6,5000,1000.0,5.0,4,0.2,0.2,hyperband,0.4595959637023866,0.9577470355731226,0.5217318185215637,0.29237484411188314,0.267940457676072,0.36869651086240945,0.3490851154692684
ewc,128,0.0,0.0001,0.0001,6,2000,1000.0,2.0,1,0.2,0.2,hyperband,0.43182195493755593,0.48456521739130437,0.46133866507212795,0.4436130411544629,0.4112419462341702,0.3959348255431205,0.39423803423015014
ewc,64,0.0,0.0005,0.0001,6,2000,2000.0,2.0,2,0.2,0.0,hyperband,0.42731562995185995,0.542292490118577,0.5424919650198071,0.4563691430607518,0.3822569343564678,0.3188610928242265,0.32162215433132946
ewc,64,0.0,0.0001,0.0,6,2000,2000.0,2.0,2,0.0,0.2,hyperband,0.4238882040932481,0.55300395256917,0.44846401076313624,0.4221984678425085,0.399381334062516,0.3620967741935484,0.35818468512860946
ewc,64,0.3,0.0001,0.0001,6,2000,2000.0,2.0,2,0.0,0.0,hyperband,0.36555793538999476,0.5438735177865612,0.5078294341879064,0.3508106182077321,0.2704698101276639,0.2607801184990125,0.25958411353109295
ewc,128,0.5,0.001,1e-05,18,5000,1000.0,2.0,1,0.0,0.0,hyperband,0.4517516899681615,0.9300592885375494,0.7148703191568877,0.5740067699982184,0.18676191615538426,0.17667873601053324,0.12813310995039584
ewc,128,0.0,0.0005,1e-05,18,5000,500.0,10.0,4,0.0,0.0,hyperband,0.4361181427209431,0.9734387351778656,0.6526833096643995,0.361892036344201,0.2399808589544204,0.25967741935483873,0.12903649682993332
ewc,64,0.5,0.0001,1e-05,18,10000,500.0,10.0,2,0.2,0.0,hyperband,0.355446525958673,0.551897233201581,0.5216757605202182,0.4826296098343132,0.22494146599900877,0.18982883475971032,0.1617062514372064
ewc,256,0.3,0.001,1e-05,18,5000,1000.0,10.0,2,0.2,0.0,hyperband,0.30059586637635394,0.9666798418972332,0.37132820091187685,0.2174594690896134,0.2092868251499667,0.036816984858459516,0.0020038763509740154
ewc,128,0.5,0.001,0.0,18,10000,1000.0,10.0,1,0.2,0.0,hyperband,0.2873559635916561,0.8687351778656126,0.5510314672247553,0.15269909139497595,0.08536564524122844,0.06347926267281107,0.00282513715055353
ewc,256,0.0,0.0001,0.0,18,5000,2000.0,5.0,2,0.2,0.0,hyperband,0.2805831206479445,0.6930237154150197,0.4507250168174004,0.3782291109923392,0.05829473792148753,0.05421329822251481,0.049012844518905425
ewc,256,0.3,0.001,0.0001,54,2000,2000.0,10.0,1,0.0,0.2,hyperband,0.3419832436450632,0.9784584980237154,0.41269900590477615,0.3758417958311064,0.26113855040760175,0.021757735352205397,0.0020038763509740154
ewc,64,0.5,0.0005,1e-05,54,5000,2000.0,10.0,2,0.2,0.0,hyperband,0.2628694719238942,0.9046640316205533,0.5045220121085283,0.04127917334758596,0.053714559157793995,0.07083607636603029,0.0022009789428730987
ewc,64,0.0,0.0001,0.0001,162,5000,1000.0,2.0,4,0.2,0.2,hyperband,0.22021703604356882,0.9784387351778656,0.06485910755661858,0.04657046142882594,0.08353699177960454,0.09229756418696511,0.05559935613153313
si,256,0.5,0.0005,0.0,6,5000,1000.0,2.0,2,0.0,0.0,hyperband,0.45484736135788445,0.8967786561264822,0.6783765602810374,0.5273828612150365,0.2979850631483602,0.16764318630678077,0.16091784106961007
si,128,0.5,0.001,0.0,6,2000,500.0,10.0,1,0.0,0.2,hyperband,0.4424778746077131,0.5937549407114624,0.6609051498617236,0.6249420986994477,0.277032454326389,0.2737491770901909,0.2244834269570645
si,64,0.5,0.0001,0.0001,6,5000,500.0,10.0,1,0.0,0.2,hyperband,0.4121413996127836,0.4572727272727273,0.4354959264519022,0.416212364154641,0.40057764941124197,0.3820111915734036,0.3812785388127854
si,128,0.5,0.0001,0.0,6,5000,1000.0,2.0,1,0.2,0.2,hyperband,0.4056344554616509,0.5469960474308301,0.516144704387473,0.43037591305897027,0.3797788525626784,0.2954410796576695,0.2650701356722841
si,256,0.3,0.0001,1e-05,6,5000,500.0,10.0,4,0.0,0.0,hyperband,0.3884313965414407,0.5515612648221344,0.6960535167052844,0.2740780331373597,0.25948079913865296,0.26614549045424624,0.28326927499096616
si,64,0.5,0.0005,1e-05,6,5000,2000.0,2.0,4,0.2,0.2,hyperband,0.33120262680714396,0.5519762845849803,0.5270386426489274,0.25658293247817565,0.19077811768324987,0.2118663594470046,0.2489734240005256
si,256,0.0,0.001,0.0001,6,10000,1000.0,5.0,4,0.0,0.0,hyperband,0.3273834923357681,0.9726679841897233,0.29406158905747815,0.18877605558524854,0.22092526447114316,0.1729921000658328,0.11487796064518248
si,64,0.3,0.001,0.0,6,2000,1000.0,2.0,4,0.2,0.2,hyperband,0.3116011818228289,0.7773517786561265,0.6496374915912998,0.11997149474434349,0.09109086869584537,0.11114219881500988,0.12041325843434841
si,256,0.5,0.001,0.0001,6,2000,1000.0,5.0,2,0.0,0.2,hyperband,0.3108926835599788,0.963300395256917,0.5447716570745198,0.22597541421699627,0.0825799395006238,0.046724818959842,0.0020038763509740154
si,128,0.0,0.0001,1e-05,18,5000,500.0,5.0,2,0.2,0.0,hyperband,0.6049454646211637,0.869901185770751,0.8487555123701322,0.731587386424372,0.5845025891682191,0.4368169848584595,0.15810912913504813
si,128,0.5,0.0005,0.0001,18,10000,500.0,10.0,1,0.0,0.2,hyperband,0.40947240680706654,0.8919367588932806,0.35744450257866806,0.27748084803135575,0.2311964862509186,0.31041803818301517,0.3883578069051608
si,128,0.3,0.0001,1e-05,18,2000,2000.0,2.0,2,0.2,0.2,hyperband,0.39124043922229584,0.9694466403162055,0.41307272591374544,0.34083377872795295,0.2483037957376993,0.2097103357472021,0.16607535889096942
si,256,0.0,0.0005,0.0,18,2000,2000.0,5.0,1,0.0,0.0,hyperband,0.3663164692466581,0.5220553359683795,0.8228006577472158,0.32449670407981474,0.2764855673098286,0.171724818959842,0.0803357314148681
si,256,0.5,0.001,0.0,18,5000,2000.0,2.0,2,0.2,0.2,hyperband,0.36203188121659235,0.989308300395257,0.4233126541595037,0.32155709959023693,0.22070309162066548,0.13341013824884793,0.0839000032850432
si,64,0.0,0.001,0.0001,18,10000,2000.0,10.0,1,0.0,0.0,hyperband,0.36102878815600375,0.5653359683794467,0.47441886538605277,0.413646891145555,0.32826893169039356,0.2315997366688611,0.152902335665714
si,64,0.3,0.0001,1e-05,54,2000,500.0,10.0,4,0.0,0.2,hyperband,0.5784799202194508,0.9175494071146245,0.8724306749383361,0.47703545341172277,0.38632440654213596,0.3888907175773535,0.4286488617325318
si,256,0.0,0.0001,1e-05,54,5000,1000.0,2.0,4,0.0,0.0,hyperband,0.3321779807270498,0.9750395256916996,0.6555422677330144,0.07468376982006057,0.09197956009775606,0.12361751152073733,0.07220524949903091
si,64,0.3,0.0005,1e-05,162,10000,1000.0,2.0,1,0.0,0.0,hyperband,0.20625742376584064,0.9722529644268775,0.054488377307721055,0.04657046142882594,0.08056329362705723,0.08166556945358788,0.0020038763509740154
gen_replay,256,0.0,0.0005,0.0001,6,10000,500.0,2.0,2,0.0,0.2,hyperband,0.8988004975968567,0.9515810276679841,0.9285634202855221,0.8942811330839123,0.8850682754259737,0.8633311389071757,0.8699779902105713
gen_replay,128,0.0,0.001,0.0,6,5000,2000.0,5.0,4,0.2,0.0,hyperband,0.8581768850300465,0.9590118577075099,0.9135025039240601,0.8780331373597007,0.8579631876676977,0.7688775510204081,0.7716730725009033
gen_replay,64,0.3,0.001,0.0001,6,10000,2000.0,2.0,1,0.0,0.0,hyperband,0.8563553216616587,0.9122332015810277,0.8658905747813738,0.8375022269730982,0.8493838975954061,0.836191573403555,0.8369304556354916
gen_replay,256,0.0,0.001,1e-05,6,2000,500.0,2.0,4,0.0,0.0,hyperband,0.7357490538614547,0.9519367588932807,0.9049256297182151,0.70083734188491,0.6016611693128023,0.6314186965108625,0.623714726848658
gen_replay,64,0.0,0.001,0.0,6,5000,2000.0,2.0,4,0.0,0.0,hyperband,0.677814183042981,0.5539920948616601,0.6989124747738994,0.7291288081239978,0.7278553483841198,0.6856813693219224,0.6713150027922867
gen_replay,256,0.5,0.0001,0.0001,6,10000,500.0,5.0,4,0.0,0.0,hyperband,0.6653740099211635,0.4773320158102767,0.5707078256969879,0.7141991804738999,0.7503631671594346,0.7340684660961159,0.7455734042902664
gen_replay,256,0.3,0.0001,0.0001,6,5000,1000.0,5.0,4,0.2,0.0,hyperband,0.6621157520560129,0.7037747035573122,0.807067045369609,0.8049884197398895,0.732691880436826,0.4956385780118499,0.42853388522059066
gen_replay,64,0.3,0.001,1e-05,6,5000,2000.0,5.0,2,0.2,0.2,hyperband,0.4918810213771634,0.6609486166007905,0.543613125046715,0.5220915731337965,0.42000922871840446,0.41059907834101383,0.39402450642225945
gen_replay,128,0.3,0.0001,0.0,6,10000,1000.0,10.0,4,0.0,0.2,hyperband,0.4488957665648039,0.5799407114624506,0.44375513865012334,0.47881703189025476,0.3302513971254251,0.3989960500329164,0.4616142702276535
gen_replay,256,0.0,0.0005,1e-05,18,10000,2000.0,2.0,4,0.2,0.2,hyperband,0.9324377390404545,0.9732411067193676,0.9694670752672098,0.9245145198646,0.914548903662434,0.9035055957867018,0.9093492329424132
gen_replay,128,0.5,0.001,0.0,18,10000,1000.0,5.0,4,0.0,0.2,hyperband,0.9258385051091133,0.9571343873517787,0.9587786830106884,0.9164617851416355,0.9144121819082939,0.9058262014483213,0.9024177917939621
gen_replay,128,0.3,0.001,1e-05,18,5000,1000.0,2.0,4,0.0,0.2,hyperband,0.8777399173141478,0.9747430830039525,0.9512295388295089,0.8454658827721361,0.8396595628321911,0.8319453587886768,0.8233960776584212
gen_replay,64,0.5,0.0005,1e-05,18,5000,500.0,10.0,1,0.0,0.0,hyperband,0.7771062158704888,0.9208498023715415,0.904196875700725,0.738107963655799,0.7124570608240903,0.6794437129690586,0.707581879701718
gen_replay,256,0.0,0.001,0.0001,18,2000,1000.0,10.0,4,0.0,0.0,hyperband,0.7258032464051176,0.9894664031620554,0.7870543388893041,0.669748797434527,0.6445576196742604,0.642462146148782,0.6215301731217765
gen_replay,256,0.5,0.001,1e-05,18,2000,1000.0,10.0,4,0.2,0.2,hyperband,0.6179532548672791,0.9858893280632411,0.6642125719411017,0.5182968109745234,0.46223916052842956,0.507258064516129,0.5698235931802503
gen_replay,256,0.3,0.0005,0.0001,54,10000,1000.0,10.0,4,0.0,0.0,hyperband,0.9350808932611357,0.9916600790513834,0.962908289109799,0.9203278104400499,0.9235554492164134,0.9117840684660962,0.9002496632830722
gen_replay,64,0.0,0.0001,1e-05,54,5000,1000.0,2.0,2,0.0,0.0,hyperband,0.4555051549567251,0.585197628458498,0.4683832872411989,0.40614644575093534,0.4180267632833729,0.4259216589861751,0.42935514602017016
gen_replay,64,0.3,0.0005,1e-05,162,10000,2000.0,5.0,1,0.2,0.0,hyperband,0.884649826472773,0.7153162055335969,0.9500336348008073,0.9242472830928202,0.9114384837557465,0.9053653719552337,0.901497979698433
naive,64,0.5,0.0001,1e-05,60,2000,2000.0,10.0,4,0.2,0.2,pbt,0.24331325954068617,0.9493478260869566,0.3127289035054937,0.10992339212542312,0.060243022917984036,0.02098420013166557,0.006652212476594067
naive,128,0.0,0.0001,0.0001,90,10000,500.0,5.0,2,0.2,0.2,pbt,0.19309656914897178,0.7549011857707509,0.23346288960310935,0.06141101015499733,0.06885649342881069,0.033640552995391704,0.006307282940770671
naive,256,0.3,0.0005,0.0001,90,5000,1000.0,2.0,2,0.0,0.0,pbt,0.23487886620328444,0.9931422924901185,0.253101876074445,0.04657046142882594,0.0775554150359749,0.03689927583936801,0.0020038763509740154
naive,128,0.0,0.001,0.0,120,5000,1000.0,10.0,1,0.0,0.2,pbt,0.19680941160137197,0.993794466403162,0.054488377307721055,0.04657046142882594,0.04708355408199887,0.0369157340355497,0.0020038763509740154
naive,64,0.3,0.001,1e-05,120,5000,1000.0,5.0,2,0.2,0.2,pbt,0.19220823536582463,0.9858102766798419,0.054488377307721055,0.04657046142882594,0.04072599251448396,0.023650427913100725,0.0020038763509740154
naive,128,0.3,0.001,0.0001,90,5000,500.0,10.0,2,0.2,0.2,pbt,0.19345246590117163,0.9921146245059288,0.057048359369160626,0.04657046142882594,0.04072599251448396,0.022251481237656353,0.0020038763509740154
naive,64,0.5,0.0001,1e-05,60,2000,2000.0,10.0,4,0.0,0.0,pbt,0.2504003361827039,0.8599209486166008,0.30538530532924735,0.08052734722964547,0.07364175482371439,0.09787689269256089,0.08504976840445452
naive,256,0.3,0.001,0.0001,120,5000,1000.0,2.0,2,0.2,0.0,pbt,0.19605723282532098,0.9955731225296442,0.054488377307721055,0.04657046142882594,0.04072599251448396,0.0369815668202765,0.0020038763509740154
naive,128,0.0,0.0005,0.0,60,5000,1000.0,10.0,1,0.0,0.2,pbt,0.2237918643540547,0.9750592885375494,0.05002242320053816,0.07177979690005344,0.09951634679472937,0.11066491112574062,0.03570841956571729
naive,64,0.3,0.0005,0.0001,60,2000,2000.0,10.0,2,0.2,0.0,pbt,0.25049845553781097,0.9764229249011858,0.3896965393527169,0.05619098521289863,0.05668825731034129,0.021988150098749177,0.0020038763509740154
naive,64,0.5,0.0001,0.0001,90,2000,2000.0,10.0,4,0.2,0.0,pbt,0.2286109730899969,0.9367984189723321,0.07272591374542194,0.06110814181364689,0.11030027515253021,0.11649111257406189,0.07424197628198811
naive,64,0.5,0.0001,0.0001,90,5000,1000.0,2.0,2,0.2,0.0,pbt,0.1798588832753629,0.5501778656126483,0.2219149413259586,0.05195082843399252,0.08919385435715141,0.10070770243581303,0.06520810748661345
rehearsal,256,0.3,0.0005,0.0001,90,2000,500.0,2.0,4,0.0,0.2,pbt,0.708262216900379,0.9945652173913043,0.69209208461021,0.6563869588455371,0.6301163843932117,0.6111092824226465,0.6653033737393647
rehearsal,256,0.3,0.001,0.0001,90,2000,500.0,10.0,4,0.0,0.2,pbt,0.7227108883564455,0.9949802371541502,0.5751737798041707,0.6903794762159273,0.6920684292379471,0.6491441737985517,0.7345192339279262
rehearsal,128,0.5,0.001,1e-05,120,2000,1000.0,10.0,1,0.2,0.2,pbt,0.5641199188135073,0.9938735177865613,0.4714664773151955,0.6316230179939426,0.4464136174867124,0.3986668861092824,0.4426759961893499
rehearsal,64,0.0,0.0005,1e-05,60,10000,2000.0,2.0,4,0.0,0.0,pbt,0.9339553513551185,0.9690711462450593,0.9703826892891846,0.9220203099946552,0.9167535419479432,0.9127880184331797,0.9127164022206892
rehearsal,256,0.0,0.0005,0.0,120,2000,2000.0,2.0,4,0.2,0.0,pbt,0.6614508097287102,0.9949802371541502,0.7503550340085208,0.692642080883663,0.3675593457864064,0.5082290980908493,0.6549390624486712
rehearsal,256,0.5,0.0005,0.0,90,10000,1000.0,2.0,1,0.0,0.2,pbt,0.9314818476273986,0.989802371541502,0.9662717691905225,0.9187422055941564,0.9026712012715123,0.9087722185648452,0.9026313196018527
rehearsal,256,0.3,0.0005,1e-05,120,10000,2000.0,2.0,4,0.0,0.0,pbt,0.9398635035461624,0.9948221343873518,0.9731855893564542,0.932478175663638,0.9232136448310632,0.9110105332455563,0.9044709437929109
rehearsal,256,0.3,0.0001,1e-05,90,10000,1000.0,2.0,1,0.0,0.0,pbt,0.8874794015679988,0.893893280632411,0.8853427012482248,0.9029574202743631,0.8810008032403056,0.8748847926267281,0.8867974113859597
rehearsal,256,0.3,0.0001,0.0,90,2000,500.0,10.0,4,0.2,0.0,pbt,0.620145475455347,0.9855731225296442,0.7329770535914493,0.5965971851060039,0.48652436210756583,0.5065832784726794,0.4126178509247397
rehearsal,256,0.0,0.0005,1e-05,120,10000,2000.0,2.0,4,0.2,0.2,pbt,0.9346298384359937,0.9949604743083004,0.9775767994618432,0.9212007838945305,0.9225813067181652,0.8987491770901909,0.8927104891429323
rehearsal,64,0.0,0.0001,1e-05,90,10000,2000.0,2.0,4,0.2,0.2,pbt,0.8387622979698008,0.7530830039525692,0.8749719709993273,0.8414038838410832,0.8581169996411054,0.8498683344305464,0.8551295949541736
rehearsal,64,0.0,0.0005,0.0,90,5000,1000.0,2.0,2,0.2,0.2,pbt,0.8128547117536761,0.9705335968379447,0.8393377681441064,0.7641546410119365,0.7617452531915985,0.7532587228439763,0.7880982884924936
ewc,128,0.3,0.0005,0.0001,90,10000,1000.0,2.0,2,0.0,0.0,pbt,0.21462228709985276,0.983596837944664,0.10325883847821213,0.04657046142882594,0.0845453147163878,0.06775839368005267,0.0020038763509740154
ewc,128,0.0,0.001,0.0001,60,2000,1000.0,5.0,4,0.2,0.2,pbt,0.22140770741284402,0.9941897233201581,0.22301741535241798,0.04657046142882594,0.04072599251448396,0.02193877551020408,0.0020038763509740154
ewc,128,0.0,0.001,0.0001,60,10000,1000.0,5.0,1,0.0,0.0,pbt,0.33576670608396625,0.9822924901185771,0.5437626130503027,0.3024051309460182,0.13311571787466034,0.05102040816326531,0.0020038763509740154
ewc,128,0.5,0.0001,0.0,90,10000,2000.0,2.0,4,0.0,0.2,pbt,0.22324030627374977,0.9776482213438735,0.054637865311308764,0.073258507037235,0.08526310392562336,0.10773535220539829,0.04089878781905982
ewc,256,0.3,0.001,1e-05,90,5000,1000.0,2.0,2,0.0,0.0,pbt,0.22714358920075242,0.9944268774703557,0.16901487405635698,0.04657046142882594,0.04072599251448396,0.07616853192890059,0.035954797805591146
ewc,64,0.5,0.0001,1e-05,90,10000,500.0,2.0,1,0.0,0.0,pbt,0.140598380028466,0.542292490118577,0.2059197249420734,0.03652235880990558,0.020115188077863038,0.02131336405529954,0.017427154167077297
ewc,128,0.0,0.001,0.0001,60,10000,1000.0,5.0,1,0.0,0.0,pbt,0.2144335416461052,0.970395256916996,0.14128484939083638,0.053144486014608944,0.0851776528292858,0.034595128373930216,0.0020038763509740154
ewc,128,0.0,0.001,1e-05,90,5000,1000.0,2.0,2,0.0,0.0,pbt,0.22640597565686368,0.9935375494071146,0.20272441886538606,0.04657046142882594,0.07668381385333174,0.0369157340355497,0.0020038763509740154
ewc,256,0.5,0.001,0.0,90,10000,2000.0,2.0,2,0.0,0.2,pbt,0.20242480484456601,0.9946245059288538,0.054488377307721055,0.04657046142882594,0.04072599251448396,0.0761356155365372,0.0020038763509740154
ewc,128,0.0,0.0005,0.0,60,10000,1000.0,5.0,1,0.0,0.0,pbt,0.26048379009577605,0.9165415019762846,0.33248000597952015,0.04646356672011402,0.08500675063661067,0.10279789335088874,0.07961302191123813
ewc,128,0.0,0.001,1e-05,60,5000,500.0,2.0,2,0.2,0.0,pbt,0.2591740915842529,0.9900988142292491,0.40756035578144856,0.04657046142882594,0.0842718712081076,0.02453917050691244,0.0020038763509740154
ewc,128,0.5,0.0005,1e-05,90,5000,1000.0,2.0,4,0.2,0.0,pbt,0.2157761847187222,0.9910671936758894,0.18459899843037597,0.04657046142882594,0.04072599251448396,0.029690585911784067,0.0020038763509740154
si,256,0.3,0.001,0.0,90,10000,1000.0,10.0,1,0.0,0.2,pbt,0.2241946296310271,0.9933399209486166,0.18069362433664699,0.04657046142882594,0.06352434501734658,0.059035549703752466,0.0020038763509740154
si,128,0.0,0.0005,0.0,60,10000,2000.0,5.0,4,0.0,0.0,pbt,0.3120307303871771,0.9919367588932806,0.3842962852231108,0.30276144664172455,0.09168902637020833,0.07848913759052008,0.023011727604217994
si,256,0.3,0.0001,0.0001,90,2000,1000.0,2.0,2,0.2,0.0,pbt,0.24794627856176613,0.980909090909091,0.24170341580088198,0.07628719045073935,0.0851776528292858,0.10159644502962475,0.0020038763509740154
si,64,0.3,0.001,0.0001,120,5000,500.0,2.0,1,0.0,0.2,pbt,0.2016138842992029,0.9823122529644269,0.04920023918080574,0.04657046142882594,0.04087980448789158,0.07580645161290323,0.014914096120363983
si,256,0.0,0.001,0.0,90,2000,1000.0,2.0,2,0.0,0.0,pbt,0.2120019367123929,0.9951778656126482,0.054488377307721055,0.04657046142882594,0.0587732640609779,0.07618499012508229,0.04081666173910187
si,64,0.0,0.0001,0.0,60,5000,2000.0,2.0,1,0.0,0.0,pbt,0.24840904751460582,0.5509881422924902,0.4151281859630765,0.19420986994477107,0.1146924615042811,0.10780118499012509,0.10763444039289116
si,128,0.0,0.0005,0.0,60,10000,2000.0,2.0,4,0.0,0.2,pbt,0.26370956821631725,0.9895652173913043,0.28725988489423726,0.1324959914484233,0.08538273546049596,0.08554970375246873,0.0020038763509740154
si,64,0.0,0.0005,0.0,90,5000,2000.0,5.0,1,0.2,0.0,pbt,0.22448305877212682,0.9196837944664031,0.25504522012108527,0.044236593621949045,0.04170013501273221,0.04109611586570112,0.04513649354489011
si,256,0.3,0.0001,0.0001,120,2000,1000.0,10.0,2,0.2,0.0,pbt,0.21519271017101915,0.961699604743083,0.054488377307721055,0.07544984856582933,0.08153743612530549,0.09769585253456221,0.020285141749614006
si,128,0.0,0.0001,0.0,60,10000,2000.0,5.0,4,0.0,0.0,pbt,0.40660560627133724,0.9790513833992095,0.7727969205471261,0.42508462497773025,0.08526310392562336,0.09636273864384463,0.08107486613448966
si,128,0.0,0.0005,0.0,60,10000,2000.0,2.0,2,0.0,0.2,pbt,0.3178155795052668,0.9856719367588933,0.48413558561925407,0.225013361838589,0.11917009895236956,0.09089861751152074,0.0020038763509740154
si,128,0.5,0.0005,0.0,60,5000,2000.0,5.0,1,0.0,0.0,pbt,0.20259075147110275,0.9533399209486166,0.05865535540772853,0.051630144307856764,0.08028985011877703,0.05681369321922317,0.014815544824414441
gen_replay,128,0.3,0.001,0.0001,90,10000,2000.0,5.0,2,0.0,0.2,pbt,0.9286504121507037,0.9911857707509881,0.9673368712160849,0.919330126492072,0.8972194213251756,0.8985352205398288,0.898295062580073
gen_replay,64,0.0,0.0001,1e-05,120,10000,2000.0,5.0,4,0.0,0.0,pbt,0.9255095882251906,0.9461462450592886,0.9545930189102324,0.9234633885622662,0.9188214584793123,0.9053653719552337,0.9046680463848099
gen_replay,128,0.0,0.001,0.0001,60,5000,1000.0,10.0,4,0.2,0.0,pbt,0.8414134015930385,0.9933201581027667,0.8373383660961208,0.807019419205416,0.7582930288995607,0.8449144173798552,0.8075950198745113
gen_replay,64,0.3,0.001,0.0,120,10000,2000.0,5.0,2,0.2,0.0,pbt,0.9283323764369106,0.9920158102766798,0.9723820913371702,0.9094779975057902,0.9071146582810657,0.8944535878867677,0.8945501133339904
gen_replay,64,0.5,0.0001,0.0001,120,5000,2000.0,2.0,2,0.0,0.0,pbt,0.3891552408449332,0.851600790513834,0.31607369758576875,0.22809549260644932,0.30786320988498284,0.3090190915075708,0.32227916297099307
gen_replay,256,0.5,0.0001,1e-05,90,5000,1000.0,2.0,2,0.2,0.2,pbt,0.8064878464804625,0.976106719367589,0.856155168547724,0.7691074291822555,0.743612530548767,0.7407669519420671,0.7531782792943728
gen_replay,64,0.3,0.0001,0.0001,120,10000,2000.0,5.0,1,0.0,0.2,pbt,0.38730648665833045,0.4526284584980237,0.477165707451977,0.3538036700516658,0.29986498726778665,0.3489960500329164,0.3913800466476134
gen_replay,64,0.3,0.001,0.0,120,10000,2000.0,5.0,2,0.2,0.0,pbt,0.9298758096830221,0.9879644268774703,0.9715785933178862,0.9201140210226261,0.9064310495103652,0.8981895984200131,0.8949771689497716
gen_replay,64,0.0,0.0001,1e-05,60,5000,2000.0,5.0,4,0.0,0.0,pbt,0.5038949520366897,0.7809683794466403,0.6414530233948725,0.2908248708355603,0.31177687009724336,0.4453752468729427,0.5529713215728786
gen_replay,64,0.0,0.001,0.0001,120,10000,2000.0,5.0,4,0.2,0.0,pbt,0.9332514858676161,0.994604743083004,0.9716720233201286,0.917156600748263,0.9222395023328149,0.8961158657011191,0.8977201800203672
gen_replay,128,0.3,0.0001,0.0001,90,5000,2000.0,5.0,2,0.0,0.0,pbt,0.6522264390719469,0.9106719367588932,0.6379213693101129,0.5691074291822554,0.5956625023499051,0.5911454904542462,0.6088499063762689
gen_replay,64,0.3,0.0005,0.0,120,2000,2000.0,5.0,4,0.2,0.0,pbt,0.641215145397754,0.9919367588932806,0.6722662381343897,0.567076429716729,0.47355288568352333,0.5750987491770901,0.5673598107815118
naive,256,0.3,0.001,1e-05,120,10000,2000.0,10.0,4,0.0,0.0,ga,0.1981013822694522,0.9987549407114624,0.054488377307721055,0.04657046142882594,0.04072599251448396,0.0369486504279131,0.011119871226306626
naive,256,0.0,0.001,0.0,90,2000,500.0,5.0,2,0.2,0.2,ga,0.19385945864998722,0.9950592885375494,0.054488377307721055,0.04657046142882594,0.04072599251448396,0.024308755760368665,0.0020038763509740154
naive,64,0.0,0.0001,0.0001,90,5000,2000.0,10.0,4,0.0,0.2,ga,0.22606203374241962,0.9140513833992094,0.06467224755213394,0.055300195973632636,0.11270999606924957,0.12462146148782094,0.08501691797247134
naive,128,0.5,0.0005,0.0,60,2000,2000.0,5.0,1,0.2,0.2,ga,0.2625183873895445,0.8877470355731225,0.38631437327154494,0.08736860858720827,0.08514347239075078,0.09491441737985516,0.03362241713478532
naive,64,0.5,0.0001,0.0,90,10000,500.0,5.0,2,0.0,0.2,ga,0.27420119159067236,0.7647826086956522,0.2238395993721504,0.15891680028505256,0.1802163621759267,0.14835418038183015,0.16909759863342202
naive,256,0.5,0.0001,0.0,90,10000,2000.0,10.0,2,0.2,0.0,ga,0.22405191010513548,0.9571146245059289,0.054488377307721055,0.07699982184215215,0.10607899099345444,0.11272218564845293,0.03690746033310338
naive,128,0.5,0.001,1e-05,60,2000,2000.0,2.0,1,0.2,0.2,ga,0.20258336698692234,0.980592885375494,0.06818521563644518,0.07639408515945127,0.06656640404696393,0.021757735352205397,0.0020038763509740154
naive,256,0.0,0.001,1e-05,120,5000,500.0,2.0,1,0.0,0.2,ga,0.19589913005852255,0.9946245059288538,0.054488377307721055,0.04657046142882594,0.04072599251448396,0.0369815668202765,0.0020038763509740154
naive,256,0.0,0.001,0.0001,90,5000,2000.0,10.0,1,0.2,0.2,ga,0.1955137979325573,0.992707509881423,0.054488377307721055,0.04657046142882594,0.04072599251448396,0.03658657011191573,0.0020038763509740154
naive,64,0.0,0.0005,1e-05,90,2000,2000.0,2.0,4,0.0,0.2,ga,0.2429134395600602,0.9889328063241106,0.3005082592121982,0.04657046142882594,0.08353699177960454,0.035928242264647796,0.0020038763509740154
naive,256,0.5,0.0001,0.0,60,2000,1000.0,10.0,1,0.2,0.2,ga,0.19922260564698213,0.6014822134387352,0.2966589431198146,0.06666666666666667,0.06644677251209133,0.07034233048057933,0.09373870766400579
naive,256,0.5,0.001,1e-05,60,10000,500.0,10.0,1,0.0,0.2,ga,0.21485566354540309,0.9890118577075099,0.13216608117198594,0.04657046142882594,0.08305846564011417,0.036323238973008556,0.0020038763509740154
naive,128,0.5,0.0001,0.0,90,10000,2000.0,10.0,2,0.0,0.0,ga,0.2260406030963693,0.8970158102766799,0.06827864563868749,0.07719579547479066,0.10859125322577888,0.11212969058591178,0.0930324233763674
naive,256,0.0,0.0001,1e-05,120,5000,2000.0,10.0,4,0.0,0.2,ga,0.21543583340043923,0.99,0.09879288437102922,0.04657046142882594,0.08538273546049596,0.06986504279131008,0.0020038763509740154
naive,256,0.0,0.001,0.0,60,10000,2000.0,10.0,1,0.2,0.2,ga,0.20297540255668356,0.9916600790513834,0.054488377307721055,0.04657046142882594,0.08516056261001828,0.037969058591178405,0.0020038763509740154
naive,64,0.5,0.0005,0.0001,90,5000,500.0,5.0,4,0.0,0.2,ga,0.2021507450018191,0.981403162055336,0.08259212198221093,0.04657046142882594,0.0771452497735546,0.023189598420013165,0.0020038763509740154
naive,64,0.5,0.0001,0.0,90,10000,500.0,5.0,2,0.0,0.2,ga,0.25390127876067975,0.7449802371541502,0.46539352716944465,0.1118831284518083,0.10295148086749953,0.07024358130348914,0.027955717617686674
naive,64,0.5,0.0001,0.0,90,10000,500.0,5.0,2,0.0,0.2,ga,0.36280375098730727,0.7003754940711463,0.5754914418117946,0.4178514163548904,0.2929434484644438,0.17511520737327188,0.015045497848296705
naive,256,0.0,0.0001,1e-05,60,5000,2000.0,10.0,4,0.0,0.2,ga,0.32532470863491436,0.9778063241106719,0.5356155168547724,0.20236949937644752,0.10331037547211731,0.13084265964450295,0.0020038763509740154
naive,64,0.5,0.0005,0.0001,90,5000,1000.0,5.0,2,0.2,0.2,ga,0.2274560217336082,0.9038142292490119,0.3179609836310636,0.057865668982718686,0.06125134585476732,0.02184002633311389,0.0020038763509740154
rehearsal,64,0.0,0.0001,1e-05,120,10000,1000.0,10.0,4,0.0,0.2,ga,0.928652911758539,0.9473122529644269,0.9557515509380372,0.9234277569926955,0.9251448396082922,0.912722185648453,0.9075588843993299
rehearsal,128,0.3,0.001,0.0,120,5000,500.0,10.0,4,0.0,0.0,ga,0.8941860819996812,0.9948418972332016,0.9767733014425592,0.8319258863352931,0.8418983815562354,0.8555464121132323,0.8641306133175651
rehearsal,256,0.5,0.0005,0.0001,90,2000,1000.0,2.0,2,0.2,0.0,ga,0.6676963746616233,0.9910474308300395,0.6577472157859332,0.5971316586495635,0.5602515680276178,0.6100230414746544,0.5899773332019316
rehearsal,64,0.5,0.001,1e-05,90,5000,500.0,2.0,4,0.2,0.2,ga,0.859099859119728,0.9917391304347826,0.8847634352343224,0.8152503117762337,0.8022490728556048,0.8645819618169849,0.7960152426004402
rehearsal,256,0.5,0.0001,0.0,120,10000,1000.0,5.0,1,0.0,0.2,ga,0.8805386284904554,0.9362252964426877,0.9159503699828089,0.872367717797969,0.8804880966622802,0.8376234364713627,0.8405768535856246
rehearsal,64,0.5,0.001,1e-05,120,10000,500.0,5.0,2,0.2,0.0,ga,0.9276242336789471,0.9900592885375494,0.962908289109799,0.9108854445038304,0.905525267889187,0.8969058591178407,0.8994612529154759
rehearsal,256,0.3,0.0005,0.0001,60,2000,500.0,2.0,4,0.2,0.2,ga,0.6433870646810667,0.9932411067193676,0.6363330592719935,0.5953322643862462,0.5234221455061269,0.544321922317314,0.567671889885352
rehearsal,128,0.3,0.0001,0.0,60,5000,500.0,5.0,4,0.0,0.2,ga,0.8079267700093123,0.9757114624505929,0.8965543015173032,0.8033315517548548,0.742347854322971,0.6954739960500329,0.7341414539601195
rehearsal,64,0.3,0.0001,0.0001,120,5000,500.0,2.0,4,0.0,0.2,ga,0.7901387555997847,0.9291699604743083,0.894816503475596,0.7629253518617495,0.7368277134995642,0.6922646477946017,0.7248283564928879
rehearsal,64,0.5,0.001,1e-05,90,10000,500.0,2.0,4,0.2,0.2,ga,0.9271802735824215,0.9911857707509881,0.9682524852380596,0.913700338499911,0.8994582400492198,0.8958689927583937,0.8946158141979567
rehearsal,64,0.0,0.001,1e-05,120,10000,1000.0,5.0,2,0.2,0.2,ga,0.927877839174167,0.9909881422924901,0.9717467673219224,0.918047389987529,0.8868969288875976,0.8975806451612903,0.9020071613941724
rehearsal,64,0.5,0.0001,0.0001,120,10000,1000.0,10.0,2,0.0,0.0,ga,0.8167840574024791,0.6896245059288537,0.7975932431422378,0.8589702476394085,0.8612274195477928,0.8427583936800527,0.8505305344765284
rehearsal,128,0.0,0.001,0.0,120,5000,500.0,10.0,4,0.0,0.0,ga,0.8981616930887298,0.9945256916996047,0.9759324314223784,0.8399251737039016,0.8648676362517731,0.8414252797893351,0.8722939456653855
rehearsal,64,0.5,0.001,1e-05,120,10000,500.0,5.0,2,0.2,0.0,ga,0.9304184101634956,0.9907312252964426,0.9703453172882877,0.9232139675752717,0.9004494727667356,0.9005102040816326,0.8972602739726028
rehearsal,64,0.5,0.0005,1e-05,120,10000,500.0,5.0,2,0.2,0.0,ga,0.9182594280605478,0.989901185770751,0.9000672696016144,0.9207910208444682,0.9046023960487413,0.8947662936142199,0.8994284024834927
rehearsal,64,0.5,0.0005,1e-05,120,5000,500.0,5.0,4,0.0,0.0,ga,0.8663709038058504,0.9844071146245059,0.9031691456760595,0.8278638874042401,0.8257139439099004,0.8099736668861093,0.847097664334286
rehearsal,64,0.5,0.001,0.0001,120,10000,500.0,10.0,2,0.2,0.0,ga,0.9316994619833956,0.986304347826087,0.9690186112564466,0.9231427044361304,0.913916565549536,0.8979098090849242,0.8999047337472488
rehearsal,64,0.0,0.0001,1e-05,120,10000,1000.0,5.0,4,0.0,0.2,ga,0.9052157200812809,0.9587351778656127,0.9204350100904403,0.8818813468733298,0.8904175140567053,0.88788676761027,0.8919385039913275
rehearsal,64,0.3,0.001,1e-05,120,2000,1000.0,5.0,2,0.0,0.2,ga,0.6920706953874287,0.9916403162055336,0.755194708124673,0.6108141813646891,0.5538085553637653,0.6271889400921659,0.6137774711737459
rehearsal,64,0.0,0.001,1e-05,90,10000,1000.0,2.0,4,0.2,0.0,ga,0.9344177529812171,0.9931620553359684,0.9653374691680993,0.9192410475681454,0.9166851810708732,0.9106649111257407,0.9014158536184751
ewc,64,0.3,0.001,0.0,120,5000,2000.0,5.0,4,0.2,0.0,ga,0.21324510535705474,0.9937154150197628,0.13205396516929516,0.04657046142882594,0.04072599251448396,0.06440092165898617,0.0020038763509740154
ewc,64,0.0,0.001,0.0,120,5000,500.0,5.0,2,0.0,0.0,ga,0.2127419131387336,0.9914822134387352,0.054488377307721055,0.04657046142882594,0.0843915027429802,0.06484529295589203,0.034673630958247104
ewc,256,0.5,0.0001,1e-05,60,10000,2000.0,2.0,2,0.2,0.0,ga,0.3639069319496067,0.9796245059288538,0.8020965692503177,0.20760734010333154,0.16936407294105582,0.02274522712310731,0.0020038763509740154
ewc,256,0.3,0.0001,0.0,60,10000,2000.0,5.0,2,0.2,0.2,ga,0.2924292532913645,0.9040711462450592,0.5740339337768144,0.17917334758596115,0.06142224804744245,0.03387096774193549,0.0020038763509740154
ewc,256,0.0,0.001,1e-05,120,10000,500.0,2.0,2,0.2,0.0,ga,0.2041659567811498,0.9948616600790514,0.054488377307721055,0.04657046142882594,0.04072599251448396,0.06458196181698486,0.02376728753983115
ewc,64,0.5,0.0005,1e-05,90,5000,1000.0,5.0,2,0.2,0.0,ga,0.2036324332832434,0.9715415019762846,0.054488377307721055,0.04742561909852129,0.08203305248406337,0.06430217248189599,0.0020038763509740154
ewc,64,0.3,0.0001,0.0,90,2000,1000.0,5.0,2,0.0,0.2,ga,0.43627571506142987,0.8925296442687747,0.6174041408176993,0.414876180295742,0.17905422726573583,0.19318630678077683,0.32060379093985086
ewc,64,0.3,0.0001,1e-05,90,5000,500.0,2.0,1,0.2,0.0,ga,0.41406023327944097,0.5774901185770751,0.4598064130353539,0.3892748975592375,0.3665681130688907,0.3440092165898618,0.3472126408462271
ewc,256,0.0,0.0001,1e-05,90,5000,500.0,2.0,1,0.2,0.0,ga,0.2095082118616144,0.9590513833992095,0.054488377307721055,0.05195082843399252,0.09073197409122759,0.06173469387755102,0.039092014059984886
ewc,64,0.3,0.0001,1e-05,90,5000,500.0,2.0,1,0.2,0.0,ga,0.2629527179854496,0.7592292490118577,0.22675461544211076,0.17304471761981116,0.1438141951361236,0.1381171823568137,0.13675634834598074
ewc,64,0.3,0.0001,1e-05,90,5000,500.0,5.0,1,0.2,0.0,ga,0.17502058441281232,0.8090118577075098,0.054768667314448016,0.05098877605558525,0.05559448327722045,0.04042132982225148,0.03933839229985874
ewc,64,0.0,0.0001,0.0,90,2000,500.0,5.0,2,0.0,0.2,ga,0.19266704868249018,0.7417588932806324,0.10464160251139847,0.06433279885978978,0.1096508468203647,0.07134628044766293,0.0642718701750928
ewc,256,0.3,0.0001,0.0,90,2000,1000.0,5.0,4,0.0,0.2,ga,0.24313514456985452,0.9854940711462451,0.2165707451976979,0.07306253340459647,0.08538273546049596,0.09629690585911783,0.0020038763509740154
ewc,64,0.3,0.0001,1e-05,90,5000,500.0,5.0,1,0.2,0.0,ga,0.2821255318774885,0.5725098814229249,0.3076649973839599,0.24696240869410296,0.20257036897783398,0.1880184331797235,0.17502710160638613
ewc,64,0.3,0.0005,1e-05,90,5000,500.0,10.0,1,0.2,0.0,ga,0.24743615346530856,0.890691699604743,0.3681515808356379,0.042223409941207914,0.06261856339616838,0.061981566820276494,0.05895010019381755
ewc,64,0.3,0.0001,1e-05,90,2000,500.0,2.0,1,0.0,0.0,ga,0.22705445546961958,0.5511264822134387,0.29678974512295386,0.1234990201318368,0.12819373472561654,0.1293614219881501,0.13335632863572155
ewc,256,0.0,0.0001,0.0,90,2000,1000.0,2.0,1,0.2,0.0,ga,0.21702250209189103,0.8831027667984189,0.23036101352866434,0.02344557277748085,0.062310939449353134,0.07913100724160632,0.02378371275582274
ewc,64,0.3,0.0001,1e-05,120,5000,500.0,2.0,1,0.2,0.0,ga,0.1586987624236247,0.5263636363636364,0.2721615965318783,0.053233564938535545,0.0385726248867773,0.03467741935483871,0.02718373246608193
ewc,64,0.5,0.0001,1e-05,90,5000,500.0,5.0,4,0.2,0.0,ga,0.17251714735105975,0.7818379446640317,0.05501158532027805,0.06547300908605024,0.0499718011382086,0.05368663594470046,0.029121907953089582
ewc,256,0.0,0.0001,1e-05,90,5000,1000.0,2.0,1,0.2,0.0,ga,0.22477572179248287,0.9096442687747036,0.12820464907691156,0.07851416354890432,0.10971920769743476,0.08550032916392364,0.037071712493019285
si,64,0.0,0.001,0.0,120,10000,500.0,5.0,4,0.0,0.2,ga,0.20095662315648855,0.9936166007905138,0.054488377307721055,0.04657046142882594,0.04072599251448396,0.06833443054641211,0.0020038763509740154
si,64,0.5,0.0001,1e-05,120,10000,2000.0,5.0,2,0.0,0.0,ga,0.3168154564413826,0.705395256916996,0.48363106360714553,0.344343488330661,0.10501939739886863,0.11262343647136273,0.1498800959232614
si,256,0.0,0.0001,0.0,60,10000,500.0,2.0,4,0.2,0.2,ga,0.23866730413554335,0.976798418972332,0.1761716122281187,0.06718332442544094,0.08512638217148326,0.12472021066491112,0.0020038763509740154
si,256,0.5,0.0005,0.0001,60,10000,2000.0,5.0,2,0.2,0.2,ga,0.24131433146433143,0.9894861660079052,0.33248000597952015,0.04657046142882594,0.04072599251448396,0.03661948650427913,0.0020038763509740154
si,256,0.0,0.0005,1e-05,60,10000,2000.0,2.0,4,0.2,0.0,ga,0.2545812848112103,0.9925691699604743,0.39244338141864116,0.04657046142882594,0.057594038931519494,0.03630678077682686,0.0020038763509740154
si,128,0.0,0.0001,0.0,60,5000,1000.0,10.0,4,0.0,0.2,ga,0.3149434056567884,0.94199604743083,0.6771059122505418,0.06492071975770533,0.08514347239075078,0.10600724160631994,0.014487040504582636
si,128,0.3,0.0001,0.0001,90,10000,500.0,2.0,4,0.2,0.0,ga,0.2337736505021929,0.9746442687747036,0.12209432693026384,0.07628719045073935,0.11247073299950439,0.11512508229098091,0.0020203015669656055
si,64,0.5,0.0005,1e-05,60,2000,2000.0,5.0,4,0.2,0.2,ga,0.2167492239901191,0.9846837944664032,0.12898946109574708,0.06652414038838411,0.08524601370635586,0.03304805793285056,0.0020038763509740154
si,128,0.0,0.0001,0.0,60,5000,1000.0,10.0,4,0.0,0.2,ga,0.22318115390726645,0.9745256916996048,0.054525749308617984,0.05195082843399252,0.10660878779074735,0.11601382488479263,0.035462041325843435
si,128,0.3,0.0001,1e-05,90,10000,500.0,10.0,4,0.2,0.0,ga,0.22683084633837258,0.9625889328063241,0.14965617759174826,0.0619276679137716,0.0774186932818348,0.10738973008558263,0.0020038763509740154
si,256,0.5,0.0005,0.0001,60,10000,1000.0,5.0,2,0.2,0.2,ga,0.28222793913903915,0.9917588932806324,0.43558935645414454,0.1542846962408694,0.07309486780715396,0.03663594470046083,0.0020038763509740154
si,64,0.5,0.0005,1e-05,60,5000,2000.0,2.0,4,0.2,0.0,ga,0.20088231169102164,0.960098814229249,0.0675498916211974,0.07393550685907714,0.07994804573342676,0.021757735352205397,0.0020038763509740154
si,256,0.5,0.0005,1e-05,60,10000,2000.0,5.0,2,0.2,0.2,ga,0.23828468574899522,0.9917786561264822,0.2883063009193512,0.04657046142882594,0.07820484336814042,0.022843976300197497,0.0020038763509740154
si,64,0.5,0.0005,0.0001,60,10000,2000.0,5.0,2,0.2,0.2,ga,0.2056873242640749,0.9406324110671936,0.05585245534045893,0.056761090326028864,0.08606634423119648,0.09280776826859777,0.0020038763509740154
si,64,0.0,0.0001,0.0,60,10000,1000.0,10.0,4,0.2,0.2,ga,0.19041299738852024,0.8064822134387352,0.06762463562299126,0.0565294851238197,0.0755900398202109,0.06779131007241607,0.06846030025294833
si,64,0.5,0.0001,1e-05,120,10000,2000.0,5.0,2,0.0,0.0,ga,0.15351743101441864,0.6653359683794466,0.057590253382166084,0.06440406199893105,0.04270845794951549,0.043202764976958526,0.0478630793994941
si,64,0.5,0.0001,1e-05,60,10000,2000.0,5.0,2,0.2,0.2,ga,0.2517450887273821,0.7391897233201581,0.33431123402346963,0.15864956351327275,0.09192828943995351,0.09754772876892692,0.08884399329851188
si,64,0.5,0.0001,1e-05,120,10000,2000.0,5.0,2,0.0,0.0,ga,0.3433450230040557,0.722707509881423,0.6750130802003139,0.5624086941029752,0.04993762069967358,0.0434167215273206,0.006586511612627706
si,128,0.0,0.0005,1e-05,90,10000,2000.0,10.0,4,0.2,0.2,ga,0.21899514589116068,0.9911462450592885,0.204574332909784,0.04657046142882594,0.04072599251448396,0.028949967083607638,0.0020038763509740154
si,64,0.5,0.0001,0.0001,60,5000,2000.0,2.0,1,0.0,0.0,ga,0.15965689790246923,0.47375494071146246,0.36092009866208236,0.04753251380723321,0.02695127578486832,0.024423963133640553,0.0243585953155284
gen_replay,256,0.3,0.001,1e-05,90,10000,500.0,5.0,2,0.2,0.0,ga,0.9328845893843453,0.9947430830039525,0.9727744973465879,0.9213789417423838,0.9101567173106831,0.8960500329163924,0.9022042639860715
gen_replay,128,0.5,0.001,0.0001,60,5000,2000.0,10.0,2,0.0,0.0,ga,0.8575600875814442,0.9843675889328063,0.8778869870692877,0.8207197577053269,0.8462734776887187,0.8047070441079658,0.8114056699845603
gen_replay,128,0.3,0.0005,0.0001,60,2000,500.0,5.0,1,0.0,0.2,ga,0.45704806665046566,0.9684387351778656,0.5718663577247926,0.42490646712987706,0.15977645993198092,0.27444042132982227,0.3428599586084557
gen_replay,64,0.0,0.0001,0.0,60,10000,500.0,5.0,1,0.2,0.2,ga,0.622422448751185,0.6558498023715416,0.6575603557814486,0.6442722251915197,0.6129065335908259,0.5848090849242923,0.579136690647482
gen_replay,128,0.3,0.0001,1e-05,90,2000,2000.0,10.0,2,0.2,0.0,ga,0.29590194209921833,0.7405138339920949,0.4136519919276478,0.3027436308569392,0.07164219916941535,0.12565832784726794,0.12120166880194475
gen_replay,128,0.5,0.001,1e-05,60,10000,500.0,2.0,4,0.0,0.0,ga,0.9304570046137625,0.992905138339921,0.9646274011510576,0.9140210226260467,0.9146001743202365,0.9007241606319948,0.8958641306133176
gen_replay,256,0.0,0.001,0.0001,90,10000,500.0,10.0,4,0.2,0.2,ga,0.9323086901223431,0.9950592885375494,0.9774273114582555,0.9195261001247105,0.9072001093774034,0.8953423304805793,0.89929700075556
gen_replay,128,0.0,0.001,0.0001,90,2000,1000.0,10.0,2,0.0,0.2,ga,0.7157079002759866,0.9922332015810277,0.6428357874280589,0.6370746481382505,0.740450839984277,0.6278143515470704,0.6538385729772347
gen_replay,256,0.0,0.001,0.0001,90,10000,1000.0,10.0,4,0.2,0.2,ga,0.9303042209208017,0.9984980237154151,0.9772217654533224,0.9146089435239623,0.904858749337754,0.8941408821593153,0.8924969613350415
gen_replay,256,0.3,0.0001,1e-05,90,10000,500.0,5.0,2,0.2,0.0,ga,0.9293808827733017,0.9711857707509881,0.9546677629120263,0.9227507571708534,0.9203083075555859,0.9054476629361422,0.9019250353142144
gen_replay,128,0.5,0.001,1e-05,60,10000,500.0,2.0,4,0.0,0.0,ga,0.9342540703577557,0.9934387351778656,0.9668884072053218,0.9267236771779797,0.9065848614837728,0.9131994733377222,0.8986892677638711
gen_replay,128,0.0,0.001,0.0001,90,10000,2000.0,10.0,2,0.0,0.0,ga,0.932473180084817,0.9918379446640316,0.9716346513192317,0.9207732050596829,0.9163262864662554,0.8980579328505596,0.8962090601491409
gen_replay,64,0.5,0.001,0.0,60,5000,2000.0,5.0,2,0.2,0.0,ga,0.811136249474492,0.9881225296442687,0.8165595335974288,0.7465526456440407,0.7685813408986037,0.7585418038183015,0.7884596432443086
gen_replay,128,0.3,0.001,0.0001,60,5000,1000.0,5.0,1,0.0,0.2,ga,0.8404686773260105,0.9802371541501976,0.8803348531280365,0.7709068234455728,0.8073590484165912,0.7881665569453588,0.8158076278703065
gen_replay,128,0.0,0.001,0.0001,120,10000,2000.0,10.0,1,0.0,0.0,ga,0.9345919796600516,0.9921739130434782,0.9739330293743927,0.9221806520577231,0.9201374053629108,0.8970704410796577,0.9020564370421471
gen_replay,256,0.3,0.001,0.0,90,10000,2000.0,5.0,1,0.0,0.0,ga,0.9293512777596461,0.9929249011857707,0.9673555572165333,0.9158560484589346,0.8998513150923726,0.9007899934167215,0.8993298511875432
gen_replay,64,0.5,0.001,1e-05,60,10000,500.0,2.0,4,0.0,0.2,ga,0.9296198618964363,0.9855335968379446,0.9668323492039764,0.9202921788704792,0.9025344795173722,0.9051020408163265,0.8974245261325187
gen_replay,256,0.5,0.0001,1e-05,90,10000,500.0,2.0,4,0.2,0.2,ga,0.9308399082067177,0.9859486166007905,0.9689251812542043,0.9203456262248352,0.9142754601541537,0.8962639894667545,0.8992805755395683
gen_replay,256,0.5,0.001,0.0,60,5000,1000.0,10.0,2,0.0,0.0,ga,0.8765620037917632,0.9931422924901185,0.887323417295762,0.8269730981649742,0.8574846615282075,0.8558755760368664,0.8385729772346506
gen_replay,64,0.0,0.001,0.0001,60,10000,2000.0,10.0,1,0.2,0.0,ga,0.9045198750408036,0.9646442687747036,0.9135585619254055,0.9059504721182968,0.8916821902825013,0.866046741277156,0.8852370158667586
