mech,hidden_feats,dropout,lr,weight_decay,epochs_per_batch,buffer_size,ewc_lam,si_c,eps_learn,method,avg_acc,batch1_acc,batch2_acc,batch3_acc,batch4_acc,batch5_acc,batch6_acc
naive,64,0.3,0.001,0.0,60,5000,1000.0,5.0,True,grid,0.191939504557588,0.9574308300395257,0.054488377307721055,0.04667735613753786,0.04072599251448396,0.04925938117182357,0.003055090174435794
naive,64,0.3,0.001,0.0,90,5000,1000.0,5.0,True,grid,0.1995906728540691,0.992905138339921,0.054488377307721055,0.04641011936575806,0.04072599251448396,0.06101053324555629,0.0020038763509740154
naive,64,0.3,0.001,0.0001,60,5000,1000.0,5.0,True,grid,0.1759673774504317,0.8538537549407115,0.054488377307721055,0.05195082843399252,0.04072599251448396,0.05278143515470705,0.0020038763509740154
naive,64,0.3,0.001,0.0001,90,5000,1000.0,5.0,True,grid,0.19196438951688963,0.968399209486166,0.054488377307721055,0.04657046142882594,0.04072599251448396,0.03959842001316656,0.0020038763509740154
naive,64,0.3,0.0005,0.0,60,5000,1000.0,5.0,True,grid,0.19130926597224354,0.7730434782608696,0.054488377307721055,0.051986460003563155,0.10932613265428195,0.12226793943383805,0.03674320817318748
naive,64,0.3,0.0005,0.0,90,5000,1000.0,5.0,True,grid,0.23559067865300287,0.9598023715415019,0.2641266163390388,0.04657046142882594,0.04072599251448396,0.07674456879526004,0.02557406129890608
naive,64,0.3,0.0005,0.0001,60,5000,1000.0,5.0,True,grid,0.1253219865286085,0.4974308300395257,0.054488377307721055,0.05195082843399252,0.09233845470237383,0.05371955233706386,0.0020038763509740154
naive,64,0.3,0.0005,0.0001,90,5000,1000.0,5.0,True,grid,0.13469659931835395,0.5519762845849803,0.054488377307721055,0.06777124532335649,0.0852972843641584,0.04664252797893351,0.0020038763509740154
naive,64,0.5,0.001,0.0,60,5000,1000.0,5.0,True,grid,0.2371286415347127,0.9383201581027668,0.34017863816428734,0.07783716372706218,0.04267427751098046,0.021757735352205397,0.0020038763509740154
naive,64,0.5,0.001,0.0,90,5000,1000.0,5.0,True,grid,0.196901259646638,0.9647628458498023,0.054488377307721055,0.04657046142882594,0.0846649462512604,0.02891705069124424,0.0020038763509740154
naive,64,0.5,0.001,0.0001,60,5000,1000.0,5.0,True,grid,0.2692290797412855,0.8721936758893281,0.5601876074445026,0.048815250311776234,0.051578281749354846,0.08059578670177749,0.0020038763509740154
naive,64,0.5,0.001,0.0001,90,5000,1000.0,5.0,True,grid,0.2363322012854985,0.9478458498023715,0.3252485238059646,0.04657046142882594,0.05949105327021346,0.03683344305464121,0.0020038763509740154
rehearsal,64,0.3,0.001,0.0,60,5000,1000.0,5.0,True,grid,0.7725623240468531,0.9811857707509881,0.772348456536363,0.7971672902191341,0.45227556269546937,0.808080974325214,0.8243158897539503
rehearsal,64,0.3,0.001,0.0,90,5000,1000.0,5.0,True,grid,0.8168817417448749,0.9857707509881423,0.8135137155243292,0.8190094423659362,0.662827064071232,0.812771560236998,0.8073979172826122
rehearsal,64,0.3,0.001,0.0001,60,5000,1000.0,5.0,True,grid,0.8269107637893504,0.9674308300395257,0.8163726735929442,0.7848922145020488,0.8000444345700956,0.7807274522712311,0.8119969777602576
rehearsal,64,0.3,0.001,0.0001,90,5000,1000.0,5.0,True,grid,0.859443286545797,0.9889723320158103,0.8478772703490545,0.8137359700694815,0.8018218173739169,0.8548387096774194,0.8494136197891002
rehearsal,64,0.3,0.0005,0.0,60,5000,1000.0,5.0,True,grid,0.5287078398187551,0.9545652173913044,0.42820838627700125,0.6225904151077855,0.26840189359629485,0.4207208689927584,0.47776025754738677
rehearsal,64,0.3,0.0005,0.0,90,5000,1000.0,5.0,True,grid,0.7405329908650864,0.9643280632411068,0.9356080424545931,0.4861927667913772,0.5705740604651958,0.7277814351547071,0.7587135770835387
rehearsal,64,0.3,0.0005,0.0001,60,5000,1000.0,5.0,True,grid,0.6898976399412865,0.5519762845849803,0.5295612527094701,0.7133440228042045,0.7077230700869892,0.8074884792626729,0.8292927301994021
rehearsal,64,0.3,0.0005,0.0001,90,5000,1000.0,5.0,True,grid,0.827701860897446,0.8339130434782609,0.8046378653113088,0.8365223588099056,0.8082648300377694,0.8252304147465438,0.8576426530008869
rehearsal,64,0.5,0.001,0.0,60,5000,1000.0,5.0,True,grid,0.8213149535802069,0.9411067193675889,0.8417856342028552,0.7853910564760378,0.8180062550202519,0.7679888084265964,0.773611247987911
rehearsal,64,0.5,0.001,0.0,90,5000,1000.0,5.0,True,grid,0.8473344876803597,0.9758893280632411,0.8429067942297631,0.8332086228398361,0.7870216874882505,0.8008393680052667,0.8441411254557998
rehearsal,64,0.5,0.001,0.0001,60,5000,1000.0,5.0,True,grid,0.7340545218418203,0.9267193675889328,0.44452126466851033,0.6686442187778372,0.7945242937466888,0.7684167215273207,0.8015012647416313
rehearsal,64,0.5,0.001,0.0001,90,5000,1000.0,5.0,True,grid,0.8534734986587175,0.9640711462450593,0.8339188280140519,0.8199180473899875,0.7900295660793328,0.8605332455562871,0.8523701586675865
ewc,64,0.3,0.001,0.0,60,5000,1000.0,5.0,True,grid,0.2812398965522991,0.8527272727272728,0.6723596681366321,0.05344735435595938,0.08514347239075078,0.021757735352205397,0.0020038763509740154
ewc,64,0.3,0.001,0.0,90,5000,1000.0,5.0,True,grid,0.20078376177051385,0.9562450592885375,0.054488377307721055,0.04657046142882594,0.07087313930237725,0.07399605003291639,0.0025294832627049046
ewc,64,0.3,0.001,0.0001,60,5000,1000.0,5.0,True,grid,0.1678880926931748,0.7820158102766799,0.054488377307721055,0.062141457331195436,0.0849212995402731,0.021757735352205397,0.0020038763509740154
ewc,64,0.3,0.001,0.0001,90,5000,1000.0,5.0,True,grid,0.20823477568480972,0.9492885375494071,0.14881530757156738,0.04708711918760022,0.04072599251448396,0.06148782093482554,0.0020038763509740154
ewc,64,0.3,0.0005,0.0,60,5000,1000.0,5.0,True,grid,0.14363403985079715,0.5519762845849803,0.12775618506614844,0.05341172278638874,0.04467383316527951,0.04302172481895984,0.040964488683026185
ewc,64,0.3,0.0005,0.0,90,5000,1000.0,5.0,True,grid,0.1905035070093123,0.844901185770751,0.054488377307721055,0.05854266880456084,0.08510929195221574,0.09797564186965109,0.0020038763509740154
ewc,64,0.3,0.0005,0.0001,60,5000,1000.0,5.0,True,grid,0.30701001604881645,0.8798616600790514,0.6454331414903954,0.16579369321218598,0.08512638217148326,0.06384134298880843,0.0020038763509740154
ewc,64,0.3,0.0005,0.0001,90,5000,1000.0,5.0,True,grid,0.19946466104413108,0.9572529644268775,0.054488377307721055,0.021895599501158027,0.07890554235810845,0.08224160631994733,0.0020038763509740154
ewc,64,0.5,0.001,0.0,60,5000,1000.0,5.0,True,grid,0.17045951024346473,0.7967786561264822,0.054488377307721055,0.04657046142882594,0.08471621690906295,0.03819947333772219,0.0020038763509740154
ewc,64,0.5,0.001,0.0,90,5000,1000.0,5.0,True,grid,0.19742139858102245,0.9625098814229249,0.054488377307721055,0.04657046142882594,0.04072599251448396,0.03923633969716919,0.040997339115009364
ewc,64,0.5,0.001,0.0001,60,5000,1000.0,5.0,True,grid,0.1703949547654895,0.7811067193675889,0.054488377307721055,0.05195082843399252,0.05925179020046827,0.07356813693219223,0.0020038763509740154
ewc,64,0.5,0.001,0.0001,90,5000,1000.0,5.0,True,grid,0.23886391523548814,0.9765810276679842,0.29987293519695046,0.04657046142882594,0.08522892348708834,0.02292626728110599,0.0020038763509740154
si,64,0.3,0.001,0.0,60,5000,1000.0,5.0,True,grid,0.20127576437083328,0.9704545454545455,0.054488377307721055,0.048049171566007486,0.04643412574983337,0.08622448979591837,0.0020038763509740154
si,64,0.3,0.001,0.0,90,5000,1000.0,5.0,True,grid,0.19087429375000622,0.9753754940711462,0.054488377307721055,0.04657046142882594,0.0450498179891648,0.021757735352205397,0.0020038763509740154
si,64,0.3,0.001,0.0001,60,5000,1000.0,5.0,True,grid,0.20625693324184813,0.9664031620553359,0.054488377307721055,0.0800997683947978,0.06543844957530805,0.06910796576695194,0.0020038763509740154
si,64,0.3,0.001,0.0001,90,5000,1000.0,5.0,True,grid,0.19647953263552134,0.9648221343873518,0.054488377307721055,0.04657046142882594,0.08495547997880813,0.026036866359447006,0.0020038763509740154
si,64,0.3,0.0005,0.0,60,5000,1000.0,5.0,True,grid,0.1898710079974083,0.8185177865612648,0.054488377307721055,0.05236059148405487,0.07458171688342762,0.07784726793943383,0.061430307808547684
si,64,0.3,0.0005,0.0,90,5000,1000.0,5.0,True,grid,0.19787089659682458,0.9511264822134388,0.054488377307721055,0.075432032781044,0.04523781040110745,0.05893680052666228,0.0020038763509740154
si,64,0.3,0.0005,0.0001,60,5000,1000.0,5.0,True,grid,0.20937688253391243,0.9436363636363636,0.05467523731220569,0.052039907357919114,0.0944918223300805,0.10941408821593153,0.0020038763509740154
si,64,0.3,0.0005,0.0001,90,5000,1000.0,5.0,True,grid,0.20761466099061218,0.9797826086956521,0.054488377307721055,0.04657046142882594,0.08469912668979543,0.07814351547070442,0.0020038763509740154
si,64,0.5,0.001,0.0,60,5000,1000.0,5.0,True,grid,0.18901599244234066,0.9394268774703557,0.054488377307721055,0.05200427578834848,0.05556030283868542,0.030612244897959183,0.0020038763509740154
si,64,0.5,0.001,0.0,90,5000,1000.0,5.0,True,grid,0.20397804727789495,0.9712845849802372,0.054488377307721055,0.04657046142882594,0.08495547997880813,0.06456550362080316,0.0020038763509740154
si,64,0.5,0.001,0.0001,60,5000,1000.0,5.0,True,grid,0.19652553469144043,0.9625098814229249,0.054488377307721055,0.05668982718688758,0.044639652726744486,0.05882159315339039,0.0020038763509740154
si,64,0.5,0.001,0.0001,90,5000,1000.0,5.0,True,grid,0.19296148481642383,0.9840711462450593,0.054488377307721055,0.04079814715838233,0.04072599251448396,0.03568136932192232,0.0020038763509740154
gen_replay,64,0.3,0.001,0.0,60,5000,1000.0,5.0,True,grid,0.8534898968853191,0.975,0.9620300470887211,0.7761090326028861,0.8024370652675474,0.7928242264647795,0.81253900988798
gen_replay,64,0.3,0.001,0.0,90,5000,1000.0,5.0,True,grid,0.8271863993547086,0.9784189723320158,0.8017789072426937,0.7813646891145555,0.7897390323517851,0.8002468729427255,0.8115699221444762
gen_replay,64,0.3,0.001,0.0001,60,5000,1000.0,5.0,True,grid,0.8358789054753676,0.9670158102766798,0.7837095448090291,0.8370033849991092,0.8007451335600636,0.8099242922975642,0.8168752669097599
gen_replay,64,0.3,0.001,0.0001,90,5000,1000.0,5.0,True,grid,0.854046001667578,0.9699604743083003,0.8283877718813065,0.8110992339212543,0.8076324919248714,0.8566326530612245,0.8505633849085116
gen_replay,64,0.3,0.0005,0.0,60,5000,1000.0,5.0,True,grid,0.6472030336088537,0.6030039525691699,0.8622468046939233,0.6672189559950116,0.5759574795344624,0.5379196840026333,0.6368713248579219
gen_replay,64,0.3,0.0005,0.0,90,5000,1000.0,5.0,True,grid,0.8017999340207931,0.6894664031620553,0.9251812542043502,0.762337430963834,0.8431801480012988,0.8032916392363397,0.7873427285568805
gen_replay,64,0.3,0.0005,0.0001,60,5000,1000.0,5.0,True,grid,0.7574672598838571,0.5519960474308301,0.9175199940204799,0.7070372349902013,0.7768188265855451,0.774835418038183,0.8165960382379028
gen_replay,64,0.3,0.0005,0.0001,90,5000,1000.0,5.0,True,grid,0.6836633215198442,0.5519762845849803,0.4700276552806637,0.6542490646712987,0.8075470408285338,0.8035055957867018,0.8146742879668868
gen_replay,64,0.5,0.001,0.0,60,5000,1000.0,5.0,True,grid,0.6860192336277219,0.7763833992094862,0.25885716421257193,0.7177267058613932,0.7919436706372943,0.7792626728110599,0.7919417890345258
gen_replay,64,0.5,0.001,0.0,90,5000,1000.0,5.0,True,grid,0.8358281940317748,0.9861660079051383,0.8811383511473204,0.8408694102975236,0.7176524874814144,0.7885121790651745,0.8006307282940771
gen_replay,64,0.5,0.001,0.0001,60,5000,1000.0,5.0,True,grid,0.8049539719594878,0.9569762845849802,0.7517564840421557,0.7776768216639943,0.7943192111154787,0.7779953917050692,0.7709996386452482
gen_replay,64,0.5,0.001,0.0001,90,5000,1000.0,5.0,True,grid,0.7570006231140854,0.8947628458498024,0.46311383511473203,0.8166043114199181,0.7522772717173961,0.8145490454246215,0.8006964291580434
naive,256,0.5,0.0005,0.0,60,5000,500.0,2.0,False,random,0.1933579988322269,0.993794466403162,0.054488377307721055,0.04657046142882594,0.040743082733751476,0.022547728768926925,0.0020038763509740154
naive,256,0.5,0.0005,1e-05,60,10000,1000.0,10.0,True,random,0.20180933064973605,0.9905731225296442,0.054488377307721055,0.04657046142882594,0.08023857946097449,0.0369815668202765,0.0020038763509740154
naive,64,0.3,0.0001,0.0,60,2000,500.0,10.0,False,random,0.28222552166458587,0.5514822134387352,0.49928993198295835,0.29420986994477105,0.14222480474424487,0.09507899934167215,0.11106731053513354
naive,128,0.5,0.0001,0.0,60,2000,500.0,10.0,True,random,0.15032463911167263,0.5584782608695652,0.05323641527767397,0.046392303580972745,0.0842718712081076,0.08097432521395655,0.07859465851975954
naive,256,0.0,0.0001,1e-05,90,10000,2000.0,5.0,False,random,0.20760880377703197,0.8897628458498024,0.054488377307721055,0.07822911099233922,0.0836395330952096,0.09873271889400921,0.04080023652311028
naive,256,0.3,0.0001,0.0,90,10000,500.0,10.0,False,random,0.20742315285796595,0.9658102766798419,0.054488377307721055,0.04657046142882594,0.08524601370635586,0.08971362738643844,0.002710160638612398
naive,64,0.0,0.001,1e-05,60,2000,1000.0,5.0,True,random,0.1979928779846578,0.9751778656126482,0.06390612153374692,0.04657046142882594,0.08507511151368072,0.0152238314680711,0.0020038763509740154
naive,64,0.5,0.001,1e-05,120,10000,500.0,10.0,False,random,0.19960181003399358,0.9858498023715415,0.054488377307721055,0.04657046142882594,0.04072599251448396,0.06797235023041474,0.0020038763509740154
naive,256,0.3,0.001,0.0,60,5000,1000.0,5.0,True,random,0.20356734180680391,0.9997628458498024,0.054488377307721055,0.04657046142882594,0.0818108796335857,0.036767610269914416,0.0020038763509740154
naive,128,0.0,0.0001,0.0001,120,2000,1000.0,2.0,False,random,0.17775286643807264,0.7360276679841897,0.054488377307721055,0.04657046142882594,0.0853143745834259,0.09089861751152074,0.05321769981275254
naive,64,0.5,0.0005,0.0001,60,5000,500.0,2.0,False,random,0.18603566587795076,0.630197628458498,0.24263771582330518,0.05195082843399252,0.11677746825491771,0.07264647794601711,0.0020038763509740154
naive,128,0.3,0.0005,0.0,60,5000,2000.0,5.0,True,random,0.20602320755915546,0.9502371541501976,0.054488377307721055,0.04657046142882594,0.08425478098884008,0.09858459512837393,0.0020038763509740154
rehearsal,128,0.3,0.0005,1e-05,90,2000,1000.0,5.0,False,random,0.6626792332396302,0.9899407114624506,0.4459227147021452,0.5746659540352752,0.6546237588228258,0.6522053982883476,0.658716862126737
rehearsal,128,0.5,0.0005,0.0,120,2000,1000.0,2.0,False,random,0.5798444277203557,0.9935770750988142,0.46812168323492037,0.4691430607518261,0.40638832396219643,0.5023370638578012,0.6394993594165763
rehearsal,256,0.0,0.0005,1e-05,90,10000,500.0,2.0,True,random,0.9279117681395884,0.999802371541502,0.967542417221018,0.9199893105291288,0.8789670671474715,0.8999835418038183,0.9011859005945928
rehearsal,64,0.0,0.0001,1e-05,60,10000,1000.0,10.0,False,random,0.20300139974744014,0.5593675889328064,0.08881456013154944,0.10345626224835204,0.11033445559106524,0.17340355497037524,0.18263197661049244
rehearsal,64,0.3,0.001,0.0,120,5000,2000.0,2.0,False,random,0.8913215946568814,0.9906324110671937,0.9318147843635548,0.9060751826117941,0.7928494522584725,0.8712146148782094,0.8553431227620644
rehearsal,64,0.3,0.0005,0.0,90,5000,2000.0,2.0,False,random,0.8381970475334627,0.7207707509881423,0.9541819269003663,0.8546944592909318,0.81554526344573,0.8169848584595129,0.8670050261160934
rehearsal,128,0.5,0.0005,1e-05,120,10000,2000.0,10.0,True,random,0.9345186639997239,0.9928260869565217,0.975633455415203,0.9131124176019954,0.930101003195871,0.9009710335747202,0.8944679872540324
rehearsal,128,0.5,0.0005,0.0001,120,5000,2000.0,2.0,False,random,0.9023420738374156,0.9958102766798419,0.942615292622767,0.9185818635310885,0.8457778613299609,0.8636603028308097,0.8476068460300253
rehearsal,256,0.3,0.0005,1e-05,120,5000,500.0,2.0,True,random,0.8919244960748657,0.9996640316205534,0.9419239106061739,0.8628184571530376,0.8244321774648369,0.8683015141540488,0.8544068854505437
rehearsal,64,0.5,0.0001,0.0001,60,10000,1000.0,5.0,False,random,0.6301381528587763,0.4643083003952569,0.5321212347709097,0.5901300552289328,0.6357048860936886,0.7255760368663594,0.8329884037975099
rehearsal,64,0.3,0.0005,0.0,120,2000,500.0,10.0,False,random,0.28576403935792677,0.8828853754940712,0.054488377307721055,0.39709602707999286,0.11486336369695624,0.1312870309414088,0.1339640616274104
rehearsal,256,0.3,0.0005,1e-05,90,5000,500.0,2.0,False,random,0.8821256740795856,0.9990118577075099,0.9607593990582256,0.8217352574380902,0.8187582246680225,0.8289664252797894,0.8635228803258763
ewc,256,0.3,0.0001,0.0001,60,10000,1000.0,2.0,True,random,0.26522201973151693,0.9790118577075099,0.38132521115180507,0.08419739889542134,0.06219130791448054,0.08199473337722185,0.002611609342662856
ewc,128,0.3,0.0001,0.0001,120,5000,500.0,2.0,True,random,0.20006157812105166,0.949901185770751,0.054488377307721055,0.07616247995724211,0.04072599251448396,0.04298880842659644,0.036102624749515456
ewc,256,0.0,0.0005,0.0001,90,2000,1000.0,2.0,False,random,0.20700078191244634,0.9984584980237154,0.054488377307721055,0.04657046142882594,0.04072599251448396,0.06094470046082949,0.04081666173910187
ewc,256,0.5,0.0001,0.0,60,10000,2000.0,5.0,False,random,0.14864042608496372,0.5657905138339921,0.054488377307721055,0.05195082843399252,0.09965306854886948,0.11795589203423305,0.0020038763509740154
ewc,256,0.3,0.0005,0.0,120,5000,500.0,10.0,True,random,0.20849343678459384,0.9992885375494072,0.054488377307721055,0.04657046142882594,0.07543622784680327,0.07317314022383146,0.0020038763509740154
ewc,128,0.0,0.0001,1e-05,120,2000,500.0,10.0,True,random,0.20670491587972975,0.9062450592885376,0.054488377307721055,0.05321574915375022,0.09570522789807394,0.07108294930875576,0.05949213232154003
ewc,128,0.5,0.0005,1e-05,90,2000,2000.0,2.0,True,random,0.2001549382750892,0.9909486166007905,0.054488377307721055,0.04657046142882594,0.08516056261001828,0.021757735352205397,0.0020038763509740154
ewc,256,0.0,0.0005,0.0001,120,10000,1000.0,5.0,False,random,0.20635496521117017,0.9999802371541502,0.054488377307721055,0.04657046142882594,0.04072599251448396,0.05636932192231731,0.039995400939522356
ewc,256,0.3,0.0005,0.0,60,2000,500.0,5.0,True,random,0.20363933209134089,0.9905138339920949,0.054488377307721055,0.04657046142882594,0.05342402543024627,0.07483541803818301,0.0020038763509740154
ewc,256,0.3,0.0005,1e-05,120,5000,1000.0,5.0,False,random,0.21086601277854525,0.9996837944664032,0.054488377307721055,0.04657046142882594,0.08430605164664262,0.07814351547070442,0.0020038763509740154
ewc,64,0.0,0.001,0.0,90,10000,1000.0,2.0,True,random,0.19139932701146276,0.9558893280632411,0.054488377307721055,0.04657046142882594,0.04477637448088459,0.04466754443712969,0.0020038763509740154
ewc,64,0.5,0.0005,0.0,90,10000,500.0,2.0,True,random,0.1875005709189719,0.8964624505928854,0.054488377307721055,0.05170140744699804,0.06733546391400201,0.053011849901250824,0.0020038763509740154
si,256,0.5,0.001,0.0,90,5000,500.0,2.0,False,random,0.2007213526674658,0.9996640316205534,0.054488377307721055,0.04657046142882594,0.0793498880590638,0.022251481237656353,0.0020038763509740154
si,128,0.3,0.0001,0.0001,90,2000,2000.0,10.0,True,random,0.19088482969346618,0.9197826086956522,0.054488377307721055,0.05195082843399252,0.04072599251448396,0.03921988150098749,0.03914128970795966
si,128,0.5,0.0001,0.0,60,10000,2000.0,10.0,False,random,0.1388886353704246,0.5519762845849803,0.054488377307721055,0.052289328344913594,0.05897834669218806,0.05678077682685977,0.058818698465884826
si,256,0.3,0.001,1e-05,90,10000,2000.0,5.0,True,random,0.19433846280157085,0.9997430830039525,0.054488377307721055,0.04657046142882594,0.040743082733751476,0.022481895984200133,0.0020038763509740154
si,128,0.0,0.0005,0.0,90,10000,2000.0,5.0,True,random,0.20835188474254704,0.9867588932806324,0.054488377307721055,0.04657046142882594,0.08509220173294824,0.07519749835418038,0.0020038763509740154
si,128,0.3,0.0005,1e-05,120,10000,2000.0,5.0,True,random,0.1985239196147888,0.9919565217391304,0.054488377307721055,0.04657046142882594,0.04072599251448396,0.0553982883475971,0.0020038763509740154
si,64,0.3,0.0005,1e-05,120,5000,2000.0,10.0,True,random,0.13159216560404452,0.5519960474308301,0.054488377307721055,0.04657046142882594,0.07025789140874678,0.06423633969716919,0.0020038763509740154
si,128,0.0,0.0001,1e-05,120,2000,2000.0,10.0,False,random,0.3140516753796245,0.9763438735177865,0.5434823230435758,0.21330839123463388,0.05270623622101071,0.05740618828176432,0.04106303997897572
si,64,0.3,0.0005,0.0,120,2000,1000.0,5.0,True,random,0.16050472532480706,0.7800197628458498,0.054488377307721055,0.04657046142882594,0.04072599251448396,0.03921988150098749,0.0020038763509740154
si,256,0.3,0.001,1e-05,60,10000,1000.0,10.0,True,random,0.19456437961248374,0.9997035573122529,0.054488377307721055,0.04657046142882594,0.042862269922923114,0.021757735352205397,0.0020038763509740154
si,128,0.3,0.0005,1e-05,90,10000,500.0,5.0,False,random,0.2509412310341999,0.9878260869565217,0.38792136931011284,0.04657046142882594,0.04072599251448396,0.03921988150098749,0.0033835944942675997
si,128,0.3,0.0001,1e-05,120,2000,2000.0,10.0,True,random,0.258794555937783,0.9474703557312253,0.3261080798265939,0.07719579547479066,0.0849212995402731,0.07840684660961159,0.03866495844420354
gen_replay,256,0.5,0.0005,0.0001,120,2000,2000.0,2.0,True,random,0.619669326219227,0.9996640316205534,0.7006129008147096,0.4497060395510422,0.3917078256114026,0.4674456879526004,0.7088794717650537
gen_replay,128,0.0,0.0001,1e-05,90,2000,500.0,2.0,True,random,0.24132612717839394,0.9482411067193676,0.054488377307721055,0.062355246748619274,0.11450446909233845,0.1291310072416063,0.13923655596071088
gen_replay,128,0.0,0.0005,0.0,120,10000,2000.0,5.0,False,random,0.9323121887321606,0.9919169960474308,0.9628522311084535,0.93258507037235,0.9267342300001709,0.8839861751152074,0.8957984297493512
gen_replay,128,0.0,0.001,0.0,60,2000,1000.0,2.0,True,random,0.547425785693494,0.9880434782608696,0.45033261080798265,0.43883841083199715,0.2236767897732128,0.572103357472021,0.6115600670148812
gen_replay,256,0.0,0.0005,1e-05,90,2000,1000.0,5.0,True,random,0.6841037850254063,0.9978853754940712,0.7438709918529038,0.6499020131836808,0.3710115700784441,0.6456385780118499,0.6963141815314872
gen_replay,128,0.0,0.0005,0.0,90,5000,500.0,2.0,True,random,0.832580959257975,0.9661462450592886,0.7925480230211526,0.8180117584179583,0.7636935381880949,0.7947333772218564,0.8603528136394993
gen_replay,128,0.0,0.0001,0.0,60,10000,1000.0,2.0,True,random,0.8054678623784567,0.5443675889328063,0.8344046640257119,0.8659896668448245,0.8837352383231076,0.8508393680052666,0.8534706481390231
gen_replay,256,0.5,0.0005,1e-05,60,5000,1000.0,5.0,False,random,0.8550931317028893,0.9942292490118577,0.9405972045743329,0.7970247639408516,0.7925930989694597,0.8070605661619487,0.7990539075588844
gen_replay,64,0.0,0.0005,1e-05,60,2000,1000.0,10.0,False,random,0.45065058777335465,0.7363241106719367,0.915670079976082,0.3936219490468555,0.21326884623929726,0.20999012508229098,0.23502841562366544
gen_replay,64,0.5,0.0005,0.0001,120,2000,2000.0,5.0,True,random,0.4528340347681521,0.9765810276679842,0.4414380745945138,0.6222162836272938,0.07799976073693025,0.1250658327847268,0.47370322919746394
gen_replay,256,0.0,0.0005,0.0,120,2000,500.0,10.0,False,random,0.7278682727328155,0.9995454545454545,0.8939943194558637,0.661838588989845,0.4116521114965905,0.6369486504279132,0.763230511481226
gen_replay,64,0.5,0.0005,1e-05,60,5000,1000.0,10.0,True,random,0.6927578179366892,0.5519762845849803,0.9033186336796472,0.7423124888651345,0.7391690735392135,0.6398617511520738,0.5799086757990868
naive,256,0.3,0.0001,0.0,120,5000,1000.0,5.0,False,bayes,0.20202784139260357,0.966699604743083,0.054488377307721055,0.04657046142882594,0.04072599251448396,0.10167873601053325,0.0020038763509740154
naive,128,0.5,0.001,0.0,90,10000,500.0,10.0,True,bayes,0.20937150289965342,0.9931818181818182,0.054488377307721055,0.04657046142882594,0.07594893442482867,0.08403554970375247,0.0020038763509740154
naive,64,0.3,0.0001,0.0,60,10000,2000.0,10.0,False,bayes,0.5504889536824548,0.7814229249011858,0.7899319829583676,0.8203812577944058,0.15039392955411618,0.3216919025674786,0.4391117243191748
naive,256,0.3,0.0005,0.0001,120,5000,500.0,5.0,False,bayes,0.20018444298095148,0.9998814229249012,0.054488377307721055,0.04657046142882594,0.07447917556782253,0.02368334430546412,0.0020038763509740154
naive,128,0.3,0.001,0.0001,90,5000,500.0,2.0,True,bayes,0.2021623018009372,0.9983794466403162,0.054488377307721055,0.04657046142882594,0.0852972843641584,0.026234364713627386,0.0020038763509740154
naive,128,0.5,0.0001,0.0,60,10000,1000.0,10.0,True,bayes,0.39030523175745535,0.5026284584980237,0.5844420360266088,0.40024942098699445,0.2410575427682737,0.3631336405529954,0.250320291711836
naive,64,0.5,0.0005,0.0001,90,10000,1000.0,5.0,True,bayes,0.21473697564874408,0.9590316205533597,0.10064279841542716,0.04657046142882594,0.08514347239075078,0.09502962475312705,0.0020038763509740154
naive,64,0.5,0.0001,1e-05,60,10000,1000.0,10.0,False,bayes,0.2802312863279181,0.8511462450592885,0.6320165931683982,0.07913771601639052,0.04072599251448396,0.03921988150098749,0.03914128970795966
naive,128,0.5,0.0005,1e-05,90,10000,1000.0,5.0,True,bayes,0.19969291432973305,0.9881422924901185,0.054488377307721055,0.04657046142882594,0.08519474304855332,0.021757735352205397,0.0020038763509740154
naive,256,0.5,0.0001,0.0001,90,10000,1000.0,10.0,True,bayes,0.21417246523720543,0.9551581027667985,0.054488377307721055,0.08430429360413326,0.08522892348708834,0.10385121790651744,0.0020038763509740154
naive,128,0.3,0.0001,1e-05,120,10000,2000.0,10.0,False,bayes,0.2518607826413694,0.9632213438735178,0.29449136706779283,0.04657046142882594,0.0850409310751457,0.08113890717577353,0.040701685227160736
naive,256,0.5,0.0001,1e-05,90,10000,1000.0,10.0,False,bayes,0.20433481354806857,0.8969762845849802,0.057739741385753794,0.08376982006057367,0.08519474304855332,0.08976300197498355,0.012565290233566572
naive,256,0.5,0.0001,1e-05,120,10000,1000.0,10.0,True,bayes,0.20025761941924222,0.9702173913043478,0.054488377307721055,0.04657046142882594,0.05626100182865346,0.07200460829493087,0.0020038763509740154
naive,256,0.3,0.0005,0.0001,120,10000,1000.0,5.0,False,bayes,0.19896811719049726,0.9999802371541502,0.054488377307721055,0.04657046142882594,0.05381710047339908,0.0369486504279131,0.0020038763509740154
naive,64,0.5,0.0001,0.0,90,10000,2000.0,10.0,True,bayes,0.23757460924278587,0.5535968379446641,0.5214702145152852,0.20953144486014608,0.05041614683916395,0.04707044107965767,0.043362570217798366
rehearsal,64,0.0,0.0001,0.0001,60,2000,2000.0,10.0,False,bayes,0.2034111359737394,0.5519762845849803,0.4152963599671126,0.0636379832531623,0.062413480764958215,0.06313364055299539,0.06400906671922736
rehearsal,256,0.3,0.001,0.0,120,2000,1000.0,5.0,True,bayes,0.6568058606662929,0.9994466403162056,0.9456611106958667,0.4619276679137716,0.2910464341257498,0.5189104674127716,0.7238428435333925
rehearsal,64,0.3,0.0001,0.0,60,5000,2000.0,10.0,True,bayes,0.46691907198347465,0.5470553359683794,0.516350250392406,0.49210760734010334,0.403209543178439,0.4249506254114549,0.4178410696100654
rehearsal,128,0.0,0.0005,0.0001,120,10000,1000.0,2.0,True,bayes,0.9411537385322634,0.9932608695652174,0.9672060692129456,0.930803491893818,0.9301180934151385,0.9111092824226464,0.9144246246838146
rehearsal,128,0.0,0.0005,1e-05,60,2000,1000.0,10.0,False,bayes,0.5311362654002351,0.9690118577075099,0.44995889079901336,0.40614644575093534,0.41976996564865926,0.4803982883475971,0.46153214414769556
rehearsal,128,0.5,0.0001,0.0001,90,10000,2000.0,5.0,True,bayes,0.7481601868199169,0.6435177865612648,0.7724979445399507,0.5277569926955282,0.8446669970775725,0.8372448979591837,0.8632765020860025
rehearsal,256,0.5,0.0001,0.0001,120,10000,2000.0,10.0,True,bayes,0.9235378157760671,0.9730237154150198,0.9495851707900441,0.9185818635310885,0.9019875925008117,0.8999341672152732,0.8981143852041654
rehearsal,256,0.5,0.0001,1e-05,120,10000,2000.0,10.0,True,bayes,0.9349971056984736,0.9677272727272728,0.9681403692353688,0.9292000712631392,0.9163262864662554,0.9109282422646477,0.9176603922341579
rehearsal,256,0.3,0.0005,1e-05,120,10000,2000.0,5.0,False,bayes,0.9383541044652949,0.999604743083004,0.963113835114732,0.9290931765544272,0.9354673320458702,0.9003456221198156,0.90249991787392
rehearsal,256,0.3,0.0005,0.0001,90,5000,1000.0,5.0,True,bayes,0.8774110106078082,0.9949407114624506,0.9433066746393602,0.8564225904151078,0.7676071984003555,0.8415075707702436,0.8606813179593311
rehearsal,128,0.5,0.0005,0.0001,90,10000,1000.0,5.0,True,bayes,0.929248530050331,0.9814822134387352,0.9648329471559908,0.9259219668626403,0.8891015671731068,0.911734693877551,0.9024177917939621
rehearsal,128,0.5,0.0005,0.0001,120,5000,1000.0,5.0,True,bayes,0.8643257310113294,0.9892885375494072,0.8994319455863667,0.8207910208444682,0.8328234751251858,0.826530612244898,0.8170887947176505
rehearsal,64,0.5,0.0001,0.0001,120,5000,2000.0,5.0,True,bayes,0.19504837752866525,0.7643873517786561,0.054488377307721055,0.05195082843399252,0.08926221523422145,0.08596115865701119,0.12424033376038895
rehearsal,256,0.3,0.0005,0.0001,120,5000,1000.0,10.0,True,bayes,0.9039490673708778,0.9999209486166007,0.9516219448389267,0.8925173703901657,0.874523610137918,0.85687952600395,0.8482310042377057
rehearsal,256,0.5,0.0001,1e-05,120,10000,1000.0,10.0,False,bayes,0.9291688830832235,0.9740909090909091,0.9658980491815532,0.9227863887404241,0.9054056363543145,0.9062705727452272,0.9005617423869123
ewc,256,0.3,0.0001,0.0,120,10000,1000.0,2.0,True,bayes,0.21660714291237726,0.9695849802371541,0.054488377307721055,0.04657046142882594,0.08538273546049596,0.10367017774851876,0.039946125291547584
ewc,256,0.5,0.001,0.0001,120,2000,1000.0,10.0,False,bayes,0.19415233864783613,0.9993675889328063,0.054488377307721055,0.04657046142882594,0.04072599251448396,0.021757735352205397,0.0020038763509740154
ewc,64,0.0,0.0001,0.0001,120,5000,500.0,5.0,True,bayes,0.13566783123486026,0.5218379446640317,0.06065475745571418,0.05779440584357741,0.05296258951002342,0.056928900592495064,0.06382838934331986
ewc,64,0.0,0.001,0.0001,90,10000,1000.0,2.0,True,bayes,0.19162821757090553,0.9705335968379447,0.054488377307721055,0.04657046142882594,0.05441525814776203,0.021757735352205397,0.0020038763509740154
ewc,64,0.5,0.0001,0.0001,90,2000,1000.0,2.0,False,bayes,0.4154777519507149,0.7104150197628458,0.6877195605052695,0.6080705505077498,0.28087775366157947,0.159990125082291,0.045793502184553726
ewc,64,0.3,0.0005,0.0001,90,2000,2000.0,2.0,False,bayes,0.19403798668864355,0.959901185770751,0.054488377307721055,0.025708177445216463,0.0851776528292858,0.0369486504279131,0.0020038763509740154
ewc,128,0.3,0.0005,0.0,120,10000,2000.0,10.0,False,bayes,0.210051985847564,0.9930830039525692,0.054488377307721055,0.04657046142882594,0.04072599251448396,0.08431533903884135,0.04112874084294209
ewc,64,0.5,0.0005,0.0001,90,5000,1000.0,5.0,True,bayes,0.15877069584225448,0.7707114624505929,0.05467523731220569,0.045287724924282916,0.04072599251448396,0.03921988150098749,0.0020038763509740154
ewc,256,0.5,0.0005,1e-05,90,5000,1000.0,10.0,False,bayes,0.20421702513554596,0.9994268774703557,0.054488377307721055,0.04657046142882594,0.061900774186932815,0.0609117840684661,0.0020038763509740154
ewc,256,0.3,0.0001,1e-05,120,10000,2000.0,2.0,True,bayes,0.20425107024667521,0.9719367588932807,0.054488377307721055,0.04657046142882594,0.04072599251448396,0.0793778801843318,0.03240695115140764
ewc,256,0.3,0.0001,1e-05,90,5000,1000.0,2.0,True,bayes,0.22962990428930216,0.9531620553359684,0.20661110695866658,0.05330482807767682,0.043255344966075915,0.08099078341013825,0.04045530698728688
ewc,256,0.5,0.0001,1e-05,90,10000,1000.0,5.0,True,bayes,0.20422562402223987,0.9416007905138339,0.054488377307721055,0.06602529841439515,0.0852972843641584,0.07593811718235681,0.0020038763509740154
ewc,256,0.3,0.0005,1e-05,120,5000,1000.0,2.0,False,bayes,0.21373188878944513,0.9984387351778656,0.054488377307721055,0.04657046142882594,0.07128330456479756,0.07432521395655037,0.037285240300909954
ewc,256,0.3,0.0001,1e-05,120,5000,1000.0,2.0,False,bayes,0.20711482687457258,0.9715415019762846,0.054488377307721055,0.04657046142882594,0.042452104660502796,0.08824884792626728,0.039387667947833514
ewc,64,0.3,0.0001,0.0,90,10000,1000.0,5.0,False,bayes,0.198696589618684,0.5519762845849803,0.46300171911204124,0.04657046142882594,0.04467383316527951,0.04302172481895984,0.042935514602017014
si,128,0.3,0.0005,0.0001,120,5000,2000.0,2.0,False,bayes,0.20240728431186192,0.9877865612648221,0.054488377307721055,0.04657046142882594,0.04072599251448396,0.07537853851217907,0.009493774843139187
si,128,0.3,0.001,1e-05,120,5000,2000.0,10.0,False,bayes,0.19959837094319724,0.9995059288537549,0.054488377307721055,0.04657046142882594,0.04072599251448396,0.054295589203423304,0.0020038763509740154
si,128,0.5,0.0001,0.0001,120,2000,1000.0,2.0,True,bayes,0.2051019301219045,0.9619565217391305,0.054488377307721055,0.06761090326028861,0.04098234580349666,0.045260039499670834,0.060313393121119545
si,128,0.3,0.0005,0.0,120,2000,500.0,10.0,False,bayes,0.21135197534182237,0.9931620553359684,0.054488377307721055,0.04657046142882594,0.0581238357288124,0.07486833443054641,0.04089878781905982
si,256,0.5,0.0005,0.0,60,5000,2000.0,2.0,True,bayes,0.20496560270118114,0.9922134387351779,0.054488377307721055,0.04657046142882594,0.07355630372737683,0.06096115865701119,0.0020038763509740154
si,128,0.3,0.0005,1e-05,120,2000,2000.0,10.0,False,bayes,0.20590285325991942,0.9919367588932806,0.054488377307721055,0.04657046142882594,0.04072599251448396,0.0608788676761027,0.04081666173910187
si,128,0.3,0.0005,1e-05,90,5000,1000.0,5.0,False,bayes,0.20161586863505496,0.9839920948616601,0.054488377307721055,0.04657046142882594,0.0835028113410695,0.039137590520079,0.0020038763509740154
si,64,0.5,0.0001,0.0,120,2000,1000.0,5.0,False,bayes,0.13637878703555487,0.5519762845849803,0.05536661932879886,0.07999287368608587,0.044126946148719086,0.042346938775510205,0.04446305968923491
si,64,0.3,0.0005,0.0001,120,10000,500.0,10.0,False,bayes,0.1902531446840562,0.9008102766798419,0.054488377307721055,0.04657046142882594,0.045887238733272946,0.05286372613561554,0.04089878781905982
si,128,0.5,0.0005,1e-05,90,5000,500.0,10.0,False,bayes,0.1925540803134139,0.9828063241106719,0.05650646535615517,0.03641546410119366,0.04072599251448396,0.03686635944700461,0.0020038763509740154
si,128,0.3,0.0005,0.0001,120,10000,1000.0,10.0,False,bayes,0.20308652776911318,0.9936561264822135,0.054488377307721055,0.04657046142882594,0.08481875822466803,0.0369815668202765,0.0020038763509740154
si,256,0.5,0.0001,1e-05,120,10000,1000.0,2.0,True,bayes,0.19759594790145907,0.9659881422924901,0.054488377307721055,0.04657046142882594,0.04072599251448396,0.03921988150098749,0.03858283236424559
si,128,0.5,0.0001,1e-05,120,5000,2000.0,5.0,False,bayes,0.22207806562018795,0.6838537549407114,0.31411166753868003,0.20664528772492427,0.0407772631722865,0.046148782093482554,0.040931638251043
si,128,0.5,0.0005,0.0001,120,2000,2000.0,2.0,True,bayes,0.195334538035305,0.9889328063241106,0.054488377307721055,0.04657046142882594,0.04072599251448396,0.039285714285714285,0.0020038763509740154
si,256,0.3,0.0001,0.0,120,10000,500.0,5.0,False,bayes,0.20954961755527624,0.9765217391304348,0.054488377307721055,0.04657046142882594,0.04139251106591697,0.07769914417379856,0.06062547222495976
gen_replay,128,0.3,0.001,0.0001,90,5000,1000.0,10.0,True,bayes,0.8871650020456304,0.9986166007905138,0.9274796322595111,0.9104400498841974,0.7670774016030626,0.8366359447004609,0.882740383036037
gen_replay,256,0.3,0.001,1e-05,60,2000,1000.0,2.0,False,bayes,0.6094961862905298,0.9995652173913043,0.407336123776067,0.6695171922323179,0.2770153641071215,0.617363396971692,0.686179823264676
gen_replay,256,0.5,0.0001,0.0,120,10000,2000.0,2.0,True,bayes,0.9234669910831981,0.9612450592885375,0.9601614470438747,0.9204168893639765,0.9058328918360022,0.895852534562212,0.897293124404586
gen_replay,64,0.3,0.0005,1e-05,60,2000,2000.0,2.0,False,bayes,0.3194739137253527,0.7122924901185771,0.817979669631512,0.06987350792802423,0.07506024302291799,0.109660961158657,0.13197661049242798
gen_replay,64,0.3,0.0005,0.0001,90,5000,1000.0,10.0,False,bayes,0.7776225390952515,0.9616600790513834,0.4481837207564093,0.777106716550864,0.8396253823936561,0.8139236339697169,0.8252357018494794
gen_replay,64,0.5,0.0001,0.0,120,10000,2000.0,2.0,True,bayes,0.611948050935703,0.5519762845849803,0.6933814186411541,0.5232674149296277,0.5718216464717243,0.6364549045424621,0.6947866364442692
gen_replay,64,0.5,0.0001,0.0001,120,10000,2000.0,2.0,True,bayes,0.6729437018868435,0.5610276679841897,0.5565625233575006,0.5892570817744521,0.7823902380667545,0.7720704410796577,0.7763542590585066
gen_replay,128,0.3,0.0005,0.0001,90,5000,1000.0,5.0,True,bayes,0.8679473520532027,0.974802371541502,0.8339748860153973,0.8644931409228577,0.8304479346470015,0.8511849901250823,0.8527807890673762
gen_replay,128,0.5,0.0001,1e-05,90,5000,1000.0,10.0,True,bayes,0.6225380785382476,0.9742490118577075,0.9108117198594813,0.7706039551042223,0.28759420983371214,0.39091507570770245,0.4010544988666601
gen_replay,256,0.3,0.0005,0.0001,90,10000,1000.0,10.0,True,bayes,0.9390406229046242,0.998300395256917,0.9695978772703491,0.9223053625512204,0.9309726043785141,0.9112738643844635,0.9017936335862816
gen_replay,128,0.3,0.0001,0.0,120,10000,2000.0,2.0,True,bayes,0.8870843427032638,0.8031620553359684,0.9091860378204649,0.9027079992873686,0.9169586245791533,0.8827353522053983,0.907755986991229
gen_replay,128,0.3,0.0005,0.0001,90,5000,2000.0,10.0,True,bayes,0.8805232889249868,0.9847430830039525,0.9080461917931086,0.8714056654195618,0.815511083007195,0.8315668202764976,0.8718668900496042
gen_replay,256,0.3,0.0001,1e-05,120,10000,2000.0,2.0,True,bayes,0.931392903680942,0.9738339920948617,0.9621234770909635,0.9281845715303759,0.9192487139610002,0.9096774193548387,0.8952892480536119
gen_replay,256,0.3,0.0005,1e-05,120,10000,1000.0,5.0,False,bayes,0.9397877223173445,0.9999209486166007,0.9646087151506092,0.9288259397826474,0.9386119323910925,0.9023699802501646,0.9043888177129529
gen_replay,256,0.5,0.0005,1e-05,120,10000,1000.0,5.0,False,bayes,0.9374715357168251,0.9996245059288538,0.9647768891546453,0.9284874398717263,0.9246150428109993,0.8982060566161949,0.9091192799185309
naive,128,0.0,0.0001,0.0001,6,2000,1000.0,5.0,False,hyperband,0.410566819401146,0.46982213438735176,0.4339076164137828,0.42118296810974526,0.39505750858783517,0.3733377221856485,0.3700929667225124
naive,256,0.5,0.0001,0.0001,6,2000,1000.0,10.0,False,hyperband,0.4009002581685324,0.5412450592885375,0.45455564690933553,0.4161411010154997,0.37261805068959036,0.3121626069782752,0.3086790841299563
naive,64,0.5,0.0001,0.0,6,2000,2000.0,10.0,False,hyperband,0.3976704370183686,0.4500790513833992,0.41815531803572764,0.39894886869766616,0.38253037786474803,0.3685648452929559,0.367744160835715
naive,128,0.5,0.0001,0.0,6,5000,2000.0,5.0,False,hyperband,0.38271059157167836,0.5506126482213439,0.5214141565139397,0.4966328166755746,0.24849178814964196,0.2402073732718894,0.23890476659768076
naive,128,0.3,0.001,0.0,6,10000,2000.0,10.0,True,hyperband,0.37588291420203124,0.9436166007905138,0.8928544734285073,0.26709424550151434,0.1234939244270504,0.026234364713627386,0.0020038763509740154
naive,256,0.5,0.0001,0.0001,6,5000,2000.0,5.0,False,hyperband,0.37469299710992915,0.5519565217391305,0.5024291800583003,0.39075360769641904,0.27886110778801293,0.2685319289005925,0.25562563647711967
naive,128,0.3,0.001,0.0001,6,5000,500.0,5.0,False,hyperband,0.33449657938053895,0.8944268774703558,0.887323417295762,0.05196864421877784,0.04908310973629792,0.06696840026333113,0.05720902729870898
naive,64,0.3,0.0001,1e-05,6,10000,500.0,2.0,True,hyperband,0.2708545126318514,0.5522134387351779,0.5221055385305329,0.42654551933012647,0.042793909045853055,0.04078341013824885,0.04068526001116915
naive,128,0.0,0.0001,1e-05,6,2000,500.0,10.0,True,hyperband,0.2686913699966203,0.4480237154150198,0.4229015621496375,0.2,0.19120537316493771,0.17843976300197498,0.17157780624815216
naive,64,0.5,0.001,0.0001,18,10000,1000.0,2.0,False,hyperband,0.4890415240008447,0.9283794466403162,0.9073548097765154,0.85877427400677,0.04086271426862407,0.008887425938117182,0.18999047337472488
naive,256,0.5,0.0001,0.0,18,10000,2000.0,5.0,False,hyperband,0.4392809575606356,0.548201581027668,0.4975895059421481,0.4715481916978443,0.38181258865551243,0.382422646477946,0.35411123156269503
naive,256,0.0,0.0001,0.0,18,10000,2000.0,10.0,False,hyperband,0.4032272374128643,0.5239525691699605,0.4456050526945213,0.4166221272047034,0.37866798831029,0.3542955892034233,0.30022009789428733
naive,256,0.0,0.0005,1e-05,18,5000,1000.0,10.0,False,hyperband,0.2835182587646148,0.8731422924901185,0.5157336123776067,0.07712453233564938,0.08716011826431733,0.11008887425938117,0.037860122860615616
naive,128,0.0,0.001,0.0001,18,10000,2000.0,2.0,True,hyperband,0.2761354706007349,0.9211067193675889,0.5411465729875178,0.05686798503474078,0.0994138054791243,0.036273864384463464,0.0020038763509740154
naive,256,0.5,0.001,1e-05,18,2000,2000.0,2.0,True,hyperband,0.2503977989242638,0.9787747035573122,0.33560056805441363,0.0792089791555318,0.0850409310751457,0.021757735352205397,0.0020038763509740154
naive,128,0.5,0.0005,0.0,54,5000,2000.0,2.0,False,hyperband,0.20436177617294285,0.9623320158102767,0.054488377307721055,0.06288972029217887,0.07840992599935057,0.06604674127715603,0.0020038763509740154
naive,128,0.3,0.001,0.0,54,5000,2000.0,2.0,True,hyperband,0.2002184975539226,0.9909881422924901,0.054488377307721055,0.04657046142882594,0.08505802129441321,0.022202106649111257,0.0020038763509740154
naive,64,0.0,0.001,0.0,162,5000,1000.0,2.0,True,hyperband,0.19916277951932693,0.9995256916996047,0.054488377307721055,0.04657046142882594,0.04072599251448396,0.051662277814351544,0.0020038763509740154
rehearsal,256,0.5,0.0005,0.0001,6,10000,2000.0,10.0,False,hyperband,0.8528819659557095,0.9381422924901186,0.7815419687570072,0.8123463388562266,0.8743185275067079,0.8656682027649769,0.8452744653592195
rehearsal,256,0.5,0.0005,0.0,6,10000,1000.0,10.0,True,hyperband,0.8030442376571075,0.5201383399209486,0.7927161970251887,0.8968466060929984,0.8932374002358451,0.8568136932192232,0.8585131894484412
rehearsal,256,0.5,0.0005,0.0,6,10000,500.0,10.0,False,hyperband,0.7856894395755076,0.5806126482213438,0.7276141714627401,0.8496525921966863,0.836190248320886,0.8452271231073074,0.8748398541440819
rehearsal,256,0.5,0.0005,0.0001,6,10000,1000.0,5.0,False,hyperband,0.7521875687002728,0.677094861660079,0.6668472980043352,0.7812043470514877,0.7990019311947772,0.779476629361422,0.8095003449295358
rehearsal,256,0.0,0.0005,0.0001,6,10000,1000.0,10.0,True,hyperband,0.6932217482533319,0.751403162055336,0.6905224605725391,0.8371993586317478,0.548202963444021,0.6227781435154707,0.7092244013008772
rehearsal,128,0.3,0.001,0.0001,6,10000,2000.0,2.0,False,hyperband,0.4676918037380462,0.5519762845849803,0.13029748112713954,0.5188669160876537,0.5482371438825561,0.5283080974325214,0.528464899313426
rehearsal,256,0.3,0.0001,1e-05,6,5000,500.0,2.0,True,hyperband,0.46290475479621107,0.5426482213438735,0.5140331863367965,0.4545163014430786,0.42535846734913607,0.4261520737327189,0.4147202785716632
rehearsal,256,0.5,0.0001,1e-05,6,2000,500.0,10.0,True,hyperband,0.4619819812484036,0.5519762845849803,0.5170229464085507,0.463121325494388,0.42814417308974073,0.413808426596445,0.3978187313163168
rehearsal,128,0.0,0.0001,0.0001,6,10000,1000.0,5.0,True,hyperband,0.4107917265924703,0.5275296442687747,0.5029897600717542,0.43750222697309815,0.33170406576316375,0.32812705727452274,0.3368976052035084
rehearsal,256,0.3,0.001,0.0,18,10000,2000.0,5.0,False,hyperband,0.908119002204546,0.9652173913043478,0.909354211824501,0.9176910742918225,0.8941773622955582,0.8751152073732719,0.8871587661377747
rehearsal,256,0.3,0.001,1e-05,18,10000,2000.0,5.0,True,hyperband,0.9021064286417587,0.9673320158102767,0.9163054039913296,0.9138250489934081,0.9003127510125954,0.8304147465437788,0.8844486054991623
rehearsal,256,0.5,0.001,0.0001,18,5000,2000.0,10.0,True,hyperband,0.8644928983075489,0.9811857707509881,0.8116451154794828,0.845234277569927,0.8965529027737426,0.7764154048716261,0.875923918399527
rehearsal,256,0.3,0.001,1e-05,18,5000,2000.0,5.0,False,hyperband,0.8005255995817051,0.9773517786561264,0.6916623065998954,0.8123463388562266,0.8467520038282091,0.6676761026991441,0.807365066850629
rehearsal,256,0.5,0.0005,0.0,18,5000,500.0,10.0,True,hyperband,0.7774452958031813,0.9647628458498023,0.8512220644293296,0.6230179939426331,0.6742604207611984,0.7692560895325873,0.782152360303538
rehearsal,256,0.3,0.0001,1e-05,18,5000,2000.0,2.0,True,hyperband,0.6515182386245449,0.5519762845849803,0.5228529785484715,0.5592731159807589,0.6837454924546682,0.804805793285056,0.7864557668933346
rehearsal,256,0.3,0.0001,0.0001,54,10000,1000.0,5.0,False,hyperband,0.9261857821286359,0.9561264822134388,0.9161932879886389,0.9255656511669339,0.9302377249500111,0.9152732060566162,0.9137183403961762
rehearsal,128,0.0,0.001,1e-05,54,10000,500.0,2.0,True,hyperband,0.9205291030046893,0.9879446640316205,0.9669818372075641,0.9220737573490112,0.8639789448498624,0.9067314022383147,0.8754640123517624
rehearsal,128,0.3,0.001,0.0,162,10000,500.0,5.0,True,hyperband,0.9305056127006233,0.9995454545454545,0.9738395993721504,0.900053447354356,0.9141387384000137,0.8932685977616853,0.9021878387700798
ewc,128,0.5,0.0001,0.0001,6,2000,1000.0,2.0,True,hyperband,0.5682615024917252,0.6189525691699604,0.5887398161297556,0.5665597719579547,0.5479807905935433,0.5425773535220539,0.5447587135770835
ewc,128,0.3,0.0005,0.0,6,5000,1000.0,10.0,True,hyperband,0.4761346534611935,0.5534189723320158,0.5198445324762688,0.4711027970782113,0.4453711141113941,0.43431533903884134,0.4327551657304294
ewc,256,0.0,0.0005,0.0,6,2000,500.0,2.0,False,hyperband,0.3934412151788922,0.5519762845849803,0.6950071006801705,0.4703901656867985,0.3489822774426196,0.1725641869651086,0.12172727571367563
ewc,128,0.3,0.0005,0.0001,6,2000,1000.0,10.0,True,hyperband,0.3900199920277088,0.45458498023715416,0.44364302264743255,0.4454658827721361,0.363748226889751,0.3171494404213298,0.31552839919844944
ewc,64,0.5,0.001,0.0001,6,10000,500.0,2.0,False,hyperband,0.3866417152128621,0.4849407114624506,0.426265042230361,0.3594334580438268,0.3174850033325928,0.35202435813034894,0.37970171807759273
ewc,128,0.0,0.0005,0.0001,6,5000,1000.0,5.0,True,hyperband,0.3824235117456227,0.5519762845849803,0.5435944390462666,0.49925173703901654,0.12330593201510776,0.24718564845292956,0.32922702933543574
ewc,256,0.3,0.0001,0.0001,6,5000,1000.0,5.0,True,hyperband,0.36602471379985224,0.5518379446640316,0.451958292846999,0.3747015856048459,0.2937637789892844,0.2726958525345622,0.2511908281593903
ewc,64,0.0,0.0001,0.0001,6,10000,2000.0,10.0,True,hyperband,0.3414432333395987,0.5484387351778656,0.5402496449659915,0.5225191519686442,0.40175687454070036,0.017890059249506256,0.017804934134883873
ewc,256,0.5,0.0001,1e-05,6,5000,500.0,2.0,False,hyperband,0.3105964540492441,0.5518379446640316,0.5120524702892593,0.2506859077142348,0.16639037478850854,0.16545424621461488,0.21715778062481522
ewc,256,0.0,0.0001,0.0,18,5000,1000.0,5.0,False,hyperband,0.6532586202754408,0.594703557312253,0.8672733388145601,0.6761624799572421,0.5826910259258626,0.6028801843317972,0.5958411353109293
ewc,256,0.0,0.0001,0.0,18,5000,500.0,10.0,True,hyperband,0.6428262367114531,0.8624901185770751,0.8985723895657374,0.7266524140388384,0.5800933125972006,0.40148123765635285,0.387667947833514
ewc,128,0.3,0.0001,1e-05,18,5000,500.0,5.0,False,hyperband,0.4168488162049376,0.5519762845849803,0.466496001195904,0.41940138963121326,0.33676277066634763,0.3534562211981567,0.3730002299530239
ewc,64,0.0,0.0001,0.0,18,10000,2000.0,2.0,False,hyperband,0.39697556766396064,0.6975691699604744,0.49884146797219525,0.3311063602351684,0.2832362039204963,0.28461158657011193,0.28648861732531783
ewc,128,0.3,0.001,0.0,18,10000,2000.0,5.0,False,hyperband,0.3361000291488399,0.9109881422924901,0.8429628522311085,0.058364510956707645,0.0846649462512604,0.09580315997366688,0.02381656318780592
ewc,256,0.0,0.001,1e-05,18,2000,500.0,2.0,False,hyperband,0.29409826582445203,0.9494268774703557,0.40122580162941923,0.33424193835738464,0.04072599251448396,0.0369651086240948,0.0020038763509740154
ewc,64,0.3,0.0005,1e-05,54,2000,1000.0,10.0,False,hyperband,0.34802426199240394,0.8234387351778656,0.7017340608416175,0.35432032781044004,0.11925555004870712,0.08739302172481896,0.0020038763509740154
ewc,64,0.3,0.0005,1e-05,54,2000,500.0,10.0,True,hyperband,0.2199056158207844,0.6584584980237154,0.41471709395321027,0.054819169784429,0.09972142942593953,0.08971362738643844,0.0020038763509740154
ewc,256,0.5,0.0001,1e-05,162,10000,500.0,2.0,True,hyperband,0.20730307168601383,0.9913636363636363,0.054488377307721055,0.04657046142882594,0.04072599251448396,0.07220210664911125,0.03846785585230446
si,64,0.3,0.0005,0.0,6,5000,1000.0,10.0,True,hyperband,0.627262810219476,0.6684782608695652,0.7098250990358024,0.7273650454302512,0.7351870524498829,0.5010204081632653,0.4217009953680891
si,256,0.3,0.0005,0.0,6,5000,500.0,2.0,False,hyperband,0.43854253315547126,0.9288339920948616,0.6662867179908812,0.3418314626759309,0.25093568950489636,0.27123107307439104,0.17213626359186623
si,128,0.5,0.001,0.0001,6,5000,500.0,2.0,False,hyperband,0.43612200137526863,0.5519762845849803,0.5368674788848194,0.48743987172634956,0.35320356160169536,0.34293943383805137,0.34430537761571567
si,64,0.3,0.0001,1e-05,6,2000,1000.0,2.0,False,hyperband,0.41161989234546553,0.49120553359683794,0.4414380745945138,0.41813646891145556,0.38049664177191395,0.36774193548387096,0.3707006997142012
si,128,0.5,0.001,0.0001,6,5000,1000.0,2.0,False,hyperband,0.3452735206847542,0.4791304347826087,0.4790156214963749,0.39950115802601105,0.28591936834549586,0.2379855167873601,0.19008902467067443
si,64,0.3,0.0001,0.0,6,10000,500.0,2.0,True,hyperband,0.2904683247093593,0.5519762845849803,0.5218999925255998,0.49148405487261715,0.06051646642626425,0.05839368005266623,0.05853946979402779
si,128,0.0,0.001,1e-05,6,2000,1000.0,10.0,False,hyperband,0.2855115790271076,0.8091304347826087,0.5647283055534793,0.08387671476928558,0.11320561242800745,0.07427583936800526,0.06785256726125949
si,256,0.3,0.001,0.0,6,5000,2000.0,5.0,True,hyperband,0.2758749022347688,0.817193675889328,0.6215150609163614,0.09488686976661322,0.09698699434313743,0.022662936142198813,0.0020038763509740154
si,64,0.5,0.0001,0.0,6,2000,1000.0,2.0,False,hyperband,0.26081428387036854,0.550098814229249,0.49544061589057475,0.40279707821129523,0.04185394698613983,0.037672811059907836,0.03702243684504451
si,128,0.3,0.0001,1e-05,18,5000,1000.0,2.0,True,hyperband,0.48610780136318027,0.6850790513833992,0.5692876896629046,0.46816319258863354,0.43294652470391193,0.3817478604344964,0.3794224894057357
si,256,0.5,0.0005,1e-05,18,5000,500.0,2.0,False,hyperband,0.3225018816494084,0.935,0.7104604230510502,0.16100124710493496,0.08897168150667373,0.037574061882817644,0.0020038763509740154
si,256,0.5,0.001,0.0001,18,2000,500.0,2.0,False,hyperband,0.32016888218850964,0.9657114624505929,0.44384856865236566,0.4426688045608409,0.04076017295301899,0.026020408163265306,0.0020038763509740154
si,256,0.0,0.0001,0.0,18,5000,1000.0,5.0,True,hyperband,0.2979045371688886,0.9185177865612648,0.4732229613573511,0.2403171209691787,0.05402218310460923,0.05097103357472021,0.05037613744620742
si,256,0.5,0.0001,0.0,18,2000,500.0,10.0,False,hyperband,0.28067303572698055,0.5762450592885375,0.7522983780551611,0.09132371280954926,0.04315280365047083,0.04945687952600395,0.17156138103216056
si,256,0.3,0.001,0.0,18,10000,2000.0,10.0,True,hyperband,0.2670650275701971,0.9591897233201581,0.33692727408625456,0.08068768929271335,0.0849212995402731,0.13866030283080974,0.0020038763509740154
si,64,0.3,0.0001,0.0001,54,10000,1000.0,10.0,False,hyperband,0.40319746403932727,0.451699604743083,0.4271993422527842,0.39937644753251383,0.38155623536649974,0.37654707044107966,0.38280608390000326
si,64,0.0,0.001,0.0,54,10000,1000.0,10.0,True,hyperband,0.26190111595389104,0.934703557312253,0.34959638239031315,0.04657046142882594,0.08534855502196093,0.0749177090190915,0.08027003055090175
si,128,0.3,0.0001,0.0,162,10000,500.0,5.0,False,hyperband,0.21213459180828242,0.9850197628458498,0.05730996337543912,0.04657046142882594,0.0664125920735563,0.07636603028308098,0.04112874084294209
gen_replay,256,0.0,0.001,0.0,6,5000,500.0,2.0,False,hyperband,0.7017662101012753,0.8382213438735178,0.6122281186934748,0.6115089969713166,0.6427973270897066,0.7429558920342331,0.7628855819454026
gen_replay,256,0.3,0.0005,1e-05,6,5000,500.0,5.0,True,hyperband,0.6536916446275555,0.9463241106719368,0.9035428656850287,0.7405665419561732,0.5124160442978484,0.4232883475971034,0.3960119575572419
gen_replay,64,0.5,0.0001,0.0,6,2000,2000.0,5.0,False,hyperband,0.5440179373912793,0.5881620553359683,0.5703714776889155,0.554035275253875,0.5366841556577171,0.5113232389730086,0.503531421438192
gen_replay,256,0.0,0.001,0.0001,6,2000,500.0,2.0,False,hyperband,0.5076560782894145,0.9734782608695652,0.9154645339711488,0.6240513094601817,0.3121186744825936,0.0999012508229098,0.12092244013008771
gen_replay,64,0.5,0.001,0.0,6,10000,1000.0,10.0,True,hyperband,0.5071691499120985,0.5413636363636364,0.5177703864264893,0.5134509175129165,0.49662468169466617,0.4935483870967742,0.4802568903781085
gen_replay,256,0.5,0.001,0.0001,6,2000,1000.0,10.0,False,hyperband,0.49281838994005844,0.9076679841897233,0.8121122654906944,0.37744521646178514,0.39980858954420384,0.35399934167215275,0.10587694228179101
gen_replay,64,0.3,0.001,1e-05,6,10000,500.0,10.0,False,hyperband,0.47811013729034085,0.5519762845849803,0.381082293145975,0.46461785141635487,0.49652214037906106,0.48533574720210665,0.48912650701356725
gen_replay,256,0.3,0.0001,1e-05,6,5000,2000.0,10.0,False,hyperband,0.46028410344168047,0.5528656126482213,0.49157261379774275,0.44751469802244787,0.4121306376360809,0.43184660961158655,0.42577444893400346
gen_replay,64,0.5,0.0005,0.0,6,2000,500.0,2.0,True,hyperband,0.41586937577332234,0.46144268774703556,0.4479221167501308,0.4192944949225013,0.39709124468066925,0.38206056616194867,0.38740514437764856
gen_replay,128,0.3,0.001,1e-05,18,10000,1000.0,10.0,True,hyperband,0.9258675909936063,0.9744861660079052,0.9583115329994768,0.9240156778906111,0.8809324423632355,0.9064186965108624,0.911041030189547
gen_replay,256,0.3,0.001,0.0,18,5000,2000.0,5.0,True,hyperband,0.8368481376078175,0.955395256916996,0.7901562149637491,0.8140744699804027,0.8423769076957257,0.7966589861751152,0.8224269899149174
gen_replay,256,0.3,0.001,0.0001,18,5000,1000.0,2.0,True,hyperband,0.8141455275413375,0.9692687747035573,0.7702556244861349,0.7910564760377695,0.8001982465435031,0.7324061882817643,0.8216878551952959
gen_replay,64,0.3,0.001,1e-05,18,10000,2000.0,10.0,True,hyperband,0.768412354115564,0.5519762845849803,0.5218626205247029,0.8567076429716729,0.8911011228274058,0.8961652402896643,0.8926612134949574
gen_replay,128,0.5,0.0001,0.0,18,10000,500.0,2.0,False,hyperband,0.6262885961219689,0.5282411067193676,0.522591374542193,0.5635845358988063,0.6704663920838104,0.7044437129690586,0.768404454518577
gen_replay,256,0.3,0.001,1e-05,18,2000,500.0,2.0,False,hyperband,0.6067831064910915,0.9807707509881423,0.4859294416623066,0.6069481560662747,0.4697588570061354,0.5188281764318631,0.5784632567918269
gen_replay,256,0.0,0.001,0.0001,54,5000,1000.0,2.0,False,hyperband,0.8704849823359263,0.9978458498023716,0.9360751924658046,0.7722251915196865,0.8002324269820382,0.8594634628044766,0.8570677704411813
gen_replay,128,0.3,0.001,1e-05,54,2000,1000.0,5.0,False,hyperband,0.624469203992453,0.9909288537549407,0.44125121459002914,0.6046142882593978,0.4262984294088493,0.6113890717577354,0.6723333661837653
gen_replay,256,0.3,0.0001,0.0001,162,10000,1000.0,5.0,False,hyperband,0.9353762887315301,0.9851185770750989,0.9720457433290979,0.9322109388918581,0.9110624989318613,0.9034726793943384,0.9083472947669262
naive,128,0.3,0.001,0.0,120,5000,500.0,10.0,False,pbt,0.19753736263279928,0.9995454545454545,0.054488377307721055,0.04657046142882594,0.06085827081161451,0.021757735352205397,0.0020038763509740154
naive,64,0.5,0.0001,0.0001,120,10000,1000.0,10.0,True,pbt,0.24229021019747607,0.4877075098814229,0.3639285447342851,0.2680741136647069,0.2652914736896074,0.06561882817643186,0.003120791038402155
naive,64,0.0,0.0001,0.0,120,5000,2000.0,2.0,True,pbt,0.19665681342983818,0.6376877470355731,0.41553927797294266,0.06531266702298236,0.023174337326747903,0.019075049374588544,0.019151801846194277
naive,256,0.5,0.001,0.0001,60,5000,1000.0,2.0,True,pbt,0.20396707595931873,0.9989723320158103,0.054488377307721055,0.04657046142882594,0.08481875822466803,0.0369486504279131,0.0020038763509740154
naive,64,0.5,0.0005,0.0001,60,2000,2000.0,5.0,False,pbt,0.20900950544978955,0.9741501976284584,0.054488377307721055,0.042526278282558345,0.061080443662092185,0.05854180381830151,0.06326993199960579
naive,128,0.0,0.0005,1e-05,90,10000,1000.0,2.0,True,pbt,0.26255391123564087,0.9910079051383399,0.4188467000523208,0.04657046142882594,0.04072599251448396,0.07616853192890059,0.0020038763509740154
naive,256,0.5,0.0001,0.0001,120,10000,1000.0,2.0,False,pbt,0.21132062962470263,0.983300395256917,0.054488377307721055,0.04657046142882594,0.08483584844393553,0.096724818959842,0.0020038763509740154
naive,64,0.0,0.0001,1e-05,120,10000,1000.0,10.0,True,pbt,0.2031356080457615,0.5519762845849803,0.4181366320352792,0.05250311776233743,0.08304137542084665,0.07523041474654378,0.037925823724581975
naive,128,0.3,0.0001,0.0001,60,2000,2000.0,5.0,False,pbt,0.2996563853376575,0.9011857707509882,0.5980267583526422,0.07942276857295563,0.07673508451113428,0.07230085582620145,0.07026707401202326
naive,128,0.5,0.001,0.0001,60,2000,2000.0,5.0,False,pbt,0.19522774407457397,0.9906126482213439,0.054488377307721055,0.04657046142882594,0.04072599251448396,0.0369651086240948,0.0020038763509740154
naive,128,0.0,0.0005,0.0,90,10000,1000.0,2.0,False,pbt,0.19560573181180832,0.9905928853754941,0.054488377307721055,0.04657046142882594,0.04072599251448396,0.039252797893350885,0.0020038763509740154
naive,256,0.5,0.0001,0.0001,120,10000,1000.0,10.0,False,pbt,0.19856498533049485,0.9707509881422924,0.054488377307721055,0.04657046142882594,0.04072599251448396,0.039302172481895985,0.03955192010774942
rehearsal,128,0.5,0.0005,0.0,60,10000,1000.0,2.0,True,pbt,0.9233086991903768,0.95699604743083,0.9475110247402646,0.9169962586851951,0.9018508707466717,0.9100888742593811,0.9064091192799185
rehearsal,128,0.5,0.001,1e-05,120,5000,1000.0,2.0,True,pbt,0.8872401566574797,0.9993873517786561,0.940279542566709,0.8353821485836451,0.8162288722164306,0.8651579986833443,0.8670050261160934
rehearsal,128,0.5,0.001,0.0001,90,5000,2000.0,10.0,True,pbt,0.865067006150638,0.9978458498023716,0.9440541146572987,0.8910030286834135,0.6596824637260096,0.8563034891375905,0.8415130908971453
rehearsal,64,0.5,0.0001,0.0001,60,10000,2000.0,2.0,False,pbt,0.2838566470641293,0.7554150197628459,0.6995477987891472,0.04853019775521112,0.04648539640763591,0.06374259381171823,0.08941887585821753
rehearsal,128,0.0,0.0001,0.0,90,10000,2000.0,2.0,False,pbt,0.8837056707742089,0.9456324110671936,0.8049181553180357,0.8892036344200962,0.9041922307863209,0.8775839368005267,0.8807036562530798
rehearsal,256,0.3,0.0005,0.0001,120,2000,2000.0,2.0,True,pbt,0.6222548294463403,0.9995849802371541,0.45491068091785636,0.5970960270799929,0.46996393963734556,0.5029624753127058,0.7090108734929864
rehearsal,256,0.5,0.0005,0.0,120,10000,1000.0,2.0,False,pbt,0.9312253696723997,0.9999011857707509,0.9674863592196726,0.9215214680206663,0.9291610411361578,0.8806287030941409,0.8886534607930094
rehearsal,128,0.3,0.001,1e-05,120,5000,1000.0,2.0,True,pbt,0.8824503970483387,0.9995454545454545,0.9201173480828163,0.8244788882950294,0.8713790097926957,0.8273699802501646,0.8518117013238724
rehearsal,128,0.5,0.0005,0.0001,120,10000,2000.0,2.0,False,pbt,0.9340644265390609,0.9972727272727273,0.95948875102773,0.9289506502761447,0.9161553842735802,0.9095457537853852,0.8929732925987977
rehearsal,256,0.3,0.0005,0.0001,60,10000,2000.0,2.0,False,pbt,0.9238051838242501,0.991600790513834,0.9615068390761642,0.9218777837163727,0.865995590723429,0.9035878867676103,0.8982622121480898
rehearsal,128,0.5,0.0005,0.0001,60,10000,1000.0,2.0,False,pbt,0.9291948073873639,0.9713833992094861,0.9672621272142911,0.9248352039907358,0.9027053817100473,0.9056287030941409,0.9033540291054828
rehearsal,128,0.5,0.0001,1e-05,60,10000,1000.0,2.0,False,pbt,0.8625093664610839,0.728399209486166,0.9147918379550041,0.9118296810974523,0.8717379043973135,0.8758393680052666,0.8724581978253014
ewc,64,0.3,0.0005,0.0001,120,5000,1000.0,5.0,True,pbt,0.21637480780035637,0.934901185770751,0.054488377307721055,0.07683947977908427,0.08519474304855332,0.08199473337722185,0.06483032751880687
ewc,128,0.3,0.001,0.0001,120,2000,500.0,10.0,True,pbt,0.19976916767780648,0.9995849802371541,0.054488377307721055,0.04657046142882594,0.07341958197323671,0.022547728768926925,0.0020038763509740154
ewc,128,0.5,0.001,0.0,120,5000,500.0,5.0,True,pbt,0.20356977558575162,0.9992687747035573,0.054488377307721055,0.04657046142882594,0.04072599251448396,0.03921988150098749,0.041145166058933674
ewc,64,0.3,0.0001,0.0,60,2000,500.0,2.0,True,pbt,0.3979476763522966,0.4480237154150198,0.42361163016667913,0.3998040263673615,0.3829918137849709,0.36904213298222516,0.3642127393975231
ewc,256,0.5,0.0005,1e-05,120,10000,2000.0,2.0,False,pbt,0.20073180506400864,0.9996245059288538,0.054488377307721055,0.04657046142882594,0.04072599251448396,0.06097761685319289,0.0020038763509740154
ewc,64,0.0,0.001,1e-05,120,2000,2000.0,2.0,False,pbt,0.19462218124632524,0.9847430830039525,0.054488377307721055,0.04657046142882594,0.04467383316527951,0.03525345622119816,0.0020038763509740154
ewc,128,0.3,0.001,0.0,60,2000,500.0,2.0,False,pbt,0.20652248176601698,0.9866600790513834,0.054488377307721055,0.04657046142882594,0.08512638217148326,0.06428571428571428,0.0020038763509740154
ewc,256,0.0,0.0005,0.0001,90,5000,2000.0,5.0,True,pbt,0.200596173378546,0.9986956521739131,0.054488377307721055,0.04657046142882594,0.06519918650556286,0.03661948650427913,0.0020038763509740154
ewc,128,0.0,0.0005,0.0,120,5000,500.0,5.0,True,pbt,0.2030085128492025,0.9943675889328063,0.054488377307721055,0.04657046142882594,0.04535744193598004,0.07526333113890718,0.0020038763509740154
ewc,64,0.0,0.0001,0.0,60,2000,500.0,2.0,True,pbt,0.13182676926288642,0.538399209486166,0.054488377307721055,0.05195082843399252,0.04995471091894109,0.04810730743910467,0.04806018199139319
ewc,64,0.3,0.0005,0.0001,120,5000,1000.0,5.0,True,pbt,0.25224496894143755,0.9086166007905139,0.25754914418117947,0.24361304115446286,0.04072599251448396,0.06096115865701119,0.0020038763509740154
ewc,128,0.3,0.001,0.0,60,2000,500.0,2.0,False,pbt,0.20138242741101584,0.9838932806324111,0.054488377307721055,0.060181721004810264,0.04072599251448396,0.06700131665569453,0.0020038763509740154
si,128,0.5,0.0001,0.0001,120,5000,2000.0,5.0,True,pbt,0.19241784775525325,0.880395256916996,0.054488377307721055,0.051986460003563155,0.045972689829610516,0.07513166556945358,0.04653263690417529
si,128,0.3,0.0001,0.0001,90,5000,1000.0,5.0,True,pbt,0.13741440571903446,0.5519762845849803,0.054488377307721055,0.05195082843399252,0.0841351494539675,0.0771724818959842,0.004763312637561184
si,64,0.5,0.001,0.0001,60,5000,1000.0,5.0,False,pbt,0.13691837265322707,0.5909288537549408,0.054488377307721055,0.07642971672902191,0.050193973988686275,0.047465437788018434,0.0020038763509740154
si,64,0.5,0.001,1e-05,60,5000,1000.0,5.0,True,pbt,0.19464503865531554,0.9495652173913044,0.054488377307721055,0.047051487618029575,0.08495547997880813,0.02980579328505596,0.0020038763509740154
si,128,0.0,0.0005,0.0,120,2000,500.0,2.0,True,pbt,0.20644088730979862,0.9965810276679842,0.054488377307721055,0.04657046142882594,0.04072599251448396,0.05913429888084266,0.041145166058933674
si,256,0.3,0.0001,1e-05,120,5000,500.0,5.0,True,pbt,0.1985237688333686,0.9647628458498023,0.054488377307721055,0.04657046142882594,0.04072599251448396,0.043515470704410794,0.041079465194967316
si,128,0.3,0.0005,0.0001,120,2000,500.0,2.0,False,pbt,0.20083401588989921,0.9963241106719367,0.054488377307721055,0.04657046142882594,0.044639652726744486,0.06097761685319289,0.0020038763509740154
si,256,0.3,0.0001,0.0,90,5000,500.0,5.0,True,pbt,0.2025071209172443,0.9116403162055337,0.054488377307721055,0.05624443256725459,0.07717943021208962,0.07600394996708361,0.03948621924378306
si,128,0.3,0.001,1e-05,60,5000,1000.0,5.0,True,pbt,0.19757273939999617,0.9972134387351779,0.05478735331489648,0.04657046142882594,0.04947618477945072,0.035385121790651744,0.0020038763509740154
si,128,0.3,0.0005,0.0,120,2000,500.0,2.0,True,pbt,0.2065527420768196,0.9954743083003953,0.054488377307721055,0.04657046142882594,0.04072599251448396,0.06109282422646478,0.040964488683026185
si,256,0.3,0.001,0.0,60,5000,500.0,5.0,True,pbt,0.2069017905985346,0.9997628458498024,0.054488377307721055,0.04657046142882594,0.08430605164664262,0.054279131007241604,0.0020038763509740154
si,128,0.3,0.001,1e-05,120,2000,500.0,2.0,True,pbt,0.19706269633929982,0.9993675889328063,0.054488377307721055,0.04657046142882594,0.04072599251448396,0.03921988150098749,0.0020038763509740154
gen_replay,64,0.0,0.0001,1e-05,120,10000,500.0,2.0,True,pbt,0.7631159287174504,0.5527667984189724,0.5827602959862471,0.8393194370212008,0.8839232307350503,0.8649440421329823,0.8549817680102494
gen_replay,128,0.3,0.0005,0.0001,60,2000,2000.0,5.0,False,pbt,0.5908065058907443,0.9569169960474309,0.4191643620599447,0.5260466773561375,0.5640797771435407,0.600213956550362,0.4784172661870504
gen_replay,64,0.3,0.0001,0.0001,90,2000,500.0,2.0,True,pbt,0.14210381824468504,0.46347826086956523,0.054488377307721055,0.05672545875645822,0.06275528515030848,0.10095457537853851,0.11422095200551888
gen_replay,128,0.3,0.0001,1e-05,60,2000,2000.0,5.0,False,pbt,0.44306581817669927,0.9005533596837945,0.9164922639958143,0.43623730625334045,0.1807119785346846,0.10590849242922976,0.11849150816333234
gen_replay,128,0.0,0.0005,1e-05,120,10000,2000.0,2.0,False,pbt,0.9382193471383803,0.9899407114624506,0.963394125121459,0.9338856226616783,0.9147539862936441,0.9115865701119157,0.9157550671791334
gen_replay,256,0.3,0.001,0.0,90,2000,1000.0,5.0,False,pbt,0.5271783534943454,0.9996837944664032,0.3789147170939532,0.4464457509353287,0.08469912668979543,0.5085088874259381,0.7448178443546533
gen_replay,128,0.0,0.0005,0.0001,90,10000,2000.0,2.0,True,pbt,0.9246336934664153,0.9677272727272728,0.9638239031317737,0.9152859433458044,0.882778186044127,0.90862409479921,0.9095627607503038
gen_replay,64,0.0,0.0005,1e-05,120,10000,500.0,2.0,True,pbt,0.9031616151016383,0.8219169960474308,0.9629830331115928,0.9228398360947799,0.9160699331772426,0.8928242264647794,0.9023356657140041
gen_replay,128,0.5,0.0005,0.0001,120,2000,2000.0,5.0,True,pbt,0.6858158805819073,0.9921343873517786,0.7025375588609014,0.642561909852129,0.45547143369849435,0.6358294930875577,0.6863605006405834
gen_replay,128,0.3,0.0005,1e-05,120,10000,2000.0,2.0,True,pbt,0.9356489441848795,0.9966403162055336,0.963151207115629,0.9317833600570105,0.9017312392117991,0.9099242922975642,0.9106632502217404
gen_replay,128,0.0,0.001,0.0001,90,10000,2000.0,2.0,True,pbt,0.9282303431289134,0.9995256916996047,0.942895582629494,0.9189025476572243,0.8951173243552715,0.9054805793285056,0.9074603331033803
gen_replay,64,0.0,0.0005,1e-05,120,10000,500.0,2.0,True,pbt,0.9325475040232392,0.9675889328063241,0.9636931011286344,0.9216996258685195,0.9299642814417309,0.9084265964450297,0.9039124864491969
naive,128,0.0,0.001,1e-05,120,2000,1000.0,2.0,True,ga,0.20029496021575435,0.9995652173913043,0.054488377307721055,0.04657046142882594,0.06268692427323842,0.03645490454246215,0.0020038763509740154
naive,64,0.3,0.001,0.0001,90,5000,2000.0,5.0,False,ga,0.20443332013371115,0.9866403162055336,0.054488377307721055,0.04657046142882594,0.08538273546049596,0.05151415404871626,0.0020038763509740154
naive,256,0.0,0.0005,1e-05,90,10000,2000.0,5.0,False,ga,0.19667922253667156,0.9993873517786561,0.054488377307721055,0.04657046142882594,0.04072599251448396,0.03689927583936801,0.0020038763509740154
naive,256,0.5,0.0005,0.0001,60,2000,1000.0,2.0,True,ga,0.2039975481280363,0.9969169960474308,0.054488377307721055,0.04657046142882594,0.076359099687249,0.04764647794601712,0.0020038763509740154
naive,256,0.3,0.0001,0.0,120,2000,2000.0,5.0,True,ga,0.20111522391640882,0.9639723320158102,0.054488377307721055,0.04657046142882594,0.06120007519696478,0.07845622119815668,0.0020038763509740154
naive,64,0.3,0.0001,1e-05,120,10000,1000.0,5.0,False,ga,0.1168679379262511,0.45875494071146244,0.054488377307721055,0.04849456618564048,0.05159537196862236,0.0489137590520079,0.03896061233205217
naive,256,0.3,0.001,1e-05,90,2000,500.0,2.0,True,ga,0.19672697732646202,0.9996245059288538,0.054488377307721055,0.04657046142882594,0.04072599251448396,0.0369486504279131,0.0020038763509740154
naive,256,0.0,0.001,0.0001,120,5000,1000.0,2.0,True,ga,0.19570110478185573,0.9998221343873518,0.054488377307721055,0.04657046142882594,0.04072599251448396,0.030595786701777487,0.0020038763509740154
naive,256,0.3,0.0001,0.0,120,5000,2000.0,10.0,True,ga,0.20444123389731828,0.981798418972332,0.054488377307721055,0.04657046142882594,0.04091398492642661,0.10087228439763002,0.0020038763509740154
naive,64,0.3,0.0001,1e-05,120,2000,1000.0,2.0,True,ga,0.20470416964654603,0.9081422924901186,0.05949622542790941,0.04657046142882594,0.08177669919505068,0.06553653719552337,0.06670280214184816
naive,64,0.3,0.001,0.0001,90,5000,2000.0,5.0,False,ga,0.19916071075172434,0.9798418972332016,0.054488377307721055,0.04657046142882594,0.08399842769982739,0.02806122448979592,0.0020038763509740154
naive,128,0.0,0.001,0.0001,120,5000,2000.0,2.0,False,ga,0.19484032160590528,0.9996442687747036,0.054488377307721055,0.04657046142882594,0.04072599251448396,0.025608953258722846,0.0020038763509740154
naive,128,0.3,0.0001,1e-05,120,2000,1000.0,10.0,True,ga,0.20470467559145414,0.9771343873517787,0.054488377307721055,0.05793693212185997,0.04607523114521559,0.043071099407504934,0.04952202621464472
naive,128,0.3,0.0001,0.0001,120,2000,1000.0,5.0,True,ga,0.2004971991205229,0.8596442687747036,0.05454443530906645,0.07728487439871726,0.08507511151368072,0.1031599736668861,0.02327453106008344
naive,64,0.0,0.001,0.0001,90,5000,2000.0,5.0,False,ga,0.1914337178576866,0.9618577075098814,0.054488377307721055,0.04657046142882594,0.04072599251448396,0.04295589203423305,0.0020038763509740154
naive,64,0.5,0.0005,1e-05,120,2000,1000.0,5.0,True,ga,0.22880645673822986,0.9524505928853755,0.28391509081396216,0.04657046142882594,0.04527199083964247,0.04262672811059908,0.0020038763509740154
naive,256,0.3,0.0001,0.0,120,5000,2000.0,10.0,True,ga,0.20291088739244764,0.9608102766798419,0.054488377307721055,0.04657046142882594,0.07666672363406422,0.07692560895325873,0.0020038763509740154
naive,64,0.3,0.001,0.0001,90,5000,1000.0,2.0,False,ga,0.21102507605394494,0.9746640316205534,0.054488377307721055,0.04657046142882594,0.08528019414489088,0.10314351547070441,0.0020038763509740154
naive,64,0.3,0.0001,0.0,120,2000,1000.0,5.0,True,ga,0.1888587393694292,0.4891897233201581,0.4067568577621646,0.023801888473187243,0.07940115871686634,0.06031928900592495,0.07368351893827405
naive,64,0.3,0.0001,1e-05,90,2000,1000.0,2.0,True,ga,0.14131546362656996,0.553102766798419,0.059290679422976306,0.06916087653661143,0.07053133491702698,0.04860105332455563,0.04720607075983049
rehearsal,256,0.5,0.001,0.0001,120,2000,1000.0,10.0,False,ga,0.6706620857115358,0.9985375494071146,0.8403654981687719,0.44277569926955285,0.4408763864440381,0.5728933508887426,0.7285240300909956
rehearsal,256,0.3,0.001,0.0,90,5000,1000.0,10.0,True,ga,0.8402356400291913,0.9995454545454545,0.9167725540025413,0.8738642437199359,0.5064515577734863,0.8745720868992758,0.8702079432344535
rehearsal,128,0.5,0.0001,0.0,90,2000,2000.0,10.0,True,ga,0.1688301317499893,0.5549209486166008,0.054488377307721055,0.052128986281845716,0.11964862509185993,0.11535549703752469,0.11643835616438356
rehearsal,128,0.0,0.0001,0.0,90,10000,1000.0,2.0,True,ga,0.9146318700859241,0.9381818181818182,0.9135211899245086,0.9077676821663995,0.9147198058551091,0.9068795260039499,0.9067211983837588
rehearsal,128,0.3,0.0005,1e-05,120,10000,500.0,2.0,True,ga,0.9383501033065187,0.9941699604743083,0.9725128933403094,0.9266702298236237,0.9245466819339292,0.905019749835418,0.9071811044315232
rehearsal,256,0.0,0.001,0.0,90,10000,500.0,10.0,True,ga,0.9331659939399031,0.9999209486166007,0.9572090589730174,0.9287724924282915,0.9156597679148224,0.8963791968400263,0.9010544988666601
rehearsal,256,0.3,0.001,1e-05,120,5000,500.0,5.0,False,ga,0.9219803157678669,0.9996640316205534,0.9614507810748187,0.9048280776768217,0.8985866388665766,0.8848090849242923,0.8825432804441379
rehearsal,64,0.5,0.001,0.0001,60,2000,500.0,5.0,False,ga,0.5383593520724622,0.9702371541501976,0.8523619104566859,0.3784250846249777,0.32189427990361114,0.44298880842659644,0.2642488748727046
rehearsal,128,0.3,0.0001,1e-05,120,2000,1000.0,2.0,True,ga,0.16686751498931804,0.5522529644268774,0.054488377307721055,0.05264564404061999,0.10642079537880471,0.11031928900592496,0.12507801977596006
rehearsal,256,0.0,0.001,0.0,90,10000,500.0,5.0,True,ga,0.9360551534573444,0.9999209486166007,0.9770349054488378,0.9063424193835738,0.9317416642455523,0.8950625411454904,0.9062284419040111
rehearsal,256,0.5,0.001,0.0001,120,2000,1000.0,2.0,False,ga,0.5360056476923755,0.9995849802371541,0.5839001420136034,0.4493853554249065,0.05089467297865432,0.49823897300855824,0.6340297624913768
rehearsal,128,0.0,0.0001,0.0,90,10000,1000.0,2.0,True,ga,0.7698021768456321,0.5520158102766799,0.4985051199641229,0.8940317120969179,0.9128911523934852,0.8826530612244898,0.8787162051180973
rehearsal,256,0.5,0.0001,0.0,90,5000,500.0,10.0,False,ga,0.8474544035338535,0.9596047430830039,0.9084572838029749,0.8039907357919116,0.778613299608634,0.8349407504937458,0.7991196084228508
rehearsal,64,0.3,0.001,1e-05,120,2000,2000.0,5.0,True,ga,0.6073964273651317,0.9902173913043478,0.45700351296808434,0.7378763584535899,0.3788730709415002,0.4706056616194865,0.609802568903781
rehearsal,64,0.0,0.001,0.0,90,10000,1000.0,5.0,True,ga,0.9267026281384907,0.9738537549407115,0.9704761192914269,0.9002316052022091,0.9299984618802659,0.8876892692560895,0.8979665582602411
rehearsal,256,0.5,0.0001,0.0,120,5000,1000.0,10.0,False,ga,0.8316698081021642,0.9589328063241107,0.7948090290754167,0.8171922323178336,0.7943192111154787,0.8112903225806452,0.8134752471995007
rehearsal,256,0.5,0.0001,1e-05,120,5000,1000.0,5.0,False,ga,0.8431946833019835,0.9758498023715415,0.8378802601091262,0.8124532335649385,0.8033770273272606,0.8096774193548387,0.8199303570841957
rehearsal,256,0.0,0.0001,0.0,120,5000,1000.0,2.0,True,ga,0.8578164179693148,0.9682411067193676,0.8969093355258241,0.8257794405843577,0.8027446892143626,0.8326201448321264,0.8206037909398508
rehearsal,256,0.5,0.0001,1e-05,90,2000,2000.0,10.0,False,ga,0.4122597994821919,0.9539723320158103,0.3725241049405785,0.3835025832887939,0.33343017790918256,0.29631336405529957,0.13381623468348608
rehearsal,256,0.0,0.001,0.0001,90,10000,500.0,5.0,True,ga,0.932540801865648,0.9999011857707509,0.9212571941101727,0.9249420986994477,0.9289046878471451,0.9084430546412113,0.9117965901251601
ewc,256,0.0,0.0001,0.0,90,2000,2000.0,2.0,True,ga,0.22240507264922982,0.9685177865612649,0.054488377307721055,0.08170318902547657,0.08536564524122844,0.10367017774851876,0.04068526001116915
ewc,128,0.3,0.0005,0.0001,90,5000,1000.0,2.0,True,ga,0.19466480437619046,0.9849802371541502,0.054488377307721055,0.04657046142882594,0.04072599251448396,0.03921988150098749,0.0020038763509740154
ewc,256,0.5,0.0005,0.0,90,5000,2000.0,2.0,False,ga,0.21210276487475335,0.993201581027668,0.054488377307721055,0.04657046142882594,0.08463076581272538,0.09172152732060566,0.0020038763509740154
ewc,256,0.3,0.0005,0.0001,120,5000,2000.0,10.0,False,ga,0.20969835439544335,0.9995849802371541,0.054488377307721055,0.04657046142882594,0.04072599251448396,0.07585582620144832,0.040964488683026185
ewc,64,0.3,0.0005,0.0,60,10000,2000.0,2.0,True,ga,0.20927826706537886,0.6836561264822134,0.3898086553554077,0.05200427578834848,0.05528685933040521,0.0729098090849243,0.0020038763509740154
ewc,64,0.5,0.001,0.0,120,5000,2000.0,10.0,True,ga,0.1978561635413024,0.9910276679841897,0.054488377307721055,0.04657046142882594,0.04072599251448396,0.05232060566161949,0.0020038763509740154
ewc,256,0.5,0.0005,0.0001,60,5000,1000.0,5.0,False,ga,0.2003260609475518,0.9891501976284585,0.054488377307721055,0.04657046142882594,0.07343667219250423,0.03630678077682686,0.0020038763509740154
ewc,256,0.0,0.0001,0.0,120,5000,1000.0,5.0,True,ga,0.23252447149370414,0.9762252964426877,0.14255549742133194,0.04657046142882594,0.07552167894314084,0.09428900592495063,0.05998488880128774
ewc,256,0.5,0.0005,0.0,90,5000,2000.0,10.0,False,ga,0.21172601500059793,0.9981225296442687,0.054488377307721055,0.04657046142882594,0.040743082733751476,0.08966425279789335,0.0407673860911271
ewc,64,0.3,0.0005,0.0,120,2000,1000.0,5.0,True,ga,0.1961914067089476,0.980395256916996,0.054488377307721055,0.04657046142882594,0.07193273289696307,0.021757735352205397,0.0020038763509740154
ewc,128,0.0,0.0001,0.0001,90,2000,1000.0,2.0,True,ga,0.27151327287697363,0.6867391304347826,0.692895582629494,0.07865668982718689,0.08483584844393553,0.08158327847267939,0.004369107453763017
ewc,128,0.5,0.001,0.0,90,5000,2000.0,5.0,True,ga,0.20262704550112445,0.9978458498023716,0.054488377307721055,0.04657046142882594,0.04072599251448396,0.07412771560236998,0.0020038763509740154
ewc,256,0.0,0.0001,0.0,120,5000,2000.0,5.0,True,ga,0.21501903523539365,0.963498023715415,0.054488377307721055,0.04657046142882594,0.08449404405858527,0.09193548387096774,0.04912782103084656
ewc,256,0.5,0.0005,0.0,90,5000,1000.0,2.0,True,ga,0.21439754535441183,0.9979446640316205,0.054488377307721055,0.04657046142882594,0.07444499512928751,0.07226793943383805,0.04066883479517756
ewc,128,0.5,0.0001,0.0,90,5000,2000.0,2.0,True,ga,0.13123950880445578,0.5521936758893281,0.054488377307721055,0.055300195973632636,0.04072599251448396,0.04474983541803818,0.03997897572353076
ewc,128,0.0,0.0001,0.0,90,10000,1000.0,10.0,True,ga,0.23586616076219583,0.9257905138339921,0.054488377307721055,0.07878140032068412,0.1144361082152684,0.13289993416721527,0.10880063072829407
ewc,256,0.0,0.0001,0.0,90,5000,2000.0,5.0,True,ga,0.22995843942340086,0.948102766798419,0.12945661110695866,0.04657046142882594,0.0853143745834259,0.09504608294930876,0.07526033967346671
ewc,256,0.0,0.0001,0.0,120,10000,500.0,5.0,False,ga,0.21802544544442415,0.9714426877470356,0.1123589206966141,0.04657046142882594,0.04224702202929263,0.09471691902567479,0.04081666173910187
ewc,256,0.5,0.0005,0.0001,90,2000,1000.0,2.0,True,ga,0.203929376474744,0.9984980237154151,0.054488377307721055,0.04657046142882594,0.0852972843641584,0.036718235681369324,0.0020038763509740154
ewc,256,0.5,0.0001,0.0,90,5000,2000.0,2.0,True,ga,0.21644386596264462,0.9626086956521739,0.054488377307721055,0.05708177445216462,0.08022148924170697,0.08206056616194865,0.06220229296015243
si,128,0.0,0.0005,0.0001,120,2000,2000.0,5.0,False,ga,0.19412157548192974,0.9839920948616601,0.054488377307721055,0.04657046142882594,0.04072599251448396,0.0369486504279131,0.0020038763509740154
si,128,0.5,0.0005,0.0,120,10000,500.0,10.0,True,ga,0.207604408131456,0.9969762845849802,0.054488377307721055,0.04657046142882594,0.08539982567976347,0.06018762343647136,0.0020038763509740154
si,256,0.5,0.001,0.0,90,5000,500.0,2.0,True,ga,0.20029939053885315,0.9995059288537549,0.054488377307721055,0.04657046142882594,0.07746996393963734,0.021757735352205397,0.0020038763509740154
si,64,0.3,0.001,1e-05,120,5000,500.0,10.0,False,ga,0.20209611811989983,0.98300395256917,0.054488377307721055,0.04657046142882594,0.04072599251448396,0.0467577353522054,0.04103018954699254
si,256,0.0,0.0001,0.0,60,10000,2000.0,10.0,True,ga,0.32572521936573634,0.9278853754940711,0.6825435383810449,0.0755211117049706,0.08434023208517766,0.08201119157340356,0.10204986695575047
si,256,0.5,0.0001,1e-05,90,5000,500.0,10.0,False,ga,0.1943011906551093,0.9688537549407115,0.054488377307721055,0.0325850703723499,0.040743082733751476,0.06713298222514813,0.0020038763509740154
si,128,0.3,0.0005,0.0,90,10000,500.0,10.0,False,ga,0.20632302510527453,0.9840118577075099,0.054488377307721055,0.04657046142882594,0.08521183326782082,0.06565174456879526,0.0020038763509740154
si,128,0.0,0.0005,0.0001,60,2000,500.0,2.0,False,ga,0.21064501873195085,0.9736956521739131,0.054488377307721055,0.0757883484767504,0.0835028113410695,0.07439104674127715,0.0020038763509740154
si,128,0.3,0.0005,0.0,90,10000,500.0,10.0,False,ga,0.21184494636690923,0.9880830039525692,0.054488377307721055,0.04657046142882594,0.07138584588040264,0.08210994075049374,0.02843204888144279
si,128,0.5,0.0005,0.0,120,10000,500.0,2.0,False,ga,0.19174715576473547,0.9908893280632411,0.054488377307721055,0.04657046142882594,0.04130705996957941,0.0152238314680711,0.0020038763509740154
si,64,0.3,0.0005,1e-05,90,5000,500.0,10.0,False,ga,0.12067301864108165,0.5520750988142292,0.054488377307721055,0.04657046142882594,0.04467383316527951,0.02422646477946017,0.0020038763509740154
si,256,0.5,0.0005,0.0,90,10000,2000.0,10.0,False,ga,0.1942806820546165,0.9993280632411067,0.054488377307721055,0.04657046142882594,0.04125578931177687,0.022037524687294273,0.0020038763509740154
si,128,0.5,0.0005,0.0,90,5000,500.0,2.0,True,ga,0.20785237050992877,0.9810869565217392,0.054488377307721055,0.04657046142882594,0.047254456274674006,0.07919684002633312,0.03851713150027923
si,128,0.3,0.0005,0.0,120,10000,1000.0,10.0,True,ga,0.2059013216708636,0.9926877470355732,0.054488377307721055,0.04657046142882594,0.08481875822466803,0.054838709677419356,0.0020038763509740154
si,64,0.0,0.0005,1e-05,90,2000,500.0,10.0,False,ga,0.1750476637660173,0.7566798418972333,0.06186934748486434,0.08419739889542134,0.04072599251448396,0.06568466096115866,0.04112874084294209
si,256,0.5,0.0005,0.0,90,5000,2000.0,10.0,False,ga,0.20773171405967794,0.9935177865612648,0.054488377307721055,0.04657046142882594,0.07140293609967016,0.07840684660961159,0.0020038763509740154
si,256,0.5,0.001,0.0001,60,2000,2000.0,10.0,False,ga,0.2044436569533958,0.9990909090909091,0.054488377307721055,0.04657046142882594,0.08505802129441321,0.03945029624753127,0.0020038763509740154
si,256,0.3,0.0001,0.0,90,10000,500.0,10.0,True,ga,0.219918296825615,0.9541106719367589,0.054488377307721055,0.08644218777837163,0.08126399261702527,0.10311059907834101,0.040093952235471894
si,128,0.3,0.0005,0.0,90,5000,2000.0,10.0,False,ga,0.22209979061511254,0.9845256916996047,0.1833283503998804,0.04657046142882594,0.04072599251448396,0.07544437129690586,0.0020038763509740154
si,128,0.0,0.0001,0.0,60,10000,1000.0,10.0,True,ga,0.3306018566404846,0.609703557312253,0.7054525749308618,0.2428469624086941,0.05267205578247569,0.18105661619486504,0.19187937321375775
gen_replay,64,0.5,0.0005,1e-05,120,5000,500.0,2.0,False,ga,0.7646991911723179,0.9554150197628458,0.6202817848867629,0.6662569036166043,0.7787842018013091,0.7781270572745227,0.7893301796918629
gen_replay,256,0.5,0.001,0.0,90,5000,2000.0,10.0,False,ga,0.8716649877130117,0.9994861660079052,0.9468757007250168,0.7526990913949759,0.8041631774135662,0.8684825543120474,0.858283236424559
gen_replay,128,0.3,0.0001,1e-05,60,10000,1000.0,10.0,False,ga,0.6519823918416331,0.5519762845849803,0.5218999925255998,0.5280064136825228,0.5813579888229966,0.8433838051349573,0.8852698662987418
gen_replay,64,0.3,0.0001,1e-05,60,5000,500.0,5.0,True,ga,0.286537832785079,0.4567786561264822,0.533989834815756,0.5071975770532692,0.07552167894314084,0.07292626728110599,0.07281298249071975
gen_replay,64,0.3,0.0001,1e-05,60,10000,500.0,5.0,True,ga,0.5017488546730627,0.5527075098814229,0.5222363405336722,0.4687154819169784,0.4609573940833661,0.49809084924292296,0.5077855523800138
gen_replay,256,0.3,0.0005,0.0,90,2000,1000.0,10.0,False,ga,0.669287943592995,0.9982411067193676,0.6067157485611779,0.6318902547657225,0.520397176695777,0.6392198815009875,0.6192634933149371
gen_replay,256,0.0,0.0001,1e-05,90,5000,500.0,2.0,True,ga,0.8465635193719697,0.9703557312252964,0.886034083264818,0.798663816141101,0.8199716302360159,0.7983048057932851,0.8060510495713019
gen_replay,128,0.0,0.0005,0.0001,120,10000,500.0,2.0,False,ga,0.9401608689645425,0.9937351778656126,0.9643097391434338,0.9265989666844825,0.9278621844718268,0.9118828176431863,0.9165763279787129
gen_replay,128,0.0,0.0005,0.0,120,2000,500.0,10.0,False,ga,0.6201680861094511,0.995,0.682020330368488,0.46910742918225545,0.4364671098730197,0.4909809084924292,0.6474327387405144
gen_replay,256,0.0,0.0005,1e-05,90,5000,2000.0,2.0,True,ga,0.8754301164200772,0.9991897233201581,0.9294603483070484,0.8165152324959914,0.7732640609779023,0.8655859117840685,0.8685654216352945
gen_replay,64,0.0,0.0001,1e-05,60,5000,500.0,10.0,True,ga,0.21135419088161458,0.5519762845849803,0.10178264444278347,0.15052556565116693,0.150154666484371,0.1543449637919684,0.1593410203344174
gen_replay,128,0.0,0.0001,0.0001,120,10000,500.0,10.0,False,ga,0.9193228543813573,0.9422727272727273,0.9344495104267883,0.9250311776233743,0.9192828943995351,0.8864878209348256,0.9084129956308925
gen_replay,64,0.3,0.0005,0.0,120,2000,500.0,2.0,False,ga,0.4695478265146806,0.9733596837944664,0.4423910606173855,0.42896846606093,0.08102472954728009,0.4501810401579987,0.44136197891002266
gen_replay,64,0.0,0.0001,1e-05,90,5000,500.0,5.0,True,ga,0.23496348393701186,0.558201581027668,0.5490694371776665,0.04657046142882594,0.07810230205253534,0.0826201448321264,0.0952169771032489
gen_replay,128,0.5,0.0005,0.0001,90,5000,500.0,10.0,False,ga,0.8217281033495739,0.9746837944664032,0.7313887435533298,0.8439337252805986,0.7802881410968503,0.809167215273206,0.7909070004270556
gen_replay,128,0.0,0.0001,0.0001,120,10000,500.0,5.0,True,ga,0.8623083190569947,0.6792490118577075,0.8649375887585021,0.9028683413504365,0.9217951566318596,0.9016293614219881,0.9033704543214743
gen_replay,128,0.3,0.001,0.0,60,2000,500.0,2.0,False,ga,0.5647948573029081,0.989110671936759,0.4596569250317662,0.6156957063958668,0.35862116110949704,0.3263495720868993,0.6393351072566604
gen_replay,64,0.3,0.0005,0.0001,120,2000,500.0,2.0,False,ga,0.46134918577230244,0.9626679841897233,0.43024516032588384,0.42369499376447534,0.24510792473467435,0.45712639894667545,0.24925265267238264
gen_replay,64,0.0,0.0001,0.0,120,2000,500.0,10.0,False,ga,0.24627599055036567,0.5498221343873517,0.2528029000672696,0.14594690896133974,0.2643856920684292,0.13411784068466095,0.1305804671331428
gen_replay,128,0.0,0.0005,0.0,120,2000,500.0,10.0,False,ga,0.6576716227416685,0.9926086956521739,0.727445997458704,0.6603598788526635,0.29784834139422006,0.6244239631336406,0.6433428599586084
