mech,hidden_feats,dropout,lr,weight_decay,epochs_per_batch,buffer_size,ewc_lam,si_c,method,avg_acc,batch1_acc,batch2_acc,batch3_acc,batch4_acc,batch5_acc,batch6_acc
naive,64,0.3,0.001,0.0,60,5000,1000.0,5.0,grid,0.15437839741470238,0.6089723320158102,0.06216832349203976,0.05277035453411723,0.1018747970536462,0.09591836734693877,0.0045662100456621
naive,64,0.3,0.001,0.0,90,5000,1000.0,5.0,grid,0.22477680409237843,0.9651581027667984,0.054488377307721055,0.05497951184749688,0.11284671782338968,0.12667873601053325,0.0345093787983312
naive,64,0.3,0.001,0.0001,60,5000,1000.0,5.0,grid,0.2308589822940692,0.9296837944664031,0.25132670603184093,0.05200427578834848,0.09177447746654589,0.05836076366030283,0.0020038763509740154
naive,64,0.3,0.001,0.0001,90,5000,1000.0,5.0,grid,0.2350784118620569,0.9915810276679842,0.24110546378653114,0.06712987707108498,0.08481875822466803,0.02383146807109941,0.0020038763509740154
naive,64,0.3,0.0005,0.0,60,5000,1000.0,5.0,grid,0.32486770533659576,0.8417786561264822,0.46711263921070334,0.211865312667023,0.13132124485157146,0.13745885450954576,0.1596695246542492
naive,64,0.3,0.0005,0.0,90,5000,1000.0,5.0,grid,0.33090704632390044,0.8884189723320158,0.7944353090664474,0.05581685373240691,0.08522892348708834,0.08207702435813034,0.07946519496731382
naive,64,0.3,0.0005,0.0001,60,5000,1000.0,5.0,grid,0.17500480678557098,0.6729446640316206,0.07360415576649974,0.052378407268840195,0.08276793191256644,0.09419025674786044,0.07414342498603857
naive,64,0.3,0.0005,0.0001,90,5000,1000.0,5.0,grid,0.19407629227233406,0.9313241106719368,0.05473129531355109,0.05458756458221985,0.04481055491941962,0.04045424621461488,0.03854998193226241
naive,64,0.5,0.001,0.0,60,5000,1000.0,5.0,grid,0.20213035291100612,0.9435770750988143,0.11015397264369535,0.04658827721361126,0.044537111411139405,0.06107636603028308,0.00684931506849315
naive,64,0.5,0.001,0.0,90,5000,1000.0,5.0,grid,0.2139329454265382,0.955,0.054488377307721055,0.061535720648494566,0.07827320424521046,0.09405859117840684,0.04024177917939621
naive,64,0.5,0.001,0.0001,60,5000,1000.0,5.0,grid,0.39744868218482304,0.8993873517786561,0.8498579863965917,0.5337965437377516,0.04072599251448396,0.05892034233048058,0.0020038763509740154
naive,64,0.5,0.001,0.0001,90,5000,1000.0,5.0,grid,0.24390181754312623,0.9819169960474309,0.25450332610807985,0.08309282023873152,0.08476748756686549,0.05712639894667544,0.0020038763509740154
rehearsal,64,0.3,0.001,0.0,60,5000,1000.0,5.0,grid,0.7717243290332871,0.6497628458498024,0.9067007997608192,0.8090504186709424,0.7625997641549741,0.7614549045424621,0.7407772412207221
rehearsal,64,0.3,0.001,0.0,90,5000,1000.0,5.0,grid,0.8282348297655634,0.8831818181818182,0.8782233350773601,0.8345804382683057,0.7943533915540136,0.7863890717577353,0.7926809237541473
rehearsal,64,0.3,0.001,0.0001,60,5000,1000.0,5.0,grid,0.7522708657101523,0.8044664031620553,0.8401599521638389,0.7335114911811865,0.6926665869123101,0.7115865701119157,0.731234190729608
rehearsal,64,0.3,0.001,0.0001,90,5000,1000.0,5.0,grid,0.7823328445760409,0.7437549407114624,0.8292846999028328,0.7501158026011046,0.7852955753422316,0.788643844634628,0.7969022042639861
rehearsal,64,0.3,0.0005,0.0,60,5000,1000.0,5.0,grid,0.4124415208046291,0.8609288537549407,0.32769638986471333,0.25385711740602174,0.32384256490010765,0.3622448979591837,0.3460793009428074
rehearsal,64,0.3,0.0005,0.0,90,5000,1000.0,5.0,grid,0.6606503065065784,0.9434782608695652,0.7991628671799088,0.4414929627650098,0.5544921641344659,0.6002304147465438,0.6250451693439769
rehearsal,64,0.3,0.0005,0.0001,60,5000,1000.0,5.0,grid,0.783777115467969,0.9099209486166008,0.8840346812168324,0.8553714591127739,0.7691453181344317,0.6645325872284398,0.6196576984987353
rehearsal,64,0.3,0.0005,0.0001,90,5000,1000.0,5.0,grid,0.5077091775091384,0.8531422924901185,0.303479333283504,0.3961339747015856,0.5244817391007126,0.47325543120473995,0.4957622942741697
rehearsal,64,0.5,0.001,0.0,60,5000,1000.0,5.0,grid,0.7289028477766074,0.9608300395256917,0.7441139098587338,0.6657224300730448,0.670483482303078,0.6483048057932851,0.6839624191058112
rehearsal,64,0.5,0.001,0.0,90,5000,1000.0,5.0,grid,0.8333843775576505,0.9619169960474309,0.9063831377531953,0.7876714769285587,0.7784423974159589,0.7758393680052666,0.7900528891954929
rehearsal,64,0.5,0.001,0.0001,60,5000,1000.0,5.0,grid,0.7647868597275634,0.8024901185770751,0.8477464683459153,0.7018706574024586,0.7192247876540256,0.7433179723502304,0.7740711540356756
rehearsal,64,0.5,0.001,0.0001,90,5000,1000.0,5.0,grid,0.8353768534931282,0.9494268774703557,0.9280028402720681,0.8080349189381792,0.7758105036487618,0.7551514154048716,0.7958345652245327
ewc,64,0.3,0.001,0.0,60,5000,1000.0,5.0,grid,0.19050910219837647,0.6531422924901186,0.18908363853800733,0.06362016746837698,0.09780732486797805,0.10674786043449638,0.032653329391281495
ewc,64,0.3,0.001,0.0,90,5000,1000.0,5.0,grid,0.3068005880742194,0.9690316205533597,0.31549443157186635,0.30256547300908604,0.11382086032163792,0.105348913759052,0.03454222923031438
ewc,64,0.3,0.001,0.0001,60,5000,1000.0,5.0,grid,0.2950153716768837,0.946501976284585,0.5560206293444951,0.05521111704970604,0.08514347239075078,0.08283410138248848,0.04438093360927696
ewc,64,0.3,0.001,0.0001,90,5000,1000.0,5.0,grid,0.22046503815919458,0.9746837944664032,0.15115105762762537,0.053750222697309814,0.11944354246064977,0.021757735352205397,0.0020038763509740154
ewc,64,0.3,0.0005,0.0,60,5000,1000.0,5.0,grid,0.23889763895241214,0.6632608695652173,0.5551984453247627,0.07448779618742206,0.053680378719258966,0.0739466754443713,0.012811668473440426
ewc,64,0.3,0.0005,0.0,90,5000,1000.0,5.0,grid,0.20454285703617062,0.9696047430830039,0.059141191419388596,0.06666666666666667,0.057149693230564146,0.07026003949967084,0.0044348083177293786
ewc,64,0.3,0.0005,0.0001,60,5000,1000.0,5.0,grid,0.2103595918254503,0.8641304347826086,0.12428058898273414,0.059629431676465346,0.10061012082785022,0.06173469387755102,0.05177228080549259
ewc,64,0.3,0.0005,0.0001,90,5000,1000.0,5.0,grid,0.2290450225697941,0.7703557312252964,0.3742432169818372,0.10951362907536077,0.08056329362705723,0.037524687294272545,0.0020695772149403767
ewc,64,0.5,0.001,0.0,60,5000,1000.0,5.0,grid,0.24045609423967482,0.552608695652174,0.6727520741460498,0.06636379832531623,0.07878591082323587,0.05957867017774852,0.012647416313524522
ewc,64,0.5,0.001,0.0,90,5000,1000.0,5.0,grid,0.24263500301369492,0.9491304347826087,0.34152403019657673,0.04304293604133262,0.08507511151368072,0.03210994075049375,0.004927564797477087
ewc,64,0.5,0.001,0.0001,60,5000,1000.0,5.0,grid,0.26432284193124117,0.9858893280632411,0.38859406532625757,0.08138250489934082,0.09273152974552663,0.03533574720210665,0.0020038763509740154
ewc,64,0.5,0.001,0.0001,90,5000,1000.0,5.0,grid,0.22972191529554306,0.9524505928853755,0.2612676582704238,0.06509887760555852,0.07509442346145301,0.022416063199473337,0.0020038763509740154
si,64,0.3,0.001,0.0,60,5000,1000.0,5.0,grid,0.3532237380631304,0.9766798418972332,0.8564541445548994,0.053839301621236416,0.08410096901543247,0.08084265964450296,0.06742551164547814
si,64,0.3,0.001,0.0,90,5000,1000.0,5.0,grid,0.23395787138954768,0.9772727272727273,0.15075865161820765,0.051434170675218244,0.08372498419154718,0.10141540487162606,0.03914128970795966
si,64,0.3,0.001,0.0001,60,5000,1000.0,5.0,grid,0.2732983692764394,0.9465810276679842,0.4573024889752597,0.05866737929805808,0.11050535778374036,0.06473008558262014,0.0020038763509740154
si,64,0.3,0.001,0.0001,90,5000,1000.0,5.0,grid,0.17452518812746887,0.8037944664031621,0.05473129531355109,0.04657046142882594,0.0767692649496693,0.06328176431863068,0.0020038763509740154
si,64,0.3,0.0005,0.0,60,5000,1000.0,5.0,grid,0.22875506856525815,0.6515810276679842,0.3832872411988938,0.1278995189738108,0.08406678857689744,0.07880184331797235,0.04689399165599028
si,64,0.3,0.0005,0.0,90,5000,1000.0,5.0,grid,0.2927410536832759,0.9638537549407115,0.46425368114208837,0.17104934972385533,0.07006989899680413,0.058245556287030945,0.02897408100916527
si,64,0.3,0.0005,0.0001,60,5000,1000.0,5.0,grid,0.357879511188909,0.5539328063241107,0.5121459002915016,0.3438624621414573,0.3182711534188984,0.27458854509545755,0.1444761998620282
si,64,0.3,0.0005,0.0001,90,5000,1000.0,5.0,grid,0.260544457302339,0.9623320158102767,0.38698706928768967,0.04658827721361126,0.061029173004289644,0.07865371955233706,0.02767648894582964
si,64,0.5,0.001,0.0,60,5000,1000.0,5.0,grid,0.1970895263037271,0.8164426877470355,0.054488377307721055,0.056369143060751824,0.12099875241399347,0.10401579986833442,0.03022239742452613
si,64,0.5,0.001,0.0,90,5000,1000.0,5.0,grid,0.20348585737494085,0.9456916996047431,0.054488377307721055,0.05754498485658293,0.08218686445747099,0.07899934167215274,0.0020038763509740154
si,64,0.5,0.001,0.0001,60,5000,1000.0,5.0,grid,0.26902098755561626,0.958498023715415,0.3840720532177293,0.11101015499732764,0.10197733836925128,0.0553982883475971,0.003170066686376926
si,64,0.5,0.001,0.0001,90,5000,1000.0,5.0,grid,0.16191789872639611,0.7513438735177865,0.054488377307721055,0.06579369321218599,0.07611983661750381,0.021757735352205397,0.0020038763509740154
gen_replay,64,0.3,0.001,0.0,60,5000,1000.0,5.0,grid,0.74768675570184,0.9028458498023716,0.7153561551685477,0.7497594869053982,0.7495941072923966,0.6882817643186306,0.680283170723695
gen_replay,64,0.3,0.001,0.0,90,5000,1000.0,5.0,grid,0.8481543423727115,0.9703557312252964,0.9642723671425368,0.8156422590415108,0.7756396014560867,0.7831632653061225,0.7798528300647154
gen_replay,64,0.3,0.001,0.0001,60,5000,1000.0,5.0,grid,0.8705728060774761,0.9358695652173913,0.9484079527617909,0.8724924282914662,0.8435903132637191,0.8044930875576037,0.8185834893728853
gen_replay,64,0.3,0.001,0.0001,90,5000,1000.0,5.0,grid,0.8358248807264587,0.9767786561264822,0.842140668211376,0.8164439693568502,0.8089142583699349,0.7675115207373272,0.803160211556782
gen_replay,64,0.3,0.0005,0.0,60,5000,1000.0,5.0,grid,0.4494874962477706,0.48312252964426877,0.6091636146199267,0.7774095848922145,0.13256883085809992,0.21570111915734036,0.47895929831477285
gen_replay,64,0.3,0.0005,0.0,90,5000,1000.0,5.0,grid,0.7507297166120114,0.9152569169960474,0.6439008894536213,0.7432567254587564,0.7605831182814076,0.7306287030941409,0.710751946388095
gen_replay,64,0.3,0.0005,0.0001,60,5000,1000.0,5.0,grid,0.29066467555269043,0.5590711462450593,0.08169519396068466,0.20425797256369144,0.23827183702766908,0.31347926267281107,0.3472126408462271
gen_replay,64,0.3,0.0005,0.0001,90,5000,1000.0,5.0,grid,0.5946876875639399,0.9274308300395256,0.25168174004036176,0.47076429716729024,0.609710662587801,0.6266129032258064,0.681925692322854
gen_replay,64,0.5,0.001,0.0,60,5000,1000.0,5.0,grid,0.7446903411001676,0.9529446640316206,0.6674639360191345,0.7160163905220025,0.6762087057576949,0.707044107965767,0.7484642423047863
gen_replay,64,0.5,0.001,0.0,90,5000,1000.0,5.0,grid,0.8252782939796154,0.9592094861660079,0.8770834890500038,0.7691074291822555,0.7774682549177105,0.7684331797235023,0.8003679248382116
gen_replay,64,0.5,0.001,0.0001,60,5000,1000.0,5.0,grid,0.7958739615942013,0.8740118577075099,0.8292473279019359,0.804792446107251,0.777980961495736,0.7225806451612903,0.7666305311914852
gen_replay,64,0.5,0.001,0.0001,90,5000,1000.0,5.0,grid,0.8238897325453499,0.9560276679841897,0.8767471410419314,0.8013183680741137,0.7756054210175517,0.762771560236998,0.7708682369173154
naive,64,0.0,0.0005,0.0001,60,5000,1000.0,5.0,random,0.4370924998371282,0.7835177865612648,0.7196539352716944,0.597826474256191,0.3995180558166561,0.10625411454904543,0.015784632567918268
naive,64,0.0,0.001,0.0001,120,5000,2000.0,2.0,random,0.19622020744058496,0.9269169960474308,0.054488377307721055,0.0772314270443613,0.04072599251448396,0.07595457537853852,0.0020038763509740154
naive,256,0.5,0.0001,1e-05,90,2000,500.0,2.0,random,0.31915835854729085,0.975,0.568259959638239,0.09627650097986816,0.11135986874711602,0.114137590520079,0.04991623139844289
naive,64,0.5,0.0005,0.0001,60,10000,2000.0,5.0,random,0.20680911196488427,0.9474901185770751,0.05577771133866507,0.042829146623908784,0.07206945465110318,0.06971691902567478,0.052971321572878684
naive,256,0.5,0.0001,0.0,120,2000,1000.0,5.0,random,0.17400491406956617,0.7110869565217391,0.054488377307721055,0.06187422055941564,0.08917676413788389,0.08655365371955234,0.040849512171085046
naive,64,0.0,0.0001,1e-05,120,2000,1000.0,2.0,random,0.13701915964423725,0.5304545454545454,0.05572165333731968,0.0410475681453768,0.06822415531591271,0.06346280447662936,0.06320423113563943
naive,128,0.5,0.001,0.0001,60,10000,500.0,2.0,random,0.24841646444593465,0.9846245059288538,0.30480603931534495,0.07705326919650811,0.0851776528292858,0.03683344305464121,0.0020038763509740154
naive,128,0.0,0.001,0.0001,60,10000,1000.0,10.0,random,0.2813115842106462,0.9923122529644269,0.4018237536437701,0.1081952610012471,0.08524601370635586,0.09828834759710335,0.0020038763509740154
naive,128,0.0,0.0001,1e-05,60,2000,500.0,5.0,random,0.20713151210575542,0.8798616600790514,0.0572165333731968,0.06828790308213077,0.06562644198725069,0.08456221198156683,0.08723432213133603
naive,64,0.0,0.0005,0.0001,60,2000,2000.0,5.0,random,0.16035329699558323,0.6422529644268775,0.14670378952089094,0.07856761090326028,0.03419752875429392,0.04216589861751152,0.01823198975066522
naive,64,0.0,0.0001,1e-05,90,5000,2000.0,5.0,random,0.2170426790193691,0.4959881422924901,0.4696913072725914,0.061393194370212005,0.04470801360381454,0.11315009874917709,0.11732531782792943
naive,256,0.5,0.0001,0.0001,120,10000,1000.0,5.0,random,0.24129787097780245,0.9797233201581028,0.054488377307721055,0.07172634954569748,0.11212892861415412,0.12973996050032915,0.0999802897408101
rehearsal,256,0.5,0.0001,0.0001,60,5000,500.0,10.0,random,0.616698604416746,0.8826877470355731,0.6785073622841767,0.6146980224478888,0.5373335839898826,0.4868663594470046,0.5000985512959495
rehearsal,256,0.5,0.0005,0.0,60,10000,2000.0,2.0,random,0.9391746073004118,0.9858695652173913,0.9728866133492787,0.9281133083912346,0.9250422982926871,0.9111257406188282,0.9120101179330509
rehearsal,64,0.0,0.0005,0.0001,120,10000,500.0,5.0,random,0.9153575092696108,0.9293873517786562,0.9576014649824351,0.9165508640655621,0.9112163109052689,0.8770572745227123,0.9003317893630302
rehearsal,128,0.5,0.0005,0.0001,120,2000,2000.0,5.0,random,0.6515546628585726,0.9773517786561264,0.718028253232678,0.583787635845359,0.500880146292277,0.5560236998025017,0.5732564633224927
rehearsal,128,0.0,0.0005,1e-05,60,2000,2000.0,10.0,random,0.4341779553221332,0.9795256916996048,0.547481127139547,0.40146089435239624,0.30010425033753185,0.23619157340355498,0.14030419500016425
rehearsal,128,0.0,0.001,1e-05,120,2000,500.0,2.0,random,0.6789471990913934,0.9964624505928854,0.5783317138799612,0.5778906110814181,0.6322868422401859,0.6421165240289665,0.6465950527249433
rehearsal,128,0.5,0.0001,1e-05,60,2000,500.0,2.0,random,0.34344229478648197,0.48980237154150197,0.48865759772778233,0.29978621058257615,0.25777177721190164,0.2530941408821593,0.27154167077297064
rehearsal,256,0.5,0.001,0.0001,120,10000,2000.0,5.0,random,0.9383258803601319,0.9978656126482214,0.9756895134165483,0.9348120434705148,0.9212653598345667,0.8954904542462147,0.9048322985447259
rehearsal,256,0.3,0.0001,0.0,60,2000,500.0,5.0,random,0.25521234840761425,0.7763833992094862,0.1907653785783691,0.1442009620523784,0.15786235537401944,0.12998683344305464,0.13207516178837753
rehearsal,256,0.5,0.0001,0.0001,120,10000,1000.0,2.0,random,0.926928648935417,0.9587351778656127,0.9539203228940878,0.9229645465882772,0.9230598328576556,0.8907504937458854,0.9121415196609836
rehearsal,128,0.0,0.001,1e-05,60,5000,2000.0,5.0,random,0.8725493193145328,0.9839525691699604,0.9622542790941027,0.8570105113130233,0.812349392442705,0.8061553653719552,0.8135737984954502
rehearsal,256,0.3,0.0005,0.0,120,5000,1000.0,5.0,random,0.8688785885605254,0.9898616600790514,0.9163054039913296,0.8164261535720648,0.8166561276981184,0.8181863067807769,0.855835879241812
ewc,256,0.0,0.0001,0.0,60,2000,500.0,10.0,random,0.2826265190248417,0.5519762845849803,0.4196128260707078,0.22693746659540354,0.18358313537162682,0.1934660961158657,0.12018330541046615
ewc,128,0.5,0.0001,1e-05,90,5000,2000.0,2.0,random,0.7211774636591851,0.9633794466403162,0.9116899618805591,0.7632638517726705,0.6636303043768051,0.5673140223831468,0.45778719490161296
ewc,64,0.5,0.0005,0.0001,120,2000,1000.0,5.0,random,0.18431619835583377,0.8343478260869566,0.05605800134539203,0.04537680384820952,0.08480166800540051,0.08212639894667545,0.0031864919023685163
ewc,64,0.5,0.001,1e-05,120,5000,2000.0,5.0,random,0.20508976550923083,0.9796442687747036,0.06050526945212647,0.08095492606449314,0.07675217473040179,0.03067807768268598,0.0020038763509740154
ewc,128,0.5,0.0005,0.0,120,10000,2000.0,10.0,random,0.24149047267549065,0.9602766798418972,0.21580461917931085,0.04664172456796722,0.08411805923469998,0.10195852534562212,0.04014322788344667
ewc,64,0.3,0.0001,1e-05,90,10000,2000.0,10.0,random,0.4702924871734331,0.9289525691699605,0.6572426937738246,0.5015856048458934,0.2881069164117376,0.24822251481237656,0.19764462402680597
ewc,128,0.3,0.0001,1e-05,120,10000,1000.0,2.0,random,0.1917171637775887,0.9027272727272727,0.054488377307721055,0.05195082843399252,0.04927110214824056,0.048765635286372615,0.04309976676193292
ewc,128,0.3,0.0005,0.0001,90,2000,1000.0,5.0,random,0.2170022623622965,0.9451185770750988,0.054488377307721055,0.08202387315161233,0.08502384085587818,0.0977123107307439,0.03764659505272494
ewc,128,0.0,0.001,0.0001,60,10000,500.0,10.0,random,0.3232482428846193,0.9790118577075099,0.7518872860452949,0.08186353108854445,0.08507511151368072,0.03964779460171165,0.0020038763509740154
ewc,128,0.0,0.0005,1e-05,120,10000,2000.0,5.0,random,0.2542579544115075,0.9789920948616601,0.30402122729650943,0.07748084803135578,0.07294105583374634,0.09010862409479921,0.0020038763509740154
ewc,128,0.0,0.001,0.0001,120,10000,1000.0,10.0,random,0.2045932043547998,0.9944071146245059,0.054488377307721055,0.04657046142882594,0.0766496334147967,0.053439763001974984,0.0020038763509740154
ewc,128,0.5,0.0001,0.0001,60,2000,500.0,10.0,random,0.13076648640404695,0.6476482213438736,0.05508632932207191,0.02756101906288972,0.02348196127356314,0.02022712310730744,0.010594264314575736
si,256,0.3,0.0001,0.0,90,5000,500.0,5.0,random,0.26490305838880623,0.9096837944664031,0.2861200388668809,0.08095492606449314,0.11412848426845316,0.13090849242922975,0.06762261423737723
si,64,0.3,0.0001,1e-05,60,5000,500.0,2.0,random,0.3994897714132189,0.5468577075098814,0.5170416324089991,0.44858364510956705,0.36186830277032456,0.2718235681369322,0.25076377254360893
si,256,0.0,0.0001,0.0,60,2000,1000.0,10.0,random,0.19627305207980172,0.8776086956521739,0.07037147768891547,0.06194548369855692,0.05744022695811187,0.05414746543778802,0.05612496304326402
si,256,0.0,0.0001,1e-05,60,2000,500.0,2.0,random,0.16829185062345378,0.5753557312252965,0.08638538007324913,0.06117940495278817,0.08784372703501786,0.10424621461487821,0.09474064583949279
si,256,0.5,0.0005,0.0,90,2000,1000.0,2.0,random,0.25979057850762804,0.9857905138339921,0.2901375289633007,0.05332264386246214,0.08538273546049596,0.10416392363396972,0.039946125291547584
si,256,0.3,0.0005,0.0,120,10000,2000.0,2.0,random,0.26431666474558285,0.9908300395256917,0.35434262650422305,0.04657046142882594,0.07998222617196178,0.07524687294272547,0.03892776190006898
si,128,0.3,0.0005,0.0001,90,2000,2000.0,5.0,random,0.24702417064339724,0.9688339920948617,0.271544958517079,0.11608765366114378,0.0758634833284911,0.0478110599078341,0.0020038763509740154
si,128,0.5,0.0001,0.0,90,10000,1000.0,2.0,random,0.30387566176961417,0.5617391304347826,0.6380708573137006,0.39347942276857295,0.09177447746654589,0.06793943383805134,0.07025064879603167
si,64,0.5,0.001,0.0001,60,2000,2000.0,2.0,random,0.3270778578535424,0.8844664031620554,0.6546827117123851,0.24143951541065384,0.13448293541606138,0.045391705069124426,0.0020038763509740154
si,128,0.3,0.001,1e-05,120,10000,1000.0,10.0,random,0.20315780997035682,0.9974505928853755,0.054488377307721055,0.04657046142882594,0.08145198502896792,0.0369815668202765,0.0020038763509740154
si,128,0.0,0.001,0.0,90,10000,500.0,5.0,random,0.23578803656792033,0.9828063241106719,0.15614021974736528,0.04657046142882594,0.08538273546049596,0.10299539170506912,0.04083308695509346
si,256,0.5,0.0001,0.0001,60,2000,1000.0,10.0,random,0.4068917932089889,0.930296442687747,0.41793108603034607,0.2980580794584001,0.26712012715123135,0.3061389071757735,0.22180611675043527
gen_replay,64,0.3,0.0001,0.0,60,5000,2000.0,5.0,random,0.26544094322779316,0.5005731225296443,0.2782158606771807,0.2732763228220203,0.21542221386700391,0.15801514154048715,0.16714299793042278
gen_replay,64,0.5,0.0005,1e-05,90,10000,1000.0,10.0,random,0.8612210075897274,0.8530632411067194,0.7777113386650721,0.8892036344200962,0.88351306547263,0.8671165240289664,0.8967182418448802
gen_replay,64,0.5,0.001,1e-05,60,5000,500.0,5.0,random,0.7580796045421132,0.9512252964426877,0.763248374317961,0.6893996080527347,0.6987165245330098,0.7093647136273864,0.7365231102789002
gen_replay,128,0.5,0.001,1e-05,120,2000,2000.0,5.0,random,0.7153431633715309,0.9833399209486166,0.6590552358173256,0.609638339568858,0.733392579426794,0.6510204081632653,0.6556124963043264
gen_replay,64,0.3,0.0001,1e-05,120,5000,1000.0,2.0,random,0.538540918727087,0.5075691699604743,0.48897525973540623,0.5590415107785498,0.5909456018320715,0.5373436471362739,0.5473703229197464
gen_replay,256,0.5,0.0005,0.0001,120,5000,1000.0,2.0,random,0.8549641664993436,0.9878260869565217,0.8622841766948203,0.803955104222341,0.8126741066087878,0.815882159315339,0.8471633651982523
gen_replay,64,0.3,0.0001,0.0001,60,2000,1000.0,5.0,random,0.3609910571380137,0.356798418972332,0.3890612153374692,0.38259397826474256,0.38258164852255055,0.33849572086899277,0.31641536086199534
gen_replay,256,0.0,0.0005,1e-05,90,10000,1000.0,10.0,random,0.9358995351095448,0.9854940711462451,0.9766611854398685,0.9253518617495101,0.9249739374156171,0.9027978933508888,0.9001182615551394
gen_replay,256,0.0,0.001,0.0001,60,5000,500.0,5.0,random,0.8752649773595548,0.9890118577075099,0.9370468644891248,0.8531266702298236,0.8344470459555996,0.8124917709019092,0.8254656548733615
gen_replay,64,0.5,0.0005,0.0,60,5000,2000.0,5.0,random,0.5881494941646225,0.6140909090909091,0.8218102997234472,0.7334936753964012,0.3225778886743117,0.4263824884792627,0.6105417036234027
gen_replay,128,0.5,0.0005,1e-05,120,2000,2000.0,2.0,random,0.48797013194989863,0.9868181818181818,0.7740301965767247,0.3815428469624087,0.21892570881684412,0.21219552337063857,0.3543083341545941
gen_replay,256,0.0,0.0001,0.0001,60,5000,500.0,2.0,random,0.7838158319928356,0.6839525691699605,0.6579527617908663,0.8466060929983966,0.8327892946866509,0.8428077682685977,0.8387865050425413
naive,256,0.3,0.0001,1e-05,120,5000,1000.0,2.0,bayes,0.22892145601723354,0.9155138339920948,0.054488377307721055,0.06805629787992161,0.11423102558405825,0.11053324555628703,0.11070595578331856
naive,64,0.5,0.001,0.0,90,2000,500.0,10.0,bayes,0.22891054075901074,0.9701778656126482,0.20012706480304956,0.046142882593978266,0.07632491924871396,0.07868663594470046,0.0020038763509740154
naive,128,0.3,0.0001,0.0001,90,2000,1000.0,5.0,bayes,0.3756830888941722,0.9058695652173913,0.4767919874430077,0.31462675930874756,0.22008784372703502,0.1912442396313364,0.1454781380375152
naive,64,0.3,0.0005,0.0,120,5000,500.0,2.0,bayes,0.14868798020126836,0.5521343873517787,0.054488377307721055,0.08001068947087119,0.08476748756686549,0.10735681369321923,0.013370125817154495
naive,128,0.0,0.0001,0.0,120,10000,500.0,2.0,bayes,0.21743480926720068,0.5755731225296443,0.1982958367591001,0.08952431854623197,0.15564062686924274,0.16700131665569454,0.1185736342432903
naive,64,0.5,0.0001,0.0001,90,2000,1000.0,5.0,bayes,0.398105961806416,0.4740316205533597,0.46139472307347335,0.4367717797969001,0.34142840052637874,0.33535220539828836,0.33965704149009557
naive,128,0.5,0.0001,0.0001,120,2000,1000.0,5.0,bayes,0.21166325581775738,0.950296442687747,0.06814784363554825,0.04159985747372172,0.07492352126877788,0.06387425938117182,0.07113761045957755
naive,256,0.5,0.0001,0.0001,90,5000,1000.0,10.0,bayes,0.25437933390116474,0.9045059288537549,0.2651730323641528,0.07489755923748441,0.08929639567275648,0.09741606319947334,0.09498702407936664
naive,64,0.3,0.0001,1e-05,120,5000,1000.0,5.0,bayes,0.12719814968208235,0.44788537549407115,0.06510202556244861,0.05747372171744165,0.08126399261702527,0.06670506912442396,0.04475871357708354
naive,256,0.5,0.0001,0.0001,90,10000,2000.0,5.0,bayes,0.27377557705538974,0.8947826086956522,0.44633380671201134,0.0693924817388206,0.10105446652880556,0.09038841342988808,0.040701685227160736
naive,128,0.5,0.0005,0.0001,90,5000,2000.0,10.0,bayes,0.21485191507193804,0.9862252964426877,0.11557291277374991,0.04657046142882594,0.08534855502196093,0.05339038841342989,0.0020038763509740154
naive,128,0.3,0.0001,0.0001,90,10000,1000.0,10.0,bayes,0.562111966952496,0.8180434782608695,0.8521937364526496,0.6407446998040264,0.37430998239707414,0.3611751152073733,0.32620478959298316
naive,256,0.3,0.0001,0.0001,90,2000,1000.0,10.0,bayes,0.25555775243543205,0.9149802371541502,0.29966738919201735,0.052948512381970424,0.09869601626988875,0.11150427913100724,0.05555008048355836
naive,256,0.5,0.0001,0.0001,90,10000,2000.0,5.0,bayes,0.26658754961648407,0.9259881422924902,0.3057590253382166,0.1086406556208801,0.15128262095602688,0.060813034891375906,0.04704181859991459
naive,128,0.3,0.0001,0.0001,90,5000,1000.0,5.0,bayes,0.3387004266968714,0.808201581027668,0.49708498393003964,0.2856939248173882,0.28063849059183427,0.13647136273864385,0.024112217075654543
rehearsal,128,0.3,0.001,1e-05,90,10000,500.0,10.0,bayes,0.9324399078730625,0.9763241106719368,0.9715785933178862,0.9234099412079102,0.9140874677422112,0.9107307439104674,0.8985085903879636
rehearsal,64,0.3,0.0005,0.0001,60,5000,1000.0,2.0,bayes,0.6958682503097876,0.7835573122529644,0.7932767770386426,0.5471405665419562,0.6295694973766514,0.6953258722843977,0.7263394763641142
rehearsal,128,0.0,0.0005,1e-05,90,2000,2000.0,2.0,bayes,0.5597308301475095,0.9646047430830039,0.8885006353240152,0.645180830215571,0.32948233725838705,0.27040816326530615,0.26020827173877337
rehearsal,128,0.3,0.0001,1e-05,60,5000,2000.0,10.0,bayes,0.27808245774662854,0.7439130434782608,0.45904028701696686,0.12994833422412258,0.10421615709329551,0.10401579986833442,0.1273611247987911
rehearsal,128,0.5,0.0001,0.0,90,2000,1000.0,10.0,bayes,0.3756208383144615,0.4473320158102767,0.423163166155916,0.4107963655799038,0.3852477227282826,0.3446181698485846,0.24256758976380538
rehearsal,64,0.5,0.0005,1e-05,90,10000,1000.0,5.0,bayes,0.8804592249415117,0.8282806324110672,0.8926676134240227,0.9065027614466418,0.9013381641686463,0.8767939433838051,0.8771722348148878
rehearsal,256,0.3,0.0001,0.0001,120,5000,2000.0,5.0,bayes,0.775186594916069,0.7688537549407115,0.8982547275581134,0.7949225013361838,0.765129116606566,0.7008229098090849,0.723136559245754
rehearsal,128,0.3,0.0005,0.0001,90,5000,2000.0,10.0,bayes,0.8630619205485398,0.9590711462450593,0.9293856043052545,0.8510778549795118,0.8310119118828294,0.8000164581961817,0.8078085476824021
rehearsal,256,0.3,0.0005,0.0001,90,10000,1000.0,5.0,bayes,0.9349747646252274,0.9844466403162055,0.9735406233649749,0.9290397292000713,0.9202399466785158,0.8998025016458197,0.9027791465457771
rehearsal,256,0.5,0.0001,0.0001,120,10000,1000.0,10.0,bayes,0.8820968486796321,0.9725098814229249,0.7670603184094477,0.8788526634598254,0.8947584297506537,0.8886767610269914,0.8907230380079498
rehearsal,128,0.3,0.001,1e-05,120,5000,2000.0,10.0,bayes,0.8821976763543521,0.9947233201581027,0.9471186187308468,0.8188847318724389,0.8223813511527353,0.8604180381830151,0.8496599980289741
rehearsal,128,0.3,0.0005,0.0001,90,5000,1000.0,5.0,bayes,0.8520243112247091,0.9851383399209486,0.8815494431571866,0.8294494922501336,0.8268589886008237,0.7836570111915734,0.8054925922275878
rehearsal,256,0.3,0.0005,0.0001,90,5000,1000.0,10.0,bayes,0.8659157069490887,0.9815810276679842,0.9290305702967336,0.8272225191519686,0.8346179481482747,0.8037195523370638,0.8193226240925068
rehearsal,128,0.5,0.0001,1e-05,90,5000,1000.0,5.0,bayes,0.6587347787691854,0.8533596837944664,0.890425293370207,0.572813112417602,0.5531762172508673,0.5405365371955234,0.542097828586446
rehearsal,128,0.3,0.0001,1e-05,90,5000,500.0,10.0,bayes,0.4557764216185183,0.6417786561264822,0.4045145377083489,0.3634776411900944,0.39008425478098885,0.4729756418696511,0.4618277980355442
ewc,128,0.0,0.001,0.0,60,2000,500.0,5.0,bayes,0.2617674511977887,0.9773122529644269,0.3113087674714104,0.05335827543203278,0.091911199220686,0.13471033574720212,0.0020038763509740154
ewc,64,0.5,0.001,0.0001,120,10000,500.0,10.0,bayes,0.1982262510740104,0.9755731225296442,0.05471260931310262,0.04657046142882594,0.050211064207953786,0.060286372613561554,0.0020038763509740154
ewc,64,0.0,0.001,1e-05,90,2000,1000.0,10.0,bayes,0.24875640078993036,0.9823122529644269,0.23688242768517825,0.10443613041154463,0.08992873378565447,0.07697498354180382,0.0020038763509740154
ewc,256,0.5,0.0005,1e-05,60,5000,2000.0,10.0,bayes,0.2570731738144883,0.9768774703557312,0.25095298602287164,0.1692321396757527,0.08514347239075078,0.058229098090849245,0.0020038763509740154
ewc,64,0.3,0.0005,1e-05,120,10000,500.0,5.0,bayes,0.17641814919043167,0.8270750988142292,0.05598325734359818,0.04819169784429004,0.04462256250747697,0.041491112574061885,0.041145166058933674
ewc,128,0.5,0.0001,0.0001,120,10000,500.0,5.0,bayes,0.1875363612660459,0.9095059288537549,0.054488377307721055,0.05195082843399252,0.040315827252063646,0.051250822909809084,0.01770638283893433
ewc,64,0.5,0.0005,0.0001,60,5000,1000.0,10.0,bayes,0.2523403262210065,0.5521739130434783,0.42110770610658493,0.2611972207375735,0.20398885717703757,0.041902567478604345,0.033671692782760096
ewc,256,0.5,0.0005,1e-05,90,5000,1000.0,10.0,bayes,0.2195717843541171,0.9726877470355731,0.17916137229987295,0.04657046142882594,0.08382752550715225,0.03317972350230415,0.0020038763509740154
ewc,256,0.0,0.0001,0.0001,120,2000,500.0,10.0,bayes,0.2649080462827646,0.9042885375494071,0.25216757605202184,0.07872795296632816,0.12173363184249654,0.12235023041474655,0.11018034887158766
ewc,256,0.5,0.0001,1e-05,120,5000,500.0,5.0,bayes,0.21960268930774796,0.9256719367588933,0.054488377307721055,0.08122216283627294,0.10725821612291286,0.09772876892692561,0.0512466738937617
ewc,256,0.3,0.0001,0.0001,120,5000,1000.0,5.0,bayes,0.22753277021091978,0.9789130434782609,0.054488377307721055,0.06898271868875824,0.08661323124775691,0.08494075049374589,0.09125850004927565
ewc,256,0.5,0.0005,1e-05,60,5000,1000.0,10.0,bayes,0.22483004961837905,0.9818379446640316,0.13351147320427537,0.05537145911277392,0.11583750619520448,0.060418038183015145,0.0020038763509740154
ewc,256,0.5,0.0001,1e-05,60,10000,2000.0,5.0,bayes,0.22253350725346596,0.8045454545454546,0.14436803946483295,0.10505968287903082,0.08833934339377575,0.08556616194865042,0.10732236128905095
ewc,256,0.5,0.0001,1e-05,120,2000,500.0,10.0,bayes,0.22937831786860974,0.956699604743083,0.18160923835862172,0.06908961339747016,0.08584417138071881,0.08087557603686636,0.002151703294898328
ewc,256,0.0,0.0001,1e-05,120,10000,500.0,5.0,bayes,0.3637883801450201,0.9642687747035573,0.6664175199940204,0.25303759130589704,0.09512416044297849,0.10457537853851218,0.0993068558851549
si,128,0.3,0.0005,1e-05,60,2000,1000.0,5.0,bayes,0.4373521804170051,0.8587154150197629,0.8194745496673892,0.5369677534295386,0.37711277835694634,0.029838709677419355,0.0020038763509740154
si,64,0.5,0.0001,0.0001,90,10000,2000.0,10.0,bayes,0.22917416040962083,0.48790513833992094,0.488844457732267,0.1063958667379298,0.09252644711431647,0.09205069124423963,0.10732236128905095
si,256,0.3,0.0001,0.0,120,2000,2000.0,2.0,bayes,0.30370785295481073,0.9476877470355731,0.4948613498766724,0.07935150543381436,0.10107155674807308,0.1250658327847268,0.07420912585000493
si,128,0.3,0.0005,1e-05,60,10000,1000.0,5.0,bayes,0.2206229251936446,0.9234584980237154,0.2045182749084386,0.04657046142882594,0.08457949515492284,0.06259052007899935,0.0020203015669656055
si,256,0.0,0.001,0.0,120,5000,500.0,5.0,bayes,0.21397279626224142,0.9989920948616601,0.054488377307721055,0.04657046142882594,0.0746842581990327,0.06821922317314022,0.04088236260306823
si,128,0.5,0.0001,1e-05,60,5000,1000.0,10.0,bayes,0.2646258268914657,0.7152964426877471,0.5153598923686374,0.18024229467308034,0.09093705672243775,0.056863067807768265,0.029056207089123223
si,128,0.3,0.0001,0.0001,60,2000,1000.0,10.0,bayes,0.17781338031412086,0.7792292490118577,0.060561327453471855,0.05542490646712988,0.05417599507801685,0.05699473337722186,0.060494070497027035
si,64,0.3,0.0001,1e-05,120,5000,1000.0,10.0,bayes,0.2682746632419209,0.5150395256916996,0.4888257717318185,0.37359700694815606,0.06772853895715482,0.06950296247531271,0.09495417364738347
si,256,0.3,0.0005,0.0,90,2000,2000.0,5.0,bayes,0.24153942647515816,0.9823517786561264,0.17064055609537335,0.07113842864778193,0.08473330712833045,0.09965437788018433,0.04071811044315233
si,256,0.3,0.0005,1e-05,120,5000,2000.0,5.0,bayes,0.22807723506497382,0.9856521739130435,0.22333507736004185,0.04657046142882594,0.0740519200861347,0.03684990125082291,0.0020038763509740154
si,64,0.3,0.0001,0.0001,90,10000,2000.0,5.0,bayes,0.20053097768490225,0.5504150197628459,0.3828574631885791,0.08382326741492963,0.06181532309059525,0.058179723502304145,0.06609506915015932
si,64,0.3,0.0001,0.0001,120,2000,2000.0,2.0,bayes,0.20925287671844772,0.5519762845849803,0.34883025637192616,0.15061464457509352,0.07001862833900159,0.06477946017116525,0.06929798626851943
si,128,0.3,0.0005,0.0001,90,2000,1000.0,2.0,bayes,0.20870878569648388,0.9270750988142292,0.08589954406158906,0.054641011936575806,0.08134944371336285,0.10128373930217248,0.0020038763509740154
si,128,0.3,0.0005,0.0001,90,5000,2000.0,10.0,bayes,0.23919425324678192,0.9675296442687747,0.20094924882278198,0.08152503117762337,0.0852972843641584,0.0978604344963792,0.0020038763509740154
si,128,0.5,0.0001,1e-05,90,5000,1000.0,5.0,bayes,0.19016646489604627,0.5605138339920949,0.1927834666268032,0.07138784963477642,0.11433356689966333,0.13074391046741277,0.07123616175552709
gen_replay,128,0.5,0.0001,1e-05,120,10000,500.0,2.0,bayes,0.8997209932349971,0.9576086956521739,0.8992637715823305,0.8962765009798682,0.904858749337754,0.8775016458196182,0.8628165960382379
gen_replay,256,0.5,0.0005,0.0001,90,5000,1000.0,2.0,bayes,0.8594603746081749,0.986501976284585,0.9013005456312131,0.8202387315161233,0.8323449489856954,0.804970375246873,0.8114056699845603
gen_replay,64,0.0,0.0005,0.0001,60,2000,2000.0,2.0,bayes,0.5472310735960818,0.5699604743083004,0.7098437850362509,0.760555852485302,0.5503221506331927,0.378818301514154,0.31388587759929043
gen_replay,128,0.5,0.0005,0.0001,90,5000,500.0,10.0,bayes,0.8244862442503825,0.9741699604743083,0.9030570296733688,0.7623730625334046,0.7606002085006751,0.7642363396971692,0.7824808646233697
gen_replay,256,0.0,0.0005,0.0001,90,10000,500.0,5.0,bayes,0.9353006999415135,0.9893478260869565,0.9756147694147544,0.9310172813112417,0.9247688547844068,0.8937623436471362,0.897293124404586
gen_replay,256,0.3,0.0001,1e-05,90,10000,500.0,10.0,bayes,0.8574116363267299,0.921600790513834,0.722980043351521,0.8607518261179405,0.8909473108539983,0.8630678077682686,0.8851220393548175
gen_replay,128,0.3,0.0001,0.0001,120,5000,1000.0,5.0,bayes,0.6387238811330705,0.771699604743083,0.6513566036325585,0.654427222519152,0.602652402030318,0.5712639894667545,0.580943464406557
gen_replay,128,0.0,0.0005,1e-05,90,5000,1000.0,10.0,bayes,0.8305071216878162,0.963300395256917,0.8895470513491293,0.7626581150899697,0.7729222565925521,0.7897136273864385,0.8049012844518906
gen_replay,128,0.5,0.0005,1e-05,90,10000,2000.0,5.0,bayes,0.9363148700725775,0.9773517786561264,0.9605164810523955,0.9281667557455906,0.9291439509168903,0.9118499012508229,0.9108603528136395
gen_replay,128,0.3,0.0001,1e-05,90,5000,1000.0,10.0,bayes,0.23539258374373762,0.5519762845849803,0.38818297331639134,0.10481026189203635,0.12416044297848342,0.1152238314680711,0.12800170822246312
gen_replay,256,0.5,0.0005,0.0001,90,10000,2000.0,5.0,bayes,0.9371405213727964,0.9810869565217392,0.975110247402646,0.9266524140388384,0.9233332763659358,0.9090849242922976,0.9075753096153214
gen_replay,128,0.3,0.0001,1e-05,120,10000,2000.0,5.0,bayes,0.7726730429829178,0.7342885375494071,0.7641453023394873,0.7629431676465348,0.7853126655614991,0.7927913100724161,0.7965572747281626
gen_replay,64,0.3,0.0005,0.0001,90,10000,2000.0,5.0,bayes,0.892004753060311,0.7725098814229249,0.9363367964720831,0.9155888116871548,0.9240510655751714,0.8954246214614878,0.9081173417430439
gen_replay,128,0.5,0.0001,0.0001,90,10000,1000.0,5.0,bayes,0.6787415872402854,0.8212055335968379,0.5573473353763361,0.5113842864778193,0.6915899030984568,0.7323074391046741,0.7586150257875891
gen_replay,128,0.5,0.0005,1e-05,90,5000,2000.0,5.0,bayes,0.8500355272851898,0.9909288537549407,0.910680917856342,0.846570461428826,0.7912600618665937,0.7620803159973667,0.7986925528070694
naive,128,0.5,0.0005,0.0,6,10000,2000.0,5.0,hyperband,0.4936285927524524,0.5519762845849803,0.5218999925255998,0.4975948690539818,0.47801343291234427,0.4578341013824885,0.45445287605532014
naive,64,0.5,0.0001,0.0001,6,5000,500.0,10.0,hyperband,0.4880316151733816,0.5504743083003952,0.5142013603408326,0.48977373953322645,0.4697588570061354,0.4524358130348914,0.45154561282480865
naive,256,0.5,0.0005,0.0,6,10000,1000.0,2.0,hyperband,0.4534466825431767,0.5047233201581027,0.5483033111592794,0.45423124888651345,0.4012954386204775,0.40083936800526665,0.41128740842942085
naive,64,0.5,0.0005,0.0,6,10000,2000.0,10.0,hyperband,0.35026127044929006,0.5985177865612649,0.5331863367964721,0.3496882237662569,0.3233127681028148,0.14412442396313363,0.1527380835057981
naive,64,0.3,0.001,0.0,6,5000,500.0,2.0,hyperband,0.33145099895085833,0.5473913043478261,0.5502279692054712,0.26488508818813467,0.21731922820569788,0.2260533245556287,0.1828290792023915
naive,128,0.3,0.0001,1e-05,6,2000,1000.0,10.0,hyperband,0.33045604277243396,0.5338142292490119,0.48329471559907317,0.35961161589168,0.3077777587886453,0.15018104015799869,0.14805689694819488
naive,256,0.5,0.001,0.0001,6,2000,2000.0,2.0,hyperband,0.29809159785917777,0.7743873517786561,0.5620748934897974,0.19960805273472296,0.0880317194469605,0.08112244897959184,0.08332512072533754
naive,64,0.5,0.001,0.0001,6,10000,500.0,2.0,hyperband,0.2816899742377856,0.7437351778656126,0.435608042454593,0.1309638339568858,0.12971476424042522,0.12857142857142856,0.12154659833776814
naive,128,0.3,0.0001,1e-05,6,5000,1000.0,5.0,hyperband,0.2573994237729474,0.44804347826086954,0.3979183795500411,0.38726171387849634,0.12209252644711431,0.09504608294930876,0.0940343615518544
naive,64,0.5,0.0005,0.0,18,5000,2000.0,10.0,hyperband,0.5817907339404539,0.6284782608695653,0.6091075566185814,0.6063067878140032,0.5643532206518209,0.5383475971033574,0.5441509805853947
naive,256,0.0,0.0005,1e-05,18,2000,500.0,10.0,hyperband,0.5802263810334468,0.9242885375494071,0.8837170192092084,0.6081239978621058,0.43347632150120485,0.39631336405529954,0.2354390460234552
naive,256,0.3,0.0005,0.0,18,2000,2000.0,10.0,hyperband,0.40112560054463753,0.5650592885375494,0.6945399506689588,0.4068768929271334,0.18874438159041582,0.2740783410138249,0.2774547485299432
naive,128,0.5,0.0005,0.0,18,10000,500.0,2.0,hyperband,0.3711908054702527,0.7347233201581028,0.7938934150534419,0.5785854266880456,0.04076017295301899,0.039252797893350885,0.03992970007555599
naive,256,0.5,0.0005,0.0001,18,2000,1000.0,2.0,hyperband,0.33189572115753263,0.9777865612648221,0.7081620449958891,0.1066631035097096,0.08998000444345701,0.07297564186965108,0.03580697086166683
naive,64,0.5,0.0005,0.0001,18,5000,2000.0,10.0,hyperband,0.3058953995977112,0.45484189723320156,0.44102698258464756,0.2572599323000178,0.23165792217114145,0.23406846609611587,0.2165171972011432
naive,256,0.0,0.001,1e-05,54,10000,2000.0,5.0,hyperband,0.28812404346393783,0.9899407114624506,0.42054712609313105,0.2003563156957064,0.08538273546049596,0.03051349572086899,0.0020038763509740154
naive,256,0.3,0.0005,0.0,54,5000,2000.0,5.0,hyperband,0.2842886000751369,0.9764822134387352,0.4134464459227147,0.08189916265811509,0.08507511151368072,0.13104015799868335,0.017788508918892283
naive,64,0.0,0.0005,0.0001,162,5000,500.0,10.0,hyperband,0.25818159131789387,0.878498023715415,0.49889752597354065,0.04657046142882594,0.049288192367508074,0.0738314680710994,0.0020038763509740154
rehearsal,256,0.5,0.001,0.0,6,10000,1000.0,5.0,hyperband,0.8206173521376545,0.9690711462450593,0.7581470961955303,0.9059861036878675,0.811084716216909,0.7356319947333773,0.7437830557471831
rehearsal,256,0.0,0.0005,0.0001,6,10000,2000.0,10.0,hyperband,0.8011837663404852,0.832707509881423,0.821642125719411,0.6884375556743274,0.7999077128159554,0.831714944042133,0.8326927499096614
rehearsal,256,0.5,0.001,0.0,6,10000,1000.0,2.0,hyperband,0.778604813920745,0.6239525691699604,0.6984266387622393,0.8173882059504721,0.8518961598277306,0.8249835418038183,0.8549817680102494
rehearsal,256,0.3,0.0005,0.0,6,2000,500.0,2.0,hyperband,0.6733191502281334,0.7664426877470356,0.8354323940503775,0.7614288259397827,0.5986703809409875,0.5424621461487821,0.5354784665418351
rehearsal,128,0.5,0.001,1e-05,6,10000,2000.0,10.0,hyperband,0.6398344495274673,0.6722332015810276,0.6685103520442485,0.5901656867985035,0.6379266145984653,0.6191902567478604,0.6509805853946979
rehearsal,256,0.0,0.0005,0.0,6,5000,1000.0,5.0,hyperband,0.5665827117089373,0.48367588932806327,0.4697286792734883,0.6213076786032424,0.5986020200639174,0.6181369321922318,0.6080450707926809
rehearsal,256,0.0,0.0005,0.0,6,5000,500.0,10.0,hyperband,0.5212005106875643,0.5013241106719367,0.46524403916585694,0.49877071084981295,0.5087587373746005,0.5603851217906517,0.5927203442725272
rehearsal,128,0.3,0.0005,0.0001,6,10000,2000.0,5.0,hyperband,0.5052998099676141,0.6525098814229249,0.6546266537110397,0.6518439337252806,0.36174867123545196,0.33890717577353524,0.3721625439374528
rehearsal,128,0.0,0.0005,0.0001,6,2000,1000.0,2.0,hyperband,0.4748546302332748,0.5639723320158103,0.6214776889154645,0.4762337430963834,0.4333737801855998,0.3795424621461488,0.37452777504024176
rehearsal,128,0.5,0.001,0.0,18,5000,2000.0,5.0,hyperband,0.8219249843203027,0.868596837944664,0.884221541221317,0.8310172813112418,0.8228086066344231,0.764795918367347,0.7601097204428239
rehearsal,256,0.0,0.001,0.0,18,5000,2000.0,10.0,hyperband,0.7956677992331366,0.9734189723320158,0.7215038493160923,0.7489755923748441,0.7734178729513099,0.7740289664252797,0.7826615419992773
rehearsal,256,0.3,0.0005,1e-05,18,5000,500.0,5.0,hyperband,0.7765231639550377,0.9755335968379447,0.6908961805815084,0.7905576340637805,0.7576436005673953,0.7256912442396314,0.7188167274399658
rehearsal,128,0.0,0.0005,0.0001,18,5000,1000.0,2.0,hyperband,0.7636859656904756,0.8243478260869566,0.9284139322819344,0.5932300017815785,0.7384000136721754,0.7412606978275181,0.7564633224926908
rehearsal,256,0.5,0.0005,0.0,18,5000,500.0,5.0,hyperband,0.6972604669093108,0.619308300395257,0.9216309141191419,0.7268662034562623,0.6620409139849264,0.6210335747202107,0.6326828947800663
rehearsal,128,0.5,0.0005,1e-05,18,5000,2000.0,2.0,hyperband,0.5890084580148057,0.46768774703557314,0.4972718439345242,0.6114911811865312,0.682207372720592,0.6676431863067808,0.6077494169048323
rehearsal,256,0.3,0.001,1e-05,54,10000,1000.0,5.0,hyperband,0.9356353734823791,0.982193675889328,0.9735779953658719,0.9253340459647248,0.9248201254422094,0.9077024358130349,0.9001839624191058
rehearsal,256,0.0,0.001,1e-05,54,10000,500.0,5.0,hyperband,0.9351264716519859,0.9940118577075099,0.9704200612900815,0.9217530732228755,0.9269393126313811,0.8982389730085583,0.8993955520515095
rehearsal,256,0.0,0.0005,0.0001,162,10000,500.0,10.0,hyperband,0.9383177859446716,0.9976086956521739,0.9779131474699155,0.9316586495635133,0.9233332763659358,0.8986998025016458,0.9006931441148451
ewc,256,0.3,0.001,1e-05,6,10000,2000.0,2.0,hyperband,0.6332673499304711,0.7525098814229249,0.7767770386426489,0.6240156778906111,0.49829952318288245,0.521774193548387,0.6262277848953713
ewc,128,0.5,0.001,0.0,6,5000,500.0,5.0,hyperband,0.5673642219734426,0.8541501976284585,0.8461581583077958,0.7689649029039729,0.31656213149214707,0.29820605661619487,0.32014388489208634
ewc,128,0.0,0.001,0.0001,6,5000,1000.0,5.0,hyperband,0.4575536055336454,0.5237747035573123,0.5257119366170865,0.4867806876892927,0.4099601797891067,0.4053159973666886,0.3937781281823856
ewc,256,0.0,0.001,0.0001,6,5000,500.0,5.0,hyperband,0.4290021310046635,0.9753162055335969,0.7208124672994992,0.38277213611259575,0.3318578777365714,0.10849242922975642,0.05476167011596202
ewc,64,0.3,0.001,0.0,6,2000,1000.0,10.0,hyperband,0.411980469015024,0.5512845849802371,0.44184916660438,0.40012471049349724,0.370208329772871,0.3588874259381172,0.3495285963010414
ewc,64,0.5,0.0005,1e-05,6,10000,500.0,10.0,hyperband,0.4009779838187189,0.5438735177865612,0.4532289408774946,0.37872795296632816,0.3552031172559944,0.3382488479262673,0.3365855260996682
ewc,64,0.0,0.0005,0.0001,6,10000,2000.0,10.0,hyperband,0.4009615465919571,0.4480237154150198,0.42269601614470437,0.4015677890611081,0.3879650675918172,0.3733377221856485,0.3721789691534444
ewc,128,0.0,0.001,0.0,6,5000,2000.0,2.0,hyperband,0.39821711086435013,0.5113833992094862,0.4977203079452874,0.4557277748084803,0.3311059080888008,0.2972514812376564,0.29611379389638975
ewc,64,0.0,0.0001,1e-05,6,5000,1000.0,5.0,hyperband,0.3838405130488986,0.8830434782608696,0.5643172135436131,0.2257438090147871,0.21429425939534805,0.20702764976958526,0.20861666830918826
ewc,64,0.3,0.0001,0.0,18,5000,1000.0,5.0,hyperband,0.42880473413355497,0.6072727272727273,0.5024665520591972,0.4758596116158917,0.4173602447319399,0.2850888742593812,0.2847803948621924
ewc,64,0.3,0.0001,1e-05,18,10000,1000.0,2.0,hyperband,0.40945154856869453,0.44903162055335966,0.43403841841692203,0.4146623908783182,0.4003896569992993,0.37955892034233046,0.3790282842219375
ewc,64,0.3,0.001,0.0001,18,2000,500.0,5.0,hyperband,0.3636463165441144,0.6783596837944664,0.45048209881157036,0.3473365401745947,0.28561174439868064,0.2195687952600395,0.20051903682533426
ewc,64,0.0,0.0001,0.0001,18,10000,2000.0,5.0,hyperband,0.34468951604831494,0.5518774703557312,0.37172060692129455,0.34812043470514875,0.27289662126365083,0.26282093482554314,0.2607010282185211
ewc,128,0.0,0.0005,1e-05,18,5000,500.0,2.0,hyperband,0.3325935523677414,0.8862845849802371,0.8503811944091486,0.09604489577765901,0.06653222360842889,0.05785055957867018,0.03846785585230446
ewc,128,0.0,0.0001,0.0001,18,10000,2000.0,5.0,hyperband,0.33259143158419585,0.5059288537549407,0.5123701322968832,0.28877605558524855,0.2442534137712987,0.22959183673469388,0.2146282973621103
ewc,64,0.0,0.0001,0.0,54,5000,500.0,2.0,hyperband,0.44957387402848176,0.47274703557312253,0.48832124971970997,0.4694637448779619,0.44472168577922855,0.4142857142857143,0.40790381393515324
ewc,64,0.0,0.001,0.0,54,10000,1000.0,2.0,hyperband,0.3525085117537153,0.7781620553359684,0.8329845279916287,0.3564582219846784,0.08117854152068771,0.061570111915734034,0.004697611773594823
ewc,256,0.3,0.0001,0.0001,162,10000,1000.0,5.0,hyperband,0.22957302194369886,0.9908498023715415,0.11964646087151506,0.0786745056119722,0.05839727923709261,0.07172481895984201,0.058145264610229626
si,64,0.3,0.0005,1e-05,6,5000,500.0,5.0,hyperband,0.6274175411514543,0.7001383399209486,0.6808057403393377,0.6311776233743096,0.5907746996393963,0.5825378538512179,0.5790709897835157
si,256,0.5,0.0005,0.0001,6,10000,500.0,2.0,hyperband,0.6054417641420424,0.7144268774703557,0.707993870991853,0.7083734188491003,0.6715601661169313,0.5007899934167215,0.3295062580072928
si,64,0.0,0.001,0.0001,6,2000,2000.0,2.0,hyperband,0.5626688860667927,0.5497430830039526,0.5816017639584423,0.5995189738107963,0.6031309281698084,0.5342165898617511,0.5078019775960054
si,128,0.3,0.0001,0.0001,6,5000,500.0,5.0,hyperband,0.4980144210304201,0.5724308300395257,0.5315232827565588,0.5149118118653127,0.5031873258933912,0.43309743252139565,0.43293584310633687
si,128,0.0,0.0005,0.0,6,2000,500.0,10.0,hyperband,0.46319276483454797,0.5519762845849803,0.5218999925255998,0.4567789061108142,0.42805872199340317,0.41140552995391705,0.409037153838573
si,64,0.3,0.0001,1e-05,6,5000,2000.0,2.0,hyperband,0.4615248948402923,0.5529644268774704,0.501046416025114,0.4715481916978443,0.42648642182079194,0.4091836734693878,0.40792023915114484
si,64,0.3,0.0005,0.0,6,5000,2000.0,5.0,hyperband,0.4055566277025911,0.5519762845849803,0.47501681740040363,0.4251737039016569,0.35253704305026234,0.3164911125740619,0.3121448047041819
si,128,0.0,0.0001,1e-05,6,10000,1000.0,5.0,hyperband,0.4005512420817585,0.44681818181818184,0.42275207414604976,0.40309994655264564,0.3866662109274862,0.37249835418038185,0.371472684865806
si,256,0.3,0.0001,0.0,6,10000,2000.0,2.0,hyperband,0.37529616170426117,0.4750395256916996,0.4562934449510427,0.343399251737039,0.3367285902278126,0.32564186965108627,0.3146742879668868
si,64,0.5,0.001,0.0001,18,5000,500.0,10.0,hyperband,0.5760752022685881,0.6323913043478261,0.7703864264892742,0.63509709602708,0.5168595013074018,0.48629032258064514,0.4154265628593016
si,128,0.3,0.0001,0.0,18,10000,1000.0,10.0,hyperband,0.5192580658998734,0.5519762845849803,0.5498542491965019,0.5301086762871905,0.5084169329892503,0.48897300855826203,0.48621924378305575
si,64,0.5,0.0005,1e-05,18,5000,1000.0,5.0,hyperband,0.4393628026457532,0.5421343873517787,0.564877793557067,0.5101371815428469,0.48472988908447695,0.2631500987491771,0.2711474655891725
si,256,0.3,0.0005,0.0001,18,10000,2000.0,5.0,hyperband,0.42212213831556156,0.9598023715415019,0.8489797443755138,0.5805986103687868,0.051937176353972624,0.061668861092824226,0.029746066160770013
si,256,0.5,0.0001,0.0001,18,10000,500.0,5.0,hyperband,0.36136500805438215,0.5519762845849803,0.4774459974587039,0.403901656867985,0.3114008852733581,0.2328670177748519,0.19059820636641372
si,256,0.5,0.0005,1e-05,18,5000,500.0,10.0,hyperband,0.33592911533379266,0.9824308300395257,0.5335974288063383,0.08888295029396046,0.11520516808230649,0.1565009874917709,0.13895732728885385
si,256,0.3,0.0001,0.0,54,10000,1000.0,2.0,hyperband,0.5647221756782466,0.8316403162055336,0.8258651618207639,0.7576696953500802,0.35968075470408284,0.30913429888084265,0.30434282710817645
si,64,0.3,0.0005,0.0001,54,5000,500.0,2.0,hyperband,0.3462786470400319,0.971304347826087,0.927031168248748,0.051523249599144845,0.04443457009553432,0.04305464121132324,0.04032390525935416
si,128,0.5,0.0001,0.0,162,10000,500.0,2.0,hyperband,0.33309689532909853,0.5576679841897233,0.47742731145825545,0.2976483164083378,0.16481807461589731,0.2301678736010533,0.2708518117013239
gen_replay,128,0.5,0.001,1e-05,6,5000,2000.0,2.0,hyperband,0.7355719957277022,0.8607114624505929,0.8418416922042006,0.838161411010155,0.7426212978312512,0.5779624753127057,0.5521336355573075
gen_replay,256,0.5,0.0005,1e-05,6,10000,2000.0,2.0,hyperband,0.6000347772282738,0.7111264822134388,0.8571455265714927,0.4481204347051488,0.42517047493719345,0.5546741277156023,0.6039716172267665
gen_replay,256,0.5,0.001,0.0,6,5000,1000.0,10.0,hyperband,0.5731790968481375,0.9438537549407114,0.8149899095597578,0.3913771601639052,0.4119084647856032,0.43592824226464777,0.4410170493741993
gen_replay,128,0.0,0.001,0.0,6,2000,500.0,2.0,hyperband,0.5249742004818492,0.6129249011857707,0.690279542566709,0.7287012292891502,0.3927503289867209,0.36859776168531927,0.3565914391774252
gen_replay,64,0.3,0.0005,1e-05,6,10000,500.0,10.0,hyperband,0.4663179432093794,0.5519762845849803,0.5218999925255998,0.49410297523605917,0.4200434091569395,0.40506912442396314,0.40481587332873425
gen_replay,256,0.0,0.0005,1e-05,6,5000,2000.0,2.0,hyperband,0.4617488498910518,0.6022727272727273,0.8400478361611481,0.580224478888295,0.22181395587305386,0.25488808426596443,0.27124601688512207
gen_replay,256,0.5,0.0005,0.0,6,10000,2000.0,2.0,hyperband,0.4491455623635128,0.5349802371541502,0.423406084161746,0.32829146623908784,0.40992599935057167,0.4479427254772877,0.5503268617982326
gen_replay,256,0.0,0.001,0.0001,6,2000,1000.0,2.0,hyperband,0.41240951236191165,0.8061264822134387,0.7794865087076762,0.385961161589168,0.24421923333276366,0.14723502304147465,0.11142866528694852
gen_replay,128,0.0,0.0001,0.0001,6,2000,2000.0,2.0,hyperband,0.3830074191386495,0.5183794466403162,0.39862844756708277,0.35654730090860504,0.34517115854596414,0.33810072416063197,0.3412174370092967
gen_replay,256,0.5,0.001,1e-05,18,10000,1000.0,10.0,hyperband,0.9260077300210318,0.9696245059288537,0.9508931908214365,0.9108498129342597,0.9203595782133884,0.8898946675444371,0.9144246246838146
gen_replay,256,0.0,0.0005,1e-05,18,10000,1000.0,2.0,hyperband,0.9133287164901575,0.9722332015810277,0.922116750130802,0.9136825227151256,0.90619178644062,0.8792791310072416,0.8864689070661279
gen_replay,256,0.5,0.0005,0.0001,18,10000,500.0,10.0,hyperband,0.8494837087515813,0.9044664031620553,0.7390686897376485,0.7788348476750401,0.8890673867345718,0.8907834101382488,0.8946815150619231
gen_replay,256,0.0,0.001,1e-05,18,5000,2000.0,2.0,hyperband,0.8256508009489997,0.9792292490118577,0.8997122355930937,0.7924995546053804,0.767060311383795,0.752402896642528,0.7630005584573437
gen_replay,128,0.0,0.0005,1e-05,18,10000,2000.0,2.0,hyperband,0.7073599149732988,0.6709881422924902,0.7439831078555946,0.655656511669339,0.6425238835814263,0.7116359447004609,0.8193718997404816
gen_replay,64,0.5,0.0001,0.0001,18,10000,500.0,2.0,hyperband,0.5467768629432231,0.6250395256916996,0.6201696688840721,0.5499554605380367,0.48922461675183293,0.49201777485187626,0.5042541309418219
gen_replay,128,0.0,0.001,0.0,54,5000,500.0,5.0,hyperband,0.8447482419356547,0.9839723320158102,0.9319082143657972,0.7863887404240156,0.7697092953702596,0.7932356813693219,0.8032751880687231
gen_replay,128,0.3,0.0005,0.0001,54,5000,500.0,2.0,hyperband,0.8078887065894674,0.8860276679841897,0.9029635996711264,0.7947977908426866,0.7674021157691453,0.7381994733377222,0.7579415919319339
gen_replay,64,0.3,0.001,0.0,162,5000,500.0,5.0,hyperband,0.8856212324379874,0.9919169960474308,0.9492488227819718,0.8164617851416355,0.8606805325312323,0.8484858459512837,0.8469334121743701
naive,256,0.5,0.0001,1e-05,90,5000,2000.0,10.0,pbt,0.20374393611524325,0.918399209486166,0.054525749308617984,0.0582398004632104,0.07036043272435186,0.08994404213298222,0.030994382576130877
naive,256,0.0,0.0001,0.0,60,5000,500.0,2.0,pbt,0.206752325067756,0.8065415019762846,0.21799088123178115,0.07655442722251915,0.04510108864696734,0.04720210664911126,0.04712394467987254
naive,128,0.5,0.0005,0.0001,90,5000,1000.0,2.0,pbt,0.2833320744596503,0.9758695652173913,0.4895171537484117,0.07461250668091929,0.08519474304855332,0.0727946017116524,0.0020038763509740154
naive,128,0.5,0.0005,0.0,120,2000,2000.0,10.0,pbt,0.212590299367001,0.9858695652173913,0.054488377307721055,0.04657046142882594,0.0851776528292858,0.10143186306780777,0.0020038763509740154
naive,128,0.5,0.0001,1e-05,90,2000,1000.0,2.0,pbt,0.18995872917560064,0.568399209486166,0.11243366469840796,0.09453055407090682,0.14239570693692,0.1425608953258723,0.07943234453533064
naive,64,0.0,0.0005,0.0,90,5000,500.0,10.0,pbt,0.4371063347343753,0.948596837944664,0.8857164212571941,0.6078745768751114,0.07615401705603883,0.06359447004608294,0.040701685227160736
naive,64,0.0,0.0005,0.0,90,5000,500.0,10.0,pbt,0.21838701146351225,0.6492094861660079,0.33991703415800884,0.08047389987528951,0.08165706766017808,0.10794930875576036,0.05111527216582898
naive,128,0.5,0.001,0.0001,90,5000,1000.0,2.0,pbt,0.2169825817407409,0.9858695652173913,0.13506241124149787,0.08617495100659184,0.07102695127578487,0.021757735352205397,0.0020038763509740154
naive,128,0.5,0.0005,0.0001,120,2000,2000.0,10.0,pbt,0.22058668434885317,0.987509881422925,0.16172733388145602,0.04657046142882594,0.0841351494539675,0.04157340355497038,0.0020038763509740154
naive,64,0.0,0.0005,0.0,120,5000,500.0,10.0,pbt,0.21323691517560953,0.9745454545454545,0.054488377307721055,0.05647603776946374,0.07731615196622972,0.11119157340355497,0.005403896061233205
naive,64,0.3,0.001,1e-05,60,5000,1000.0,2.0,pbt,0.33960653401090807,0.9671739130434782,0.8446259062710217,0.06928558703010868,0.09279989062259669,0.06119157340355497,0.0025623336946880852
naive,128,0.5,0.0005,0.0001,120,2000,2000.0,10.0,pbt,0.20077442213873373,0.9907312252964426,0.054488377307721055,0.04657046142882594,0.08251157862355374,0.028341013824884794,0.0020038763509740154
rehearsal,128,0.3,0.0005,0.0,90,2000,1000.0,10.0,pbt,0.46911649362771096,0.9873320158102766,0.7409186037820464,0.40301086762871907,0.11547861159058671,0.2989466754443713,0.26901218751026573
rehearsal,256,0.3,0.0005,0.0001,60,5000,1000.0,10.0,pbt,0.8719679472003645,0.9738142292490118,0.9458105986994544,0.8398182789951898,0.8220737272059201,0.8197333772218565,0.8305574718307546
rehearsal,64,0.5,0.0005,0.0001,60,2000,1000.0,5.0,pbt,0.36506219616272784,0.6398814229249011,0.8295089319082144,0.2839301621236415,0.07969169244441406,0.121724818959842,0.23563614861535429
rehearsal,128,0.3,0.0001,0.0,90,10000,500.0,5.0,pbt,0.7583044521982236,0.7400197628458498,0.7521675760520218,0.7760912168181008,0.7008186215029139,0.786685319289006,0.7940442166814493
rehearsal,256,0.0,0.0005,0.0001,90,5000,1000.0,2.0,pbt,0.868363504125999,0.989505928853755,0.9153337319680096,0.8406199893105292,0.8295421530258233,0.8195194206714944,0.8156598009263821
rehearsal,64,0.5,0.001,1e-05,90,5000,1000.0,5.0,pbt,0.7891472636384539,0.933498023715415,0.800097167202332,0.7328344913593444,0.7697434758087947,0.7417050691244239,0.7570053546204133
rehearsal,256,0.3,0.0001,0.0,120,5000,1000.0,10.0,pbt,0.7773305287621094,0.9527667984189724,0.9104753718514089,0.7003384999109211,0.7006818997487738,0.678604344963792,0.7211162576787885
rehearsal,256,0.0,0.001,0.0001,60,2000,1000.0,2.0,pbt,0.7199661894696341,0.985,0.7928656850287764,0.6611259575984322,0.6169398253379591,0.628439763001975,0.6354259058506619
rehearsal,64,0.5,0.0001,1e-05,120,10000,1000.0,5.0,pbt,0.5773281039088809,0.8962450592885376,0.4408961805815083,0.5730447176198111,0.4290157742723839,0.5414581961816984,0.5833086955093459
rehearsal,256,0.3,0.0005,0.0001,60,5000,1000.0,10.0,pbt,0.8637565816529783,0.974703557312253,0.9549293669183048,0.8316764653482986,0.8093073334130877,0.8039499670836077,0.807972799842318
rehearsal,256,0.0,0.0005,1e-05,90,5000,1000.0,2.0,pbt,0.8731290236742812,0.9856126482213439,0.9529112788698707,0.8365401745946909,0.8203988857177038,0.8202435813034892,0.8230675733385894
rehearsal,128,0.5,0.0001,1e-05,90,10000,1000.0,5.0,pbt,0.6136208155352879,0.7648814229249011,0.38020405112489725,0.6090504186709425,0.5600293951771401,0.6456056616194865,0.7219539436943596
ewc,256,0.0,0.0001,1e-05,90,2000,500.0,2.0,pbt,0.3023451527008254,0.8437747035573122,0.6907653785783691,0.05562088009976839,0.07514569411925555,0.07430875576036866,0.07445550408987878
ewc,64,0.5,0.001,0.0,120,5000,500.0,10.0,pbt,0.23401551075752147,0.9935375494071146,0.16638014799312356,0.04657046142882594,0.06337053304393896,0.09391046741277156,0.04032390525935416
ewc,256,0.5,0.001,1e-05,90,2000,500.0,5.0,pbt,0.22686542105533672,0.9891897233201581,0.24572090589730175,0.04657046142882594,0.04072599251448396,0.0369815668202765,0.0020038763509740154
ewc,128,0.0,0.0005,1e-05,60,5000,2000.0,10.0,pbt,0.2677382207151175,0.9490711462450593,0.36850661484415875,0.07341884910030287,0.09310751456941192,0.10166227781435155,0.020662921717420586
ewc,256,0.5,0.001,0.0001,90,2000,2000.0,5.0,pbt,0.23101508340745322,0.9961067193675889,0.2437215038493161,0.04657046142882594,0.07143711653820518,0.026250822909809086,0.0020038763509740154
ewc,256,0.5,0.0005,1e-05,90,10000,2000.0,5.0,pbt,0.20011759223608258,0.9719169960474309,0.05633829135211899,0.04657046142882594,0.0853143745834259,0.03856155365371955,0.0020038763509740154
ewc,128,0.0,0.001,1e-05,90,2000,1000.0,2.0,pbt,0.20084820379245727,0.9703359683794467,0.054488377307721055,0.04657046142882594,0.08300719498231163,0.04868334430546412,0.0020038763509740154
ewc,256,0.0,0.001,0.0,60,5000,1000.0,10.0,pbt,0.2651153951172699,0.9882806324110672,0.37000149488003586,0.0600391947265277,0.08522892348708834,0.08513824884792627,0.0020038763509740154
ewc,64,0.5,0.0005,0.0,90,5000,500.0,10.0,pbt,0.18282184382648733,0.8553162055335969,0.054768667314448016,0.06016390522002494,0.08832225317450823,0.036356155365371956,0.0020038763509740154
ewc,256,0.0,0.001,1e-05,90,2000,500.0,2.0,pbt,0.2811975260244025,0.9975889328063241,0.4094663278271919,0.1612150365223588,0.04072599251448396,0.07618499012508229,0.0020038763509740154
ewc,64,0.0,0.0001,1e-05,60,5000,2000.0,10.0,pbt,0.1539429394755202,0.5868181818181818,0.08027505792660139,0.0661500089078924,0.06388323962196435,0.061224489795918366,0.06530665878256299
ewc,64,0.0,0.001,0.0,120,5000,1000.0,10.0,pbt,0.2346562088301528,0.9528656126482213,0.12958741311009792,0.12064849456618564,0.07958915112880899,0.08411784068466097,0.04112874084294209
si,128,0.5,0.0001,0.0,90,10000,2000.0,10.0,pbt,0.2103371104418813,0.858794466403162,0.09236490021675761,0.06926777124532335,0.07620528771384137,0.09252797893350889,0.07286225813869453
si,256,0.3,0.001,0.0001,60,10000,2000.0,10.0,pbt,0.30847602163694926,0.9967786561264822,0.38943493534643847,0.35034740780331375,0.08536564524122844,0.026925608953258722,0.0020038763509740154
si,64,0.0,0.001,0.0001,120,10000,1000.0,10.0,pbt,0.21127064138694593,0.9844664031620554,0.054488377307721055,0.050169249955460536,0.08539982567976347,0.09109611586570111,0.0020038763509740154
si,256,0.5,0.001,1e-05,60,5000,1000.0,5.0,pbt,0.26516480461487707,0.98,0.41146572987517754,0.090361660431142,0.08539982567976347,0.021757735352205397,0.0020038763509740154
si,64,0.5,0.001,1e-05,60,5000,500.0,5.0,pbt,0.1763336698987963,0.8026679841897233,0.0747626877943045,0.05770532691965081,0.04178558610906978,0.04376234364713628,0.03731809073289314
si,128,0.0,0.0001,0.0,90,2000,2000.0,5.0,pbt,0.29301739753712736,0.7637747035573123,0.5310935047462441,0.21166933903438445,0.08731393023772495,0.08234035549703753,0.08191255215006077
si,128,0.5,0.001,0.0001,120,10000,2000.0,10.0,pbt,0.21821133268372261,0.9845454545454545,0.16097989386351746,0.04657046142882594,0.0407772631722865,0.07439104674127715,0.0020038763509740154
si,128,0.0,0.0001,0.0,90,2000,2000.0,2.0,pbt,0.3237629143989038,0.6144466403162056,0.4801554675237312,0.23981827899518973,0.20537316493770616,0.20730743910467414,0.19547649551591603
si,256,0.5,0.0005,0.0001,60,5000,1000.0,5.0,pbt,0.22771230239803897,0.9722134387351778,0.22817475147619404,0.052948512381970424,0.08914258369934887,0.021790651744568797,0.0020038763509740154
si,64,0.0,0.0001,1e-05,90,2000,2000.0,5.0,pbt,0.2274133816714979,0.5649802371541502,0.49800059795201435,0.1059504721182968,0.07124912412626254,0.062491770901909154,0.061808087776354256
si,256,0.5,0.0001,0.0001,90,10000,2000.0,2.0,pbt,0.39464696131400334,0.9827667984189723,0.8135137155243292,0.3994120791020844,0.09560268658246886,0.047037524687294274,0.02954896356887093
si,128,0.3,0.001,0.0,90,2000,2000.0,2.0,pbt,0.21040394397190262,0.981403162055336,0.058206891396965395,0.04657046142882594,0.08534855502196093,0.08889071757735352,0.0020038763509740154
gen_replay,128,0.3,0.0001,0.0001,60,10000,500.0,5.0,pbt,0.4276448238041426,0.6743280632411067,0.38575379325809106,0.21605202209157312,0.3980653871789175,0.40683015141540485,0.4848395256397622
gen_replay,256,0.3,0.0005,0.0,120,10000,2000.0,2.0,pbt,0.9349743347502532,0.9910079051383399,0.9751476194035429,0.9248173882059505,0.9174542409379113,0.9014976958525346,0.8999211589632403
gen_replay,256,0.0,0.001,1e-05,60,10000,1000.0,5.0,pbt,0.9354262311082203,0.9906719367588933,0.9757455714178938,0.9260466773561375,0.9187872780407773,0.9025181040157999,0.8987878190598206
gen_replay,64,0.0,0.0001,0.0,90,10000,1000.0,10.0,pbt,0.20575846887819374,0.7884584980237154,0.09490619627774871,0.1272581507215393,0.06979645548852392,0.07241606319947334,0.08171544955816169
gen_replay,256,0.0,0.001,0.0,60,10000,1000.0,10.0,pbt,0.9279281719465304,0.9878853754940712,0.9693736452649675,0.8824336362016747,0.9171978876488985,0.9076036866359447,0.9030748004336258
gen_replay,64,0.0,0.001,0.0001,90,2000,1000.0,5.0,pbt,0.48948351541387064,0.983201581027668,0.5029337020704089,0.6065918403705683,0.16586057799121562,0.3039005924950625,0.37441279852830067
gen_replay,256,0.3,0.0005,1e-05,120,2000,1000.0,5.0,pbt,0.690745799907222,0.9896837944664032,0.7173929292174303,0.5363976483164083,0.6418744552492609,0.6238314680710995,0.6352945041227293
gen_replay,256,0.0,0.0005,0.0,120,5000,2000.0,2.0,pbt,0.8663147544802196,0.9921541501976284,0.9189961880559085,0.8044717619811153,0.8187582246680225,0.8090684660961158,0.8544397358825269
gen_replay,256,0.0,0.001,0.0,90,10000,1000.0,10.0,pbt,0.934591460984417,0.9972529644268775,0.972737125345691,0.9232139675752717,0.9071146582810657,0.899835418038183,0.907394632239414
gen_replay,256,0.3,0.001,0.0,60,5000,1000.0,5.0,pbt,0.8578155428840427,0.985098814229249,0.8958255474998131,0.7967040798147158,0.8350793840684976,0.8071922317314022,0.8269931999605795
gen_replay,256,0.3,0.0001,0.0001,120,10000,2000.0,2.0,pbt,0.8841875216873171,0.7245454545454545,0.9474549667389192,0.9141991804738999,0.9173175191837711,0.8975312705727452,0.9040767386091128
gen_replay,64,0.5,0.001,0.0,120,10000,1000.0,10.0,pbt,0.9253076259709515,0.9680039525691699,0.9677666492263995,0.926794940317121,0.8971852408866405,0.8961158657011191,0.8959791071252587
naive,256,0.3,0.001,0.0,120,2000,2000.0,2.0,ga,0.20436246270358296,0.9984189723320158,0.054488377307721055,0.04657046142882594,0.06424213422658212,0.06045095457537854,0.0020038763509740154
naive,64,0.0,0.0001,0.0,120,10000,1000.0,2.0,ga,0.3296803810989162,0.6274505928853755,0.5912063681889529,0.25163014430785674,0.22540290191923162,0.2098913759052008,0.07250090338687953
naive,256,0.3,0.0005,0.0,60,2000,1000.0,5.0,ga,0.23171624488113007,0.9699802371541502,0.16880932805142387,0.06025298414395154,0.08539982567976347,0.10385121790651744,0.0020038763509740154
naive,128,0.0,0.001,0.0,90,5000,500.0,10.0,ga,0.22919954648752475,0.982509881422925,0.13209133717019209,0.04657046142882594,0.08461367559345787,0.08898946675444372,0.0404224565553037
naive,64,0.3,0.0001,0.0,90,10000,2000.0,5.0,ga,0.21862506235829257,0.37790513833992095,0.3456910082965842,0.33217530732228756,0.08721138892211987,0.09758064516129032,0.07118688610755232
naive,128,0.5,0.0001,0.0001,90,2000,1000.0,2.0,ga,0.2182510494564468,0.5556324110671936,0.41761342402272217,0.05948690539818279,0.09473108539982568,0.09106319947333773,0.09097927137741861
naive,256,0.5,0.0005,0.0,90,5000,1000.0,5.0,ga,0.21649895356655366,0.9858498023715415,0.05458180730996338,0.07810440049884197,0.08538273546049596,0.09307109940750494,0.0020038763509740154
naive,256,0.3,0.0001,0.0001,120,10000,2000.0,2.0,ga,0.22036247112244053,0.9673517786561265,0.06031840944764183,0.06652414038838411,0.08555363765317109,0.10026333113890717,0.042163529450412275
naive,128,0.3,0.0001,0.0,90,5000,500.0,10.0,ga,0.19883016811727527,0.5482411067193675,0.4389715225353165,0.04731872438980937,0.04532326149744501,0.043943383805134954,0.0691830097565783
naive,128,0.3,0.001,0.0,60,2000,1000.0,2.0,ga,0.336438267121887,0.9784189723320158,0.7038829508931909,0.17170853376091216,0.10881342607625656,0.05380184331797235,0.0020038763509740154
naive,256,0.3,0.0001,0.0001,120,10000,2000.0,2.0,ga,0.249255856637185,0.9342292490118577,0.24276851782644443,0.08170318902547657,0.08522892348708834,0.08222514812376563,0.06938011234847738
naive,128,0.5,0.0001,1e-05,60,10000,1000.0,2.0,ga,0.24318104820942407,0.7024505928853755,0.44246580461917934,0.1795652948512382,0.06501119409362022,0.04906188281764318,0.02053151998948786
naive,256,0.0,0.001,0.0,90,5000,500.0,10.0,ga,0.2562080365905275,0.9961660079051383,0.3340683160176396,0.04657046142882594,0.08268248081622888,0.07575707702435813,0.0020038763509740154
naive,256,0.3,0.0005,0.0,60,2000,1000.0,5.0,ga,0.21987322898810643,0.9789328063241107,0.054488377307721055,0.08508818813468734,0.08510929195221574,0.10016458196181699,0.015456128248086462
naive,128,0.3,0.0005,0.0001,90,10000,500.0,2.0,ga,0.28314209084261066,0.9580632411067194,0.5045406981089767,0.04657046142882594,0.08459658537419035,0.10307768268597761,0.0020038763509740154
naive,256,0.0,0.0001,1e-05,60,10000,2000.0,2.0,ga,0.24566984014597223,0.942094861660079,0.12299125495179011,0.07944058435774096,0.11149659050125613,0.10669848584595128,0.1112972635590158
naive,64,0.0,0.0005,0.0,60,10000,1000.0,2.0,ga,0.16709807078180283,0.5574110671936758,0.10793033859032812,0.07928024229467308,0.12017842188915284,0.08877551020408163,0.049012844518905425
naive,256,0.3,0.0005,0.0,120,2000,1000.0,5.0,ga,0.21167304769999543,0.9935573122529644,0.054488377307721055,0.04657046142882594,0.08539982567976347,0.08801843317972351,0.0020038763509740154
naive,128,0.3,0.001,0.0,60,2000,1000.0,2.0,ga,0.24929929527441042,0.9873715415019763,0.31409298153823156,0.06598966684482452,0.08512638217148326,0.04121132323897301,0.0020038763509740154
naive,64,0.0,0.0001,0.0,120,10000,1000.0,2.0,ga,0.2440848014030399,0.4537351778656126,0.2403953957694895,0.21204347051487618,0.22512945841095142,0.17381500987491771,0.15939029598239216
rehearsal,64,0.0,0.001,0.0,120,5000,500.0,10.0,ga,0.8345641534246732,0.9819169960474309,0.8611817026683609,0.7716016390522002,0.7912771520858612,0.794157340355497,0.807250090338688
rehearsal,64,0.3,0.001,1e-05,60,10000,1000.0,10.0,ga,0.8832758824500409,0.9326679841897233,0.9256670902160101,0.8468733297701764,0.8706612205834601,0.8649111257406188,0.8588745442002562
rehearsal,256,0.5,0.001,1e-05,90,5000,2000.0,2.0,ga,0.8661219931246585,0.9962055335968379,0.8718327229239854,0.8285587030108676,0.8326013022747082,0.8261191573403555,0.8414145396011957
rehearsal,64,0.5,0.0001,1e-05,60,10000,500.0,10.0,ga,0.35163361471326365,0.6281027667984189,0.3452238582853726,0.27277748084803133,0.2753063421803702,0.28225806451612906,0.3061331756512598
rehearsal,128,0.3,0.0001,0.0001,60,2000,500.0,10.0,ga,0.20659714357928002,0.4543478260869565,0.390182375364377,0.07076429716729021,0.10859125322577888,0.10714285714285714,0.10855425248842022
rehearsal,256,0.0,0.001,0.0001,60,2000,1000.0,2.0,ga,0.6829219820326737,0.9882806324110672,0.7898198669556769,0.46780687689292716,0.5989438244492676,0.6205398288347597,0.6321408626523439
rehearsal,128,0.3,0.0005,0.0001,120,10000,2000.0,5.0,ga,0.9380597532537478,0.9822924901185771,0.9745683533896404,0.9318189916265811,0.9290926802590878,0.9106319947333772,0.8999540093952235
rehearsal,128,0.0,0.001,0.0,60,10000,1000.0,10.0,ga,0.9361273535710506,0.9889525691699604,0.9687196352492713,0.9264029930518439,0.9252815613624322,0.9063528637261357,0.9010544988666601
rehearsal,128,0.3,0.0005,1e-05,60,10000,500.0,10.0,ga,0.8806147753168001,0.8987944664031621,0.847578294341879,0.9002137894174238,0.8742843470681729,0.8677913100724161,0.8950264445977465
rehearsal,64,0.5,0.001,1e-05,120,10000,1000.0,10.0,ga,0.9322767818843877,0.9836561264822135,0.9711488153075716,0.9262070194192055,0.9169244441406184,0.8957867017774852,0.899937584179232
rehearsal,64,0.0,0.001,1e-05,120,10000,1000.0,2.0,ga,0.9232577570127765,0.9545652173913044,0.961618955078855,0.9224478888295029,0.9075077333242185,0.8949967083607636,0.8984100390920141
rehearsal,256,0.0,0.0005,0.0001,120,2000,2000.0,2.0,ga,0.7009999752273014,0.9942490118577075,0.7958554451005306,0.5762337430963834,0.6100011963153488,0.6162936142198815,0.6133668407739562
rehearsal,128,0.3,0.0005,0.0001,120,10000,1000.0,10.0,ga,0.9355319041529767,0.965592885375494,0.9736901113685626,0.9275432032781044,0.9265462375882283,0.9116359447004608,0.9081830426070103
rehearsal,256,0.5,0.001,1e-05,90,5000,500.0,10.0,ga,0.8760095258296722,0.9944861660079052,0.8781859630764631,0.825957598432211,0.8313195358296447,0.8680381830151416,0.8580697086166683
rehearsal,128,0.5,0.001,0.0,60,10000,500.0,10.0,ga,0.9278345699543368,0.9742292490118577,0.9629456611106959,0.9287546766435062,0.9173687898415737,0.8915898617511521,0.892119181367235
rehearsal,128,0.3,0.0001,0.0001,60,5000,500.0,10.0,ga,0.6031561514307002,0.8456324110671937,0.612153374691681,0.5448423303046499,0.5588159896091467,0.5350559578670178,0.5224368450445124
rehearsal,64,0.0,0.001,1e-05,60,10000,1000.0,10.0,ga,0.8746381138933469,0.8714229249011858,0.8040585992974064,0.8905576340637805,0.8977150376839335,0.8936306780776827,0.8904438093360928
rehearsal,256,0.5,0.0005,1e-05,60,10000,1000.0,10.0,ga,0.9349592173825209,0.9655335968379447,0.9735593093654235,0.927525387493319,0.9285457932425273,0.9093647136273865,0.905226503728524
rehearsal,256,0.3,0.0005,0.0001,90,5000,1000.0,10.0,ga,0.8729376247274997,0.9839920948616601,0.9535652888855669,0.8433636201674684,0.8274229658366516,0.8109282422646478,0.818353536349003
rehearsal,128,0.0,0.001,0.0,60,10000,1000.0,10.0,ga,0.9339830723395711,0.9723320158102767,0.9678040212272965,0.932139675752717,0.9257600875019226,0.9059743252139566,0.8998883085312572
ewc,64,0.3,0.0005,0.0,90,5000,1000.0,10.0,ga,0.17448589976716214,0.5514624505928853,0.25853950220494804,0.1319615179048637,0.04951036521798575,0.04420671494404213,0.011234847738247757
ewc,256,0.5,0.001,1e-05,90,5000,500.0,10.0,ga,0.24953615003467902,0.9951185770750988,0.331228043949473,0.04657046142882594,0.0853143745834259,0.0369815668202765,0.0020038763509740154
ewc,256,0.3,0.001,0.0001,90,10000,1000.0,10.0,ga,0.22662543529520407,0.9960869565217392,0.23734957769638987,0.04657046142882594,0.04076017295301899,0.0369815668202765,0.0020038763509740154
ewc,256,0.5,0.0001,0.0,120,10000,2000.0,10.0,ga,0.22586866809945036,0.9492885375494071,0.05777711338665072,0.07628719045073935,0.09237263514090886,0.11884463462804476,0.060641897440951345
ewc,256,0.0,0.0005,0.0001,60,5000,2000.0,10.0,ga,0.2220284125245701,0.9783201581027668,0.054488377307721055,0.056654195617316945,0.11711927264026797,0.12358459512837393,0.0020038763509740154
ewc,64,0.3,0.001,0.0001,60,10000,2000.0,10.0,ga,0.3492996014735028,0.9602371541501976,0.8097391434337394,0.1750579013005523,0.08394715704202485,0.06481237656352863,0.0020038763509740154
ewc,64,0.0,0.001,1e-05,120,5000,1000.0,2.0,ga,0.1822689897212705,0.8589130434782609,0.054525749308617984,0.04657046142882594,0.05832891836002256,0.07327188940092166,0.0020038763509740154
ewc,256,0.0,0.001,0.0,90,2000,500.0,2.0,ga,0.21262031338428775,0.9969367588932806,0.054488377307721055,0.04657046142882594,0.08539982567976347,0.09032258064516129,0.0020038763509740154
ewc,64,0.5,0.001,1e-05,60,10000,2000.0,5.0,ga,0.18017468304900974,0.7856719367588932,0.054488377307721055,0.05282380188847319,0.09415001794473023,0.08745885450954576,0.006455109884694984
ewc,256,0.5,0.001,0.0,90,5000,500.0,2.0,ga,0.2501680103707367,0.9962845849802372,0.31015023544360565,0.04657046142882594,0.08539982567976347,0.06059907834101382,0.0020038763509740154
ewc,64,0.3,0.0005,0.0001,90,5000,1000.0,10.0,ga,0.3318256438086411,0.9640909090909091,0.8596120786306899,0.0990913949759487,0.0407772631722865,0.025279789335088874,0.002102427646923557
ewc,64,0.0,0.001,0.0,90,5000,500.0,10.0,ga,0.21190806580367846,0.8771936758893281,0.05473129531355109,0.07628719045073935,0.11713636285953549,0.1381336405529954,0.00796622975592129
ewc,64,0.0,0.001,1e-05,60,5000,500.0,10.0,ga,0.3666964786223177,0.9350790513833992,0.70875999701024,0.25182611794049525,0.10823235862116111,0.13115536537195524,0.0651259814066555
ewc,64,0.3,0.0001,0.0,120,5000,2000.0,10.0,ga,0.3030359706768068,0.4557114624505929,0.33403094401674266,0.27511134865490827,0.26177088852049973,0.24634628044766294,0.2452448999704346
ewc,64,0.3,0.0005,0.0001,60,10000,500.0,5.0,ga,0.3684405477719443,0.73800395256917,0.7516817400403618,0.4117049706039551,0.2344265376924786,0.061981566820276494,0.012844518905423607
ewc,256,0.3,0.001,0.0,120,2000,500.0,10.0,ga,0.2167855154904403,0.9986166007905138,0.054525749308617984,0.04657046142882594,0.08485293866320305,0.0760862409479921,0.040061101803488715
ewc,256,0.0,0.001,0.0,60,5000,500.0,10.0,ga,0.22591954334429287,0.9907114624505929,0.1851969504447268,0.05332264386246214,0.0851776528292858,0.0391046741277156,0.0020038763509740154
ewc,64,0.0,0.001,1e-05,60,10000,2000.0,10.0,ga,0.20085336093148462,0.9761857707509881,0.045743329097839895,0.055496169606271156,0.1027976688940919,0.022893350888742593,0.0020038763509740154
ewc,256,0.3,0.0001,1e-05,90,5000,500.0,10.0,ga,0.510795062701767,0.975098814229249,0.9231818521563645,0.3322287546766435,0.2469878488541008,0.27345292955892037,0.3138201767353241
ewc,64,0.0,0.001,0.0001,90,5000,2000.0,10.0,ga,0.29641824331178424,0.9931422924901185,0.5017004260408102,0.08396579369321219,0.09972142942593953,0.09797564186965109,0.0020038763509740154
si,128,0.3,0.0001,0.0,90,2000,2000.0,2.0,ga,0.3876607387522264,0.7528260869565218,0.6255325510127813,0.38822376625690364,0.22453130073658845,0.19165569453587886,0.14319503301468414
si,256,0.5,0.0001,1e-05,120,5000,500.0,5.0,ga,0.23035367329450843,0.9710474308300395,0.16654832199715972,0.047354355959380014,0.08152034590603797,0.07458854509545754,0.04106303997897572
si,64,0.0,0.0005,1e-05,120,10000,2000.0,2.0,ga,0.27854635992360227,0.9593083003952569,0.4183982360415577,0.04657046142882594,0.08292174388597405,0.10232060566161949,0.06175881212837949
si,128,0.5,0.0001,1e-05,90,5000,1000.0,5.0,ga,0.4199162387933533,0.5496245059288537,0.5277673966664175,0.42939604489577765,0.3682600447763745,0.33090849242922976,0.31354094806346705
si,128,0.0,0.0001,0.0001,120,5000,500.0,10.0,ga,0.3178418971021925,0.6228656126482214,0.5836759100082218,0.40165686798503475,0.11752943790268829,0.09295589203423305,0.08836766203475575
si,256,0.0,0.001,0.0,60,10000,2000.0,2.0,ga,0.2792553868581275,0.9916798418972332,0.21290828910979895,0.2726527703545341,0.0853143745834259,0.07597103357472021,0.03700601162905292
si,256,0.5,0.001,0.0001,120,10000,500.0,2.0,ga,0.19657106681741585,0.9986561264822135,0.054488377307721055,0.04657046142882594,0.04072599251448396,0.0369815668202765,0.0020038763509740154
si,64,0.3,0.0005,1e-05,120,2000,2000.0,2.0,ga,0.15923089279061212,0.585197628458498,0.11041557664997384,0.07630500623552468,0.08292174388597405,0.060697827518104014,0.03984757399559804
si,64,0.5,0.0001,1e-05,90,5000,1000.0,10.0,ga,0.13956038724817116,0.5644071146245059,0.054488377307721055,0.05581685373240691,0.05485960384871738,0.0532258064516129,0.05456456752406294
si,64,0.0,0.0005,1e-05,120,10000,2000.0,2.0,ga,0.3485916992020672,0.8783201581027668,0.8675162568203901,0.13705683235346516,0.11688000957052279,0.08658657011191573,0.005190368253342532
si,256,0.5,0.0001,1e-05,90,5000,1000.0,2.0,ga,0.36848781548566767,0.8428063241106719,0.7904738769713731,0.43864243719935864,0.04598978004887803,0.04842001316655695,0.044594461417167636
si,64,0.0,0.0005,1e-05,120,5000,1000.0,5.0,ga,0.23996549761678346,0.9712648221343874,0.2665184243964422,0.046962408694102974,0.08049493274998719,0.06474654377880185,0.009805853946979403
si,64,0.5,0.0001,1e-05,120,10000,1000.0,5.0,ga,0.23580523795564912,0.6023122529644269,0.6145451827490844,0.04646356672011402,0.043733871105566285,0.05452600394996708,0.05325055024473572
si,128,0.0,0.0005,1e-05,90,5000,2000.0,5.0,ga,0.24593656246984855,0.9741304347826087,0.1592420958218103,0.0844290040976305,0.08539982567976347,0.13240618828176431,0.04001182615551394
si,64,0.0,0.0005,1e-05,90,5000,1000.0,2.0,ga,0.34225663594227673,0.7576284584980237,0.4142125719411017,0.33279885978977375,0.1942987028523576,0.21173469387755103,0.14286652869485233
si,128,0.3,0.0001,0.0,90,10000,2000.0,2.0,ga,0.4419152798661304,0.5519762845849803,0.521825248523806,0.4632638517726706,0.454360569446106,0.3780447662936142,0.2820209585756053
si,256,0.5,0.0001,1e-05,90,5000,1000.0,5.0,ga,0.2746422403394755,0.9562450592885375,0.30572165333731965,0.08355603064314983,0.11537607027498163,0.12435813034891376,0.06259649814395059
si,128,0.5,0.0001,1e-05,120,10000,1000.0,5.0,ga,0.21241923637042912,0.5532608695652174,0.43114208834741014,0.04657046142882594,0.08131526327482781,0.0794107965766952,0.08281593902959825
si,64,0.0,0.0005,1e-05,120,5000,2000.0,5.0,ga,0.21817006495507285,0.9354150197628458,0.15507511772180282,0.04657046142882594,0.06648095295062635,0.0554312047399605,0.05004763312637561
si,128,0.5,0.0001,1e-05,120,5000,1000.0,5.0,ga,0.30067630279814656,0.7539130434782608,0.6843560804245459,0.11549973276322822,0.0581238357288124,0.06063199473337722,0.13153312966065503
gen_replay,128,0.3,0.001,0.0,90,2000,1000.0,2.0,ga,0.6566119468798021,0.9886956521739131,0.7823267807758427,0.5976305006235525,0.5817852443046845,0.4878209348255431,0.5014125685752767
gen_replay,128,0.3,0.0005,1e-05,90,2000,1000.0,10.0,ga,0.6122243626474227,0.9833596837944664,0.6859070184617685,0.5578656689827187,0.5397433049066019,0.4978439763001975,0.4086265234387832
gen_replay,64,0.3,0.001,1e-05,120,10000,1000.0,10.0,ga,0.908943313566663,0.9736561264822134,0.9670378952089095,0.8817388205950472,0.8773947669748603,0.8591507570770244,0.8946815150619231
gen_replay,128,0.3,0.0005,1e-05,120,5000,500.0,10.0,ga,0.8252911888716042,0.9714426877470356,0.8383287241198893,0.759718510600392,0.7884401756874541,0.7931863067807768,0.8006307282940771
gen_replay,64,0.0,0.0001,1e-05,60,5000,1000.0,2.0,ga,0.3170317394123927,0.40792490118577074,0.3731220569549294,0.4148405487261714,0.245330097585152,0.22908163265306122,0.23189119936927172
gen_replay,128,0.3,0.001,1e-05,60,10000,500.0,5.0,ga,0.9261159855514807,0.9812450592885376,0.966010165184244,0.9014430785676109,0.9204621195289936,0.8994733377221856,0.8880621530173122
gen_replay,64,0.0,0.001,0.0001,60,5000,2000.0,10.0,ga,0.7653757766444128,0.9332411067193676,0.8704686448912474,0.7606805629787993,0.680310358381898,0.6621461487820934,0.6854078381130712
gen_replay,128,0.5,0.001,1e-05,60,5000,500.0,5.0,ga,0.8309708314517149,0.9694664031620553,0.8268928918454294,0.8040798147158382,0.7850563122724864,0.7972514812376563,0.803078085476824
gen_replay,128,0.5,0.0005,0.0001,60,5000,500.0,10.0,ga,0.8378255468157246,0.9787154150197629,0.940279542566709,0.8288793871370034,0.7758446840872968,0.7369486504279131,0.7662856016556617
gen_replay,128,0.0,0.001,1e-05,60,5000,500.0,5.0,ga,0.8737685417094966,0.9723715415019762,0.9552657149263771,0.8732763228220203,0.8201596226479586,0.807208689927584,0.8143293584310634
gen_replay,128,0.3,0.0005,1e-05,120,5000,500.0,10.0,ga,0.8531443007722247,0.9873517786561264,0.9017116376410793,0.8106003919472653,0.8109309042435014,0.8013166556945359,0.8069544364508393
gen_replay,64,0.3,0.001,1e-05,120,5000,1000.0,2.0,ga,0.8339283591253291,0.941798418972332,0.8440279542566709,0.7978086584714057,0.8037530121511459,0.7901579986833444,0.8260241122170756
gen_replay,128,0.5,0.001,1e-05,90,5000,500.0,10.0,ga,0.8582972252764681,0.9802766798418973,0.9046079677105913,0.8168181008373419,0.8128620990207305,0.8145325872284398,0.8206859170198089
gen_replay,64,0.0,0.001,0.0001,120,5000,1000.0,10.0,ga,0.8700919022563486,0.9708498023715415,0.9663651991927648,0.8040619989310529,0.8069147027156358,0.8164252797893351,0.8559344305377615
gen_replay,128,0.0,0.001,1e-05,60,5000,2000.0,5.0,ga,0.8512209179707785,0.9862450592885376,0.8935458554451006,0.8231070728665598,0.8104181976654761,0.7907834101382488,0.8032259124207484
gen_replay,256,0.3,0.001,1e-05,60,5000,2000.0,5.0,ga,0.8600939835884657,0.9912450592885376,0.9111293818671051,0.8097274184927846,0.8128450088014629,0.7921000658327847,0.8435169672481193
gen_replay,64,0.0,0.001,0.0001,120,2000,1000.0,10.0,ga,0.6272992108546401,0.9858893280632411,0.8043949473054788,0.49743452699091395,0.4606155896980158,0.535154707044108,0.4803061660260832
gen_replay,64,0.5,0.001,1e-05,120,5000,500.0,10.0,ga,0.8564721752127212,0.982905138339921,0.8973951715374842,0.8252093354712275,0.8268589886008237,0.801366030283081,0.8050983870437897
gen_replay,64,0.3,0.001,1e-05,120,5000,2000.0,10.0,ga,0.8259666553096304,0.9667786561264822,0.8112153374691681,0.7877071084981293,0.7942166697998735,0.7909644502962475,0.8049177096678821
gen_replay,64,0.0,0.001,0.0,120,10000,1000.0,10.0,ga,0.9224273775119655,0.9699209486166008,0.9531728828761492,0.9179583110636024,0.9075248235434861,0.8973666886109283,0.8886206103610262
